Restaurant ID,Restaurant Name,Country Code,City,Cuisines,Average Cost for two,Currency,Has Table booking,Has Online delivery,Aggregate rating,Votes
6317637,Le Petit Souffle,162,Makati City,"French, Japanese, Desserts",1100,Botswana Pula(P),Yes,No,4.8,314
6304287,Izakaya Kikufuji,162,Makati City,Japanese,1200,Botswana Pula(P),Yes,No,4.5,591
6300002,Heat - Edsa Shangri-La,162,Mandaluyong City,"Seafood, Asian, Filipino, Indian",4000,Botswana Pula(P),Yes,No,4.4,270
6318506,Ooma,162,Mandaluyong City,"Japanese, Sushi",1500,Botswana Pula(P),No,No,4.9,365
6314302,Sambo Kojin,162,Mandaluyong City,"Japanese, Korean",1500,Botswana Pula(P),Yes,No,4.8,229
18189371,Din Tai Fung,162,Mandaluyong City,Chinese,1000,Botswana Pula(P),No,No,4.4,336
6300781,Buffet 101,162,Pasay City,"Asian, European",2000,Botswana Pula(P),Yes,No,4.0,520
6301290,Vikings,162,Pasay City,"Seafood, Filipino, Asian, European",2000,Botswana Pula(P),Yes,No,4.2,677
6300010,Spiral - Sofitel Philippine Plaza Manila,162,Pasay City,"European, Asian, Indian",6000,Botswana Pula(P),Yes,No,4.9,621
6314987,Locavore,162,Pasig City,Filipino,1100,Botswana Pula(P),Yes,No,4.8,532
6309903,Silantro Fil-Mex,162,Pasig City,"Filipino, Mexican",800,Botswana Pula(P),No,No,4.9,1070
6309455,Mad Mark's Creamery & Good Eats,162,Pasig City,"American, Ice Cream, Desserts",900,Botswana Pula(P),Yes,No,4.2,488
6318433,Silantro Fil-Mex,162,Quezon City,"Filipino, Mexican",800,Botswana Pula(P),No,No,4.8,294
6310470,Guevarra's,162,San Juan City,Filipino,1000,Botswana Pula(P),Yes,No,4.2,458
6314605,Sodam Korean Restaurant,162,San Juan City,Korean,700,Botswana Pula(P),No,No,4.3,223
18185059,Cafe Arabelle,162,Santa Rosa,"Cafe, American, Italian, Filipino",800,Botswana Pula(P),No,No,3.6,29
18182702,Nonna's Pasta & Pizzeria,162,Santa Rosa,"Italian, Pizza",850,Botswana Pula(P),No,No,4.0,72
6318213,Balay Dako,162,Tagaytay City,Filipino,1200,Botswana Pula(P),Yes,No,4.5,211
18255654,Hobing Korean Dessert Cafe,162,Taguig City,"Cafe, Korean, Desserts",600,Botswana Pula(P),No,No,4.5,118
6308205,Wildflour Cafe + Bakery,162,Taguig City,"Cafe, Bakery, American, Italian",1500,Botswana Pula(P),Yes,No,4.4,392
6315438,NIU by Vikings,162,Taguig City,"Seafood, American, Mediterranean, Japanese",3000,Botswana Pula(P),Yes,No,4.7,535
6310406,The Food Hall by Todd English,162,Taguig City,"American, Asian, Italian, Seafood",1800,Botswana Pula(P),Yes,No,4.5,618
6600681,Chez Michou,30,Bras?lia,"Fast Food, French",55,Brazilian Real(R$),No,No,3.0,6
6601005,Caf? Daniel Briand,30,Bras?lia,Cafe,30,Brazilian Real(R$),No,No,3.8,9
6600292,Casa do Biscoito Mineiro,30,Bras?lia,Bakery,45,Brazilian Real(R$),No,No,3.7,11
6600441,Maori,30,Bras?lia,Brazilian,60,Brazilian Real(R$),No,No,3.8,11
6600970,Pizza ? Bessa,30,Bras?lia,Pizza,50,Brazilian Real(R$),No,No,3.2,11
6600379,Sushi Loko,30,Bras?lia,Japanese,80,Brazilian Real(R$),No,No,3.1,10
6600214,Beirute,30,Bras?lia,Arabian,90,Brazilian Real(R$),No,No,3.7,8
6601218,New Koto,30,Bras?lia,Japanese,200,Brazilian Real(R$),No,No,3.7,5
6600060,Sandubas Caf?,30,Bras?lia,"Brazilian, Cafe",30,Brazilian Real(R$),No,No,0.0,2
6600083,Villa Tevere,30,Bras?lia,Italian,150,Brazilian Real(R$),No,No,4.1,12
6601515,Rovereto,30,Bras?lia,Pizza,100,Brazilian Real(R$),No,No,3.1,9
6601361,Buena Carne,30,Bras?lia,"Bar Food, Brazilian",60,Brazilian Real(R$),No,No,3.6,9
6601602,Taco Pep,30,Bras?lia,"Mexican, Grill",100,Brazilian Real(R$),No,No,4.3,29
6601589,Coco Bambu,30,Bras?lia,International,230,Brazilian Real(R$),No,No,4.2,17
6601862,Tayp?,30,Bras?lia,"Peruvian, Latin American",100,Brazilian Real(R$),No,No,3.6,5
6601595,Outback Steakhouse,30,Bras?lia,"American, Grill",150,Brazilian Real(R$),No,No,4.0,10
6601158,Manzu?,30,Bras?lia,Seafood,240,Brazilian Real(R$),No,No,3.2,6
6600427,Coco Bambu,30,Bras?lia,International,230,Brazilian Real(R$),No,No,4.9,30
6600116,Gero,30,Bras?lia,Italian,350,Brazilian Real(R$),No,No,3.3,8
6601457,Brazilian American Burgers,30,Bras?lia,"American, Burger",50,Brazilian Real(R$),No,No,3.6,9
7303219,Pesqueiro Eco Gourmet,30,Rio de Janeiro,"Seafood, Bar Food, Brazilian",140,Brazilian Real(R$),No,No,4.0,7
7304307,Confeitaria Colombo,30,Rio de Janeiro,"Desserts, Cafe",100,Brazilian Real(R$),No,No,4.8,29
7301215,Bibi,30,Rio de Janeiro,"Juices, Healthy Food",60,Brazilian Real(R$),No,No,4.7,24
7300596,Cervantes,30,Rio de Janeiro,"Beverages, Bar Food, Fast Food",90,Brazilian Real(R$),No,No,4.5,29
7300612,Amir,30,Rio de Janeiro,Lebanese,170,Brazilian Real(R$),No,No,4.2,11
7300704,TT Burger,30,Rio de Janeiro,Burger,60,Brazilian Real(R$),No,No,4.8,19
7300955,Braseiro da G?vea,30,Rio de Janeiro,"Brazilian, Bar Food",100,Brazilian Real(R$),No,No,4.9,40
7300521,Balada Mix,30,Rio de Janeiro,"Brazilian, Healthy Food, Juices, Pizza",90,Brazilian Real(R$),No,No,4.6,21
7300515,Garota de Ipanema,30,Rio de Janeiro,"Brazilian, Bar Food",120,Brazilian Real(R$),No,No,4.9,49
7300483,Zaz? Bistr? Tropical,30,Rio de Janeiro,Brazilian,170,Brazilian Real(R$),No,No,4.6,21
7301064,Fil? de Ouro,30,Rio de Janeiro,Brazilian,90,Brazilian Real(R$),No,No,4.3,14
7304312,D.O.C Ristorante,30,Rio de Janeiro,Italian,150,Brazilian Real(R$),No,No,4.0,5
7300004,Sushi Leblon,30,Rio de Janeiro,Japanese,250,Brazilian Real(R$),No,No,4.6,25
7300868,Talho Capixaba,30,Rio de Janeiro,"Bakery, Sandwich, Brazilian",120,Brazilian Real(R$),No,No,4.4,13
7302637,Leme Light,30,Rio de Janeiro,Brazilian,40,Brazilian Real(R$),No,No,4.2,7
7302140,Shirley,30,Rio de Janeiro,"Brazilian, Seafood",250,Brazilian Real(R$),No,No,4.2,8
7305048,Quiosque Chopp Brahma,30,Rio de Janeiro,"Bar Food, Brazilian",70,Brazilian Real(R$),No,No,0.0,1
7302898,Apraz?vel,30,Rio de Janeiro,Brazilian,300,Brazilian Real(R$),No,No,4.7,44
7302859,Aconchego Carioca,30,Rio de Janeiro,"Brazilian, Bar Food",85,Brazilian Real(R$),No,No,4.6,24
7301700,Garota de Ipanema,30,Rio de Janeiro,"Brazilian, Bar Food",80,Brazilian Real(R$),No,No,4.3,10
6706313,Cantina Famiglia Mancini,30,S?o Paulo,"Italian, Pizza",250,Brazilian Real(R$),No,No,4.5,49
6704326,Templo da Carne - Marcos Bassi,30,S?o Paulo,"Steak, BBQ",250,Brazilian Real(R$),No,No,4.4,17
6711179,Gopala Hari,30,S?o Paulo,Indian,70,Brazilian Real(R$),No,No,3.1,5
6702797,Jiquitaia,30,S?o Paulo,Brazilian,100,Brazilian Real(R$),No,No,4.1,15
6700475,Skye - Hotel Unique,30,S?o Paulo,"Beverages, International",300,Brazilian Real(R$),No,No,4.8,59
6713413,Les 3 Brasseurs,30,S?o Paulo,"French, Brazilian, Beverages",120,Brazilian Real(R$),No,No,4.6,30
6714340,Red Steak & Burger,30,S?o Paulo,"Brazilian, Grill",75,Brazilian Real(R$),No,No,3.9,5
6710645,Cantinho da Gula,30,S?o Paulo,Brazilian,55,Brazilian Real(R$),No,No,0.0,0
6700402,Paris 6 Classique,30,S?o Paulo,French,200,Brazilian Real(R$),No,No,3.4,73
6700846,Kawa Sushi,30,S?o Paulo,"Sushi, Japanese",120,Brazilian Real(R$),No,No,3.5,9
6702159,A Figueira Rubaiyat,30,S?o Paulo,"BBQ, Grill, Brazilian",300,Brazilian Real(R$),No,No,4.3,39
6711666,Kinoshita,30,S?o Paulo,Sushi,230,Brazilian Real(R$),No,No,3.9,12
6701257,Meats,30,S?o Paulo,"Gourmet Fast Food, Burger",120,Brazilian Real(R$),No,No,4.3,68
6706211,Paribar,30,S?o Paulo,"Brazilian, Italian",150,Brazilian Real(R$),No,No,4.3,46
6705858,Terra?o It?lia,30,S?o Paulo,Italian,400,Brazilian Real(R$),No,No,4.4,37
6701419,Divino Fog?o,30,S?o Paulo,"Brazilian, Mineira",65,Brazilian Real(R$),No,No,0.0,2
6703956,Super Grill,30,S?o Paulo,Brazilian,50,Brazilian Real(R$),No,No,0.0,2
6709580,Esquina Mocot?,30,S?o Paulo,"Brazilian, North Eastern",100,Brazilian Real(R$),No,No,4.4,22
6703176,Veloso,30,S?o Paulo,"Brazilian, Bar Food, Beverages",70,Brazilian Real(R$),No,No,4.6,58
6713772,Sainte Marie Gastronomia,30,S?o Paulo,"Lebanese, Arabian",120,Brazilian Real(R$),No,No,4.1,11
17284404,Austin's BBQ and Oyster Bar,216,Albany,"BBQ, Burger, Seafood",25,Dollar($),No,No,3.3,35
17284203,BJ's Country Buffet,216,Albany,"American, BBQ",10,Dollar($),No,No,3.3,25
17284105,Cookie Shoppe,216,Albany,,0,Dollar($),No,No,3.4,34
17284302,El Vaquero Mexican Restaurant,216,Albany,Mexican,0,Dollar($),No,No,3.4,45
17284397,Elements Coffee Co - Northwest,216,Albany,"Coffee and Tea, Sandwich",10,Dollar($),No,No,3.4,26
17284211,Pearly's Famous Country Cookng,216,Albany,,0,Dollar($),No,No,3.4,36
17284094,Chick-fil-A,216,Albany,Fast Food,10,Dollar($),No,No,3.5,67
17284409,Guang Zhou Chinese Restaurant,216,Albany,"Asian, Chinese, Vegetarian",10,Dollar($),No,No,3.9,141
17284139,Harvest Moon,216,Albany,"Pizza, Bar Food, Sandwich",25,Dollar($),No,No,3.7,147
17284403,Henry Campbell's Steakhouse,216,Albany,"Steak, Tapas, Bar Food",70,Dollar($),No,No,3.5,51
17284145,Hong Kong Cafe,216,Albany,"Chinese, Seafood, Vegetarian",25,Dollar($),No,No,3.6,88
17284150,House of China Restaurant II,216,Albany,Chinese,10,Dollar($),No,No,3.8,153
17284158,Jimmie's Hot Dogs,216,Albany,,10,Dollar($),No,No,3.9,160
17284175,Locos Grill & Pub,216,Albany,"American, Burger, Sandwich",25,Dollar($),No,No,3.5,57
17284179,Longhorn Steakhouse,216,Albany,"American, Steak",25,Dollar($),No,No,3.5,58
17284197,Mikata Japanese Steakhouse,216,Albany,"Japanese, Steak, Sushi",40,Dollar($),No,No,3.6,115
17284241,Shogun Japanese Steak House,216,Albany,"Japanese, Steak, Sushi",40,Dollar($),No,No,3.5,51
17284390,The Catch Seafood Room & Oyster Bar,216,Albany,"Seafood, Tapas, Bar Food",40,Dollar($),No,No,3.8,250
17284279,Villa Gargano,216,Albany,"Italian, Pizza",10,Dollar($),No,No,3.7,117
17284364,3 Squares Diner,216,Albany,"American, Breakfast, Diner",10,Dollar($),No,No,3.4,20
16611114,Whitebull Hotel,14,Armidale,"Bar Food, Steak",20,Dollar($),No,No,3.5,25
17293281,Last Resort Grill,216,Athens,"American, Southern, Southwestern",40,Dollar($),No,No,4.5,1821
17293301,Mama's Boy Restaurant,216,Athens,Southern,10,Dollar($),No,No,4.5,849
17293409,Sr. Sol 1,216,Athens,Mexican,10,Dollar($),No,No,4.6,917
17293163,Choo Choo Eastside,216,Athens,"Japanese, Korean",10,Dollar($),No,No,3.9,439
17293228,The Grill,216,Athens,"Breakfast, Burger, Sandwich",10,Dollar($),No,No,3.7,289
17293880,Big City Bread Cafe,216,Athens,"Breakfast, Sandwich",10,Dollar($),No,No,4.3,558
17293169,Clocked,216,Athens,"American, Burger, Sandwich",10,Dollar($),No,No,4.2,613
17293186,DePalma's Italian Cafe - Downtown,216,Athens,"American, Italian, Pizza",25,Dollar($),No,No,4.0,353
17293180,DePalma's Italian Cafe - East Side,216,Athens,"American, Italian, Pizza",25,Dollar($),No,No,4.1,387
17293205,Five & Ten,216,Athens,American,40,Dollar($),No,No,4.3,755
17293229,Grit,216,Athens,"International, Southern, Vegetarian",10,Dollar($),No,No,4.2,800
17293897,Ike & Jane,216,Athens,Sandwich,10,Dollar($),No,No,4.1,350
17293273,La Dolce Vita Ristorante,216,Athens,Italian,40,Dollar($),No,No,4.1,464
17293870,Shokitini,216,Athens,"Asian, Japanese, Sushi",25,Dollar($),No,No,4.2,550
17293877,Taqueria Del Sol,216,Athens,"Mexican, Spanish",10,Dollar($),No,No,4.1,543
17293890,The National,216,Athens,"International, Southern",40,Dollar($),No,No,4.1,465
17293915,The Royal Peasant,216,Athens,Bar Food,10,Dollar($),No,No,4.4,546
17293422,Transmetropolitan,216,Athens,"Italian, Pizza, Sandwich",10,Dollar($),No,No,4.4,1098
17293873,Trappeze Pub,216,Athens,"Burger, Bar Food",25,Dollar($),No,No,4.2,579
17294014,Viva! Argentine Cuisine,216,Athens,"Desserts, Latin American, Argentine",10,Dollar($),No,No,4.1,374
17294556,Miyabi Kyoto Japanese Steak House,216,Augusta,"Chinese, Steak",40,Dollar($),No,No,4.6,717
17294607,Rae's Coastal Cafe,216,Augusta,"American, Caribbean, Seafood",40,Dollar($),No,No,4.9,548
17294279,The Bee's Knees,216,Augusta,"International, Tapas, Vegetarian",25,Dollar($),No,No,4.5,631
17294300,Boll Weevil Cafe,216,Augusta,"Desserts, Sandwich, Southern",10,Dollar($),No,No,3.9,372
17295215,Farmhaus Burger,216,Augusta,"American, Burger",25,Dollar($),No,No,3.9,201
17295028,Manuel's Bread Cafe,216,Augusta,"Breakfast, French",40,Dollar($),No,No,3.8,332
17294642,Sconyers Bar B Que,216,Augusta,BBQ,25,Dollar($),No,No,3.5,304
17295109,Frog Hollow Tavern,216,Augusta,American,40,Dollar($),No,No,4.3,368
17294441,Giuseppe's Pizza & Italian Specialities,216,Augusta,"Desserts, Italian, Pizza",25,Dollar($),No,No,4.1,430
17294552,Mellow Mushroom,216,Augusta,"Italian, Pizza, Sandwich",25,Dollar($),No,No,4.4,433
17294565,Nacho Mamas Burritos,216,Augusta,Mexican,10,Dollar($),No,No,4.0,380
17294623,Rhinehart's Oyster Bar,216,Augusta,"Bar Food, Sandwich, Seafood",25,Dollar($),No,No,4.0,456
17294712,Takosushi,216,Augusta,"Mexican, Southwestern, Sushi",40,Dollar($),No,No,4.2,647
17295033,The Chop House,216,Augusta,Steak,40,Dollar($),No,No,4.0,360
17295069,The Taj of India,216,Augusta,Indian,25,Dollar($),No,No,4.0,227
17294261,Augsburg Haus,216,Augusta,German,25,Dollar($),No,No,3.9,290
17295115,Pho Bac,216,Augusta,Vietnamese,10,Dollar($),No,No,4.1,270
17294836,Rhinehart's Oyster Bar,216,Augusta,"Burger, Seafood",25,Dollar($),No,No,4.0,326
17294850,Thai Kitchen,216,Augusta,Thai,35,Dollar($),No,No,4.3,317
17294883,El Kiosco Mexican Restaurant,216,Augusta,Mexican,10,Dollar($),No,No,4.2,300
16608864,Taste of Balingup,14,Balingup,Modern Australian,20,Dollar($),No,No,3.2,21
16604911,Bridge Road Brewers,14,Beechworth,"Pizza, Bar Food",20,Dollar($),No,No,4.6,237
17303465,Bardenay,216,Boise,"American, Bar Food",25,Dollar($),No,No,4.5,879
17303642,Flatbread Neapolitan Pizzeria,216,Boise,"Italian, Pizza",25,Dollar($),No,No,4.6,615
17303670,Goldy's Breakfast Bistro,216,Boise,"Breakfast, Sandwich",25,Dollar($),No,No,4.5,879
17303545,Chandlers Steakhouse,216,Boise,"American, Seafood, Steak",70,Dollar($),No,No,3.9,379
17303655,Bar Gernika Basque Pub & Eatery,216,Boise,"European, Spanish",10,Dollar($),No,No,4.3,303
17304691,Barbacoa Restaurant,216,Boise,"Latin American, Steak",70,Dollar($),No,No,4.1,538
17303478,Big Jud's,216,Boise,"American, Burger, Sandwich",10,Dollar($),No,No,4.2,334
17303480,Bittercreek Ale House,216,Boise,"American, Bar Food",25,Dollar($),No,No,4.3,555
17304733,Boise Fry Company,216,Boise,"American, Burger",10,Dollar($),No,No,4.4,823
17303646,Flying Pie Pizzaria,216,Boise,Pizza,25,Dollar($),No,No,4.1,550
17304929,Fork,216,Boise,"American, Burger",25,Dollar($),No,No,4.4,650
17303684,Guido's Original New York Style Pizza,216,Boise,Pizza,10,Dollar($),No,No,4.3,410
17303772,Los Beto's,216,Boise,Mexican,10,Dollar($),No,No,4.4,660
17305123,Lucianos Italian Restaurant,216,Boise,"Italian, Seafood, Vegetarian",25,Dollar($),No,No,4.4,360
17303787,Mai Thai Restaurant,216,Boise,"Sushi, Thai",40,Dollar($),No,No,4.0,340
17303990,Shige Japanese Cuisine,216,Boise,"Japanese, Sushi, Teriyaki",25,Dollar($),No,No,4.1,393
17304741,The Egg Factory,216,Boise,Breakfast,10,Dollar($),No,No,4.3,422
17304726,Tucanos,216,Boise,Brazilian,40,Dollar($),No,No,4.0,435
17304486,Texas Roadhouse,216,Boise,"American, BBQ, Steak",25,Dollar($),No,No,4.0,369
17304533,Brick 29,216,Boise,American,40,Dollar($),No,No,4.4,487
17316233,Winifreds,216,Cedar Rapids/Iowa City,"American, Mediterranean, Seafood",40,Dollar($),No,No,3.7,98
17315883,Biaggi's Ristorante Italiano,216,Cedar Rapids/Iowa City,"Italian, Pizza",40,Dollar($),No,No,4.1,365
17315995,El Super Burrito,216,Cedar Rapids/Iowa City,Mexican,10,Dollar($),No,No,4.1,190
17316018,Granite City Food & Brewery,216,Cedar Rapids/Iowa City,"American, Breakfast, Burger",40,Dollar($),No,No,4.1,429
17316038,Irish Democrat,216,Cedar Rapids/Iowa City,"American, BBQ, Burger",25,Dollar($),No,No,4.4,430
17316771,Taste of India,216,Cedar Rapids/Iowa City,Indian,25,Dollar($),No,No,4.2,186
17316201,Thai Moon Restaurant,216,Cedar Rapids/Iowa City,"Chinese, Sushi, Thai",10,Dollar($),No,No,4.2,220
17316208,Ting's Red Lantern,216,Cedar Rapids/Iowa City,Chinese,10,Dollar($),No,No,4.2,347
17316389,Monica's,216,Cedar Rapids/Iowa City,"American, Italian, Pizza",25,Dollar($),No,No,3.8,161
17316278,Exotic India,216,Cedar Rapids/Iowa City,Indian,25,Dollar($),No,No,4.1,160
17316744,Shorts Burger and Shine,216,Cedar Rapids/Iowa City,Burger,10,Dollar($),No,No,4.9,820
17316751,The Hamburg Inn No. 2 Inc.,216,Cedar Rapids/Iowa City,"American, Breakfast, Burger",10,Dollar($),No,No,4.5,488
17316766,Bluebird Diner,216,Cedar Rapids/Iowa City,"Breakfast, Diner",25,Dollar($),No,No,3.6,253
17316743,Graze,216,Cedar Rapids/Iowa City,"American, International, Sushi",40,Dollar($),No,No,3.8,220
17316374,A & A Pagliai's Pizza,216,Cedar Rapids/Iowa City,Pizza,25,Dollar($),No,No,4.3,485
17316381,Atlas World Grill,216,Cedar Rapids/Iowa City,International,40,Dollar($),No,No,4.3,428
17316802,BlackStone,216,Cedar Rapids/Iowa City,"American, Breakfast",25,Dollar($),No,No,4.1,294
17316416,Devotay,216,Cedar Rapids/Iowa City,"Mediterranean, Tapas, Vegetarian",40,Dollar($),No,No,4.0,380
17316449,Jimmy Jack's Rib Shack,216,Cedar Rapids/Iowa City,BBQ,25,Dollar($),No,No,4.2,259
17316603,Zoeys Pizzeria,216,Cedar Rapids/Iowa City,"Pizza, Sandwich",25,Dollar($),No,No,4.7,433
16659169,Tokyo Sushi,37,Chatham-Kent,"Japanese, Sushi",25,Dollar($),No,No,3.7,176
17558684,Berry Patch Restaurant,216,Clatskanie,"American, Breakfast, Desserts",10,Dollar($),No,No,4.3,96
18366580,Sakura Sushi & Grill,216,Cochrane,"Asian, Japanese",25,Dollar($),No,No,3.1,6
17330755,Uptown Vietnam cuisine,216,Columbus,"Asian, Vietnamese",10,Dollar($),No,No,3.3,33
17330611,Cafe Le Rue @ The Landings,216,Columbus,"American, Seafood, Cajun",25,Dollar($),No,No,4.6,489
17330609,Mark's City Grille,216,Columbus,American,25,Dollar($),No,No,4.5,345
17330024,B Merrell's,216,Columbus,"Burger, Bar Food, Southern",25,Dollar($),No,No,3.8,149
17330074,Cannon Brewpub,216,Columbus,"Pizza, Bar Food",25,Dollar($),No,No,3.9,330
17330185,Fuji Japanese Steak House,216,Columbus,"Japanese, Steak",40,Dollar($),No,No,3.9,247
17330397,Ruth Ann's Family Restaurant,216,Columbus,"Breakfast, Diner, Southern",10,Dollar($),No,No,3.7,123
17330735,Samurai Japanese Cuisine & Sushi Bar,216,Columbus,"Japanese, Steak, Sushi",40,Dollar($),No,No,3.6,109
17330676,Wasabi Sushi and Thai,216,Columbus,"Japanese, Sushi, Thai",40,Dollar($),No,No,3.7,134
17330048,Buckhead Bar and Grill,216,Columbus,"Seafood, Steak, Vegetarian",40,Dollar($),No,No,4.2,722
17330604,Burt's Butcher Shoppe and Eatery,216,Columbus,Steak,25,Dollar($),No,No,4.3,213
17330087,Chef Lee's Peking Restaurant,216,Columbus,Chinese,25,Dollar($),No,No,4.0,335
17330137,Country's Barbecue,216,Columbus,"BBQ, Southern",25,Dollar($),No,No,4.0,353
17330155,Deorio's,216,Columbus,"Italian, Pizza",0,Dollar($),No,No,4.0,170
17330309,Mellow Mushroom,216,Columbus,Pizza,25,Dollar($),No,No,4.1,192
17330311,Meritage,216,Columbus,"American, Tapas",40,Dollar($),No,No,4.1,302
17330615,Mongo The Mongolian Fire Pit,216,Columbus,"Asian, Chinese",10,Dollar($),No,No,4.2,355
17330638,The Black Cow,216,Columbus,American,25,Dollar($),No,No,4.3,287
17330628,Wood Stone,216,Columbus,"Italian, Mediterranean, Pizza",40,Dollar($),No,No,4.0,264
17330546,Hunter's Pub,216,Columbus,"American, Seafood, Steak",40,Dollar($),No,No,4.4,235
16643459,Consort Restaurant,37,Consort,"Chinese, Canadian",25,Dollar($),No,No,3.0,6
17334434,Thatcher's Barbeque and Grill,216,Dalton,"American, BBQ, Southern",25,Dollar($),No,No,3.7,38
17334348,Christian and Jake's Bistro,216,Dalton,"Desserts, Sandwich",10,Dollar($),No,No,4.4,122
17334213,Dub's High on the Hog,216,Dalton,BBQ,25,Dollar($),No,No,4.4,207
17334355,Sierra's Mexican Restaurant,216,Dalton,"Mexican, Tex-Mex",10,Dollar($),No,No,3.9,66
17334212,Oakwood Cafe,216,Dalton,"BBQ, Breakfast, Southern",10,Dollar($),No,No,4.9,249
17333797,Chili's Grill & Bar,216,Dalton,American,25,Dollar($),No,No,3.8,63
17334217,Fuji Japanese Steakhouse,216,Dalton,"Japanese, Sushi",40,Dollar($),No,No,3.8,145
17334273,Las Palmas,216,Dalton,Mexican,10,Dollar($),No,No,3.8,83
17334254,Tony's Italian Restaurant & Pizza,216,Dalton,Italian,25,Dollar($),No,No,3.7,116
17333836,Filling Station,216,Dalton,"American, Burger",10,Dollar($),No,No,4.1,122
17334197,Five Guys Burgers and Fries,216,Dalton,Fast Food,10,Dollar($),No,No,4.1,142
17333882,Los Pablos,216,Dalton,Mexican,10,Dollar($),No,No,4.1,114
17334211,Kobe Hibachi & Sushi,216,Dalton,"American, Japanese, Sushi",25,Dollar($),No,No,4.6,214
17334390,Soho Hibachi,216,Dalton,Japanese,10,Dollar($),No,No,4.3,116
17334034,Thai Garden,216,Dalton,Thai,25,Dollar($),No,No,4.2,111
17334414,Southern Bliss Bakery,216,Dalton,"Desserts, Sandwich",10,Dollar($),No,No,3.7,25
17334082,Bailey's Bar-B-Que,216,Dalton,BBQ,10,Dollar($),No,No,4.1,128
17334364,Farm To Fork,216,Dalton,"American, Diner, Southern",10,Dollar($),No,No,4.3,244
17334398,Home Plate Grill,216,Dalton,"American, BBQ, Southern",10,Dollar($),No,No,4.2,112
17334219,Pie Slingers Pizzeria,216,Dalton,"Italian, Pizza",10,Dollar($),No,No,4.1,144
17335173,Olive Tree Cafe,216,Davenport,"Indian, Mediterranean, Middle Eastern",25,Dollar($),No,No,4.6,166
17335195,"Red Ginger Sushi, Grill & Bar",216,Davenport,"Sushi, Teriyaki",40,Dollar($),No,No,4.5,208
17335225,Crust Stone Oven Pizza,216,Davenport,"Burger, Pizza",25,Dollar($),No,No,3.9,136
17335219,Jimmy's Pancake House,216,Davenport,"American, Breakfast, Greek",10,Dollar($),No,No,4.0,85
17334965,Trattoria Tiramisu,216,Davenport,Italian,25,Dollar($),No,No,4.1,117
17335189,Prairie Grille at SteepleGate Inn,216,Davenport,"American, Breakfast",25,Dollar($),No,No,3.4,53
17335156,Tantra Asian Bistro,216,Davenport,Asian,25,Dollar($),No,No,4.9,474
17334717,Chick-fil-A,216,Davenport,Fast Food,10,Dollar($),No,No,3.9,125
17334752,Duck City Bistro,216,Davenport,"American, French",70,Dollar($),No,No,3.7,201
18453427,Frick's Tap,216,Davenport,"American, Bar Food, BBQ",25,Dollar($),No,No,0.0,2
17793744,Los Agaves,216,Davenport,Mexican,25,Dollar($),No,No,0.0,3
17334679,Azteca,216,Davenport,Mexican,0,Dollar($),No,No,4.3,167
17334718,China Cafe,216,Davenport,Chinese,25,Dollar($),No,No,4.0,112
17334763,Exotic Thai Restaurant,216,Davenport,Thai,25,Dollar($),No,No,4.1,256
17335158,Front Street Brewery,216,Davenport,American,10,Dollar($),No,No,4.3,123
17334782,Granite City Food & Brewery,216,Davenport,American,25,Dollar($),No,No,4.0,199
17334846,Los Agaves,216,Davenport,Mexican,25,Dollar($),No,No,4.1,157
17334853,Machine Shed Restaurant,216,Davenport,American,25,Dollar($),No,No,4.1,100
17335168,Osaka,216,Davenport,"Japanese, Sushi",40,Dollar($),No,No,4.2,141
17334958,Texas Roadhouse,216,Davenport,"American, BBQ, Steak",25,Dollar($),No,No,4.2,197
17258496,Hickory Park,216,Des Moines,"BBQ, Burger, Desserts",25,Dollar($),No,No,4.5,1025
17259395,The Cafe,216,Des Moines,"American, Coffee and Tea",25,Dollar($),No,No,4.9,570
17258350,Flying Mango,216,Des Moines,"BBQ, Caribbean, Cajun",40,Dollar($),No,No,4.5,674
17258136,Cool Basil,216,Des Moines,"Asian, Sushi, Thai",25,Dollar($),No,No,4.1,496
17258522,HuHot Mongolian Grill,216,Des Moines,"Asian, Chinese",25,Dollar($),No,No,4.0,411
17259958,Malo,216,Des Moines,"Latin American, Mexican",25,Dollar($),No,No,3.2,113
17258036,Centro,216,Des Moines,"Italian, Pizza",40,Dollar($),No,No,4.5,1109
17259368,Fong's Pizza,216,Des Moines,"Chinese, Pizza",25,Dollar($),No,No,4.6,728
17257684,A Dong Restaurant,216,Des Moines,"Asian, Vegetarian, Vietnamese, Bubble Tea",10,Dollar($),No,No,4.4,659
17258154,Court Avenue Brewing Company,216,Des Moines,"American, Pizza, Bar Food",40,Dollar($),No,No,4.2,370
17259340,Django,216,Des Moines,French,40,Dollar($),No,No,4.3,532
17259243,Miyabi 9,216,Des Moines,"Japanese, Sushi",25,Dollar($),No,No,4.8,860
17259625,Zombie Burger + Drink Lab,216,Des Moines,"Burger, Desserts, Vegetarian",10,Dollar($),No,No,4.2,943
17259169,Tursi's Latin King,216,Des Moines,"American, Italian",70,Dollar($),No,No,4.1,476
17259166,Tsing Tsao South,216,Des Moines,Chinese,10,Dollar($),No,No,4.1,218
17259335,Bandit Burrito,216,Des Moines,"Breakfast, Mexican, Southwestern",10,Dollar($),No,No,4.0,214
17259248,Jethro's BBQ,216,Des Moines,"American, BBQ",25,Dollar($),No,No,4.3,699
17258552,The Machine Shed Restaurant,216,Des Moines,"American, Breakfast",25,Dollar($),No,No,3.8,308
17259550,Mi Patria,216,Des Moines,Latin American,25,Dollar($),No,No,4.0,157
17259200,Waterfront Seafood Market,216,Des Moines,"Seafood, Sushi",40,Dollar($),No,No,4.2,530
16615894,The Giggling Goat,14,Dicky Beach,"Coffee and Tea, Tea, Modern Australian",7,Dollar($),No,No,3.6,29
17342816,Burnt Toast Cafe,216,Dubuque,Breakfast,10,Dollar($),No,No,3.4,33
17342498,Catfish Charlie's,216,Dubuque,Seafood,25,Dollar($),No,No,3.3,40
17342648,Salsa's Mexican Restaurant,216,Dubuque,Mexican,10,Dollar($),No,No,3.4,153
17342781,Tony Roma's,216,Dubuque,"American, BBQ, Seafood",25,Dollar($),No,No,3.3,65
17342799,Vinny Vanucchi's,216,Dubuque,Italian,25,Dollar($),No,No,3.4,58
17342772,Champps Americana,216,Dubuque,"American, Burger, Sandwich",25,Dollar($),No,No,3.5,100
17342771,Fiesta Cancun,216,Dubuque,Mexican,10,Dollar($),No,No,3.6,156
17342548,Happy Joe's Pizza & Ice Cream,216,Dubuque,"Desserts, Pizza, Ice Cream",0,Dollar($),No,No,3.5,74
17342556,Houlihan's,216,Dubuque,"American, Burger",25,Dollar($),No,No,3.6,117
17342811,Ichiban Hibachi Steakhouse & Sushi Bar,216,Dubuque,"Japanese, Steak, Sushi",40,Dollar($),No,No,3.7,83
17342576,Kalmes Breaktime Bar & Grill,216,Dubuque,"American, Burger",25,Dollar($),No,No,3.6,48
17342770,L. May Eatery,216,Dubuque,"International, Pizza",40,Dollar($),No,No,3.8,198
17342585,Los Aztecas,216,Dubuque,Mexican,10,Dollar($),No,No,3.5,126
17342494,Manna Java World Cafe,216,Dubuque,"Breakfast, Pizza",10,Dollar($),No,No,3.5,119
17342594,Mario's Italian Restaurant,216,Dubuque,"American, Italian",25,Dollar($),No,No,3.6,140
17342625,Pepper Sprout Incorporated,216,Dubuque,American,40,Dollar($),No,No,3.6,159
17342652,Shot Tower Inn,216,Dubuque,"Italian, Pizza",25,Dollar($),No,No,3.6,131
17342665,Sunshine Family Restaurant,216,Dubuque,"American, Breakfast, Burger",10,Dollar($),No,No,3.5,60
17342810,Watershed Cafe,216,Dubuque,"American, Burger, Pizza, Cafe",25,Dollar($),No,No,3.7,89
17342775,Woodfire Grille,216,Dubuque,"American, Seafood, Steak",70,Dollar($),No,No,3.6,72
16612028,The Belle General,14,East Ballina,Cafe,20,Dollar($),No,No,4.1,56
17536645,Jehova es Mi Pastor Tacos y Burritos,216,Fernley,Mexican,10,Dollar($),No,No,3.7,83
16613507,Flaxton Gardens,14,Flaxton,"Tea, Modern Australian",30,Dollar($),No,No,3.5,37
16607969,Bespoke Harvest,14,Forrest,"Cafe, Australian",20,Dollar($),No,No,3.7,29
17374405,Houndstooth Grill & Tavern,216,Gainesville,"American, Sandwich, Seafood",25,Dollar($),No,No,4.4,239
17375060,Hawg Wild BBQ & Catfish House,216,Gainesville,"BBQ, Burger, Seafood",10,Dollar($),No,No,4.1,235
17375164,Bourbon Street Grille,216,Gainesville,"American, Burger, Cajun",25,Dollar($),No,No,3.8,88
17374552,Corkscrew Cafe,216,Gainesville,,40,Dollar($),No,No,3.9,209
17375078,Smokin Gold BBQ,216,Gainesville,BBQ,10,Dollar($),No,No,3.9,133
17375049,Hoka-Hoka Japanese Steak & Sushi,216,Gainesville,"Chinese, Japanese, Thai",10,Dollar($),No,No,4.4,267
17375077,Shenanigan's Irish Pub,216,Gainesville,"Bar Food, Seafood, Vegetarian",25,Dollar($),No,No,4.1,171
17375141,Fish Tales Lakeside Grille,216,Gainesville,Seafood,25,Dollar($),No,No,3.8,107
17375198,Antebellum,216,Gainesville,"American, Southern",40,Dollar($),No,No,4.3,164
17375180,Moonie's Texas Barbecue,216,Gainesville,"BBQ, Sandwich",10,Dollar($),No,No,4.1,182
17375072,Atlanta Highway Seafood Market,216,Gainesville,"Sandwich, Seafood, Cajun",25,Dollar($),No,No,4.9,681
17375047,Eat at Thai,216,Gainesville,Thai,10,Dollar($),No,No,4.6,357
17375074,Smoke House BBQ and Catering,216,Gainesville,BBQ,25,Dollar($),No,No,3.8,89
17374921,2 Dog,216,Gainesville,"American, European, Sandwich",25,Dollar($),No,No,4.2,350
17374819,Longstreet Cafe,216,Gainesville,Southern,10,Dollar($),No,No,4.3,298
17375089,Re-Cess,216,Gainesville,"American, Southern",25,Dollar($),No,No,4.2,319
17375214,Bodensee,216,Gainesville,German,40,Dollar($),No,No,3.8,114
17374951,Hofer's Bakery & Cafe,216,Gainesville,"German, Ice Cream",10,Dollar($),No,No,3.9,136
17374978,Troll Tavern,216,Gainesville,"Burger, German, Sandwich",25,Dollar($),No,No,2.2,108
17375104,The Nacoochee Village Tavern & Pizzeria,216,Gainesville,"Italian, Pizza, Sandwich",10,Dollar($),No,No,4.0,161
16604358,Blue Bean Love Cafe,14,Hepburn Springs,"Cafe, Coffee and Tea, Modern Australian",20,Dollar($),No,No,3.8,192
16604896,La Trattoria of Lavandula,14,Hepburn Springs,"Italian, Fusion, Cafe",7,Dollar($),No,No,3.8,93
16612550,5 Little Pigs,14,Huskisson,"Breakfast, Modern Australian",20,Dollar($),No,No,4.1,40
16606299,Beach Box Cafe,14,Inverloch,"Burger, Coffee and Tea, Modern Australian",7,Dollar($),No,No,3.7,100
16605794,Funkey Monkey,14,Lakes Entrance,"Breakfast, Coffee and Tea",7,Dollar($),No,No,3.8,97
17557488,Burger Queen Drive In,216,Lakeview,"Burger, Desserts, Sandwich",10,Dollar($),No,No,3.6,41
17452342,Blue Orchid Thai Restaurant,216,Lincoln,Thai,25,Dollar($),No,No,4.5,799
16611498,Stillwater on Belmore,14,Lorn,"Breakfast, Coffee and Tea",20,Dollar($),No,No,3.6,18
17842104,Mr.,14,Macedon,Cafe,20,Dollar($),No,No,3.5,31
17501291,Emilio's Cuban Cafe,216,Macon,"Coffee and Tea, Cuban, Latin American",25,Dollar($),No,No,3.9,146
17500759,Ingleside Village Pizza,216,Macon,"Pizza, Sandwich",10,Dollar($),No,No,4.9,478
17500767,Jim Shaw's Seafood Grill & Bar,216,Macon,Seafood,25,Dollar($),No,No,4.6,467
17500819,Mandarin Chinese Restaurant,216,Macon,"Chinese, Thai",25,Dollar($),No,No,4.5,302
17500911,Rookery,216,Macon,"Burger, Desserts, Bar Food",25,Dollar($),No,No,4.5,289
17501439,Dovetail,216,Macon,,40,Dollar($),No,No,3.8,102
17501279,Bonefish Grill,216,Macon,"American, Seafood",40,Dollar($),No,No,4.1,293
17500695,Downtown Grill,216,Macon,Steak,70,Dollar($),No,No,4.0,195
17501298,Greek Corner Deli,216,Macon,"Desserts, Greek, Sandwich",10,Dollar($),No,No,4.3,244
17500847,Natalia's,216,Macon,"European, Italian, Mediterranean",70,Dollar($),No,No,4.2,379
17500872,Papouli's Mediterranean Cafe & Market,216,Macon,"Greek, Mediterranean, Vegetarian",10,Dollar($),No,No,4.2,223
17501315,Benson's Steak and Sushi,216,Macon,"American, Chinese, Sushi",25,Dollar($),No,No,3.7,243
17501201,My Fathers Place,216,Macon,Italian,25,Dollar($),No,No,3.7,104
17501247,Sushi Thai Restaurant,216,Macon,"Japanese, Sushi, Thai",10,Dollar($),No,No,3.7,153
17501281,The Mellow Mushroom,216,Macon,"Pizza, Sandwich, Vegetarian",25,Dollar($),No,No,3.8,323
17501143,El Jalisciense Mexican Restaurant,216,Macon,Mexican,10,Dollar($),No,No,4.1,181
17501292,Greek Village,216,Macon,"American, Greek, Seafood",25,Dollar($),No,No,4.0,316
17501308,Martin's BBQ,216,Macon,BBQ,25,Dollar($),No,No,4.2,288
17501301,Thai Pepper,216,Macon,"Japanese, Sushi, Thai",10,Dollar($),No,No,4.0,232
17501268,Zen Japanese Steakhouse and Sushi Bar,216,Macon,"Japanese, Steak, Sushi",40,Dollar($),No,No,4.1,314
16611701,Star Buffet,14,Mayfield,Asian,20,Dollar($),No,No,2.9,11
17482142,Triangle Restaurant,216,Mc Millan,"Breakfast, Burger",10,Dollar($),No,No,2.4,17
16609169,Three Anchors,14,Middleton Beach,"Bar Food, Modern Australian",30,Dollar($),No,No,3.8,176
17606621,HI Lite Bar & Lounge,216,Miller,,0,Dollar($),No,No,3.4,11
17687832,Vince's Restaurant & Pizzeria,216,Monroe,"Italian, Pizza",25,Dollar($),No,No,3.6,65
16613059,Poets Cafe,14,Montville,"Coffee and Tea, Modern Australian",30,Dollar($),No,No,2.4,193
17534788,The Artesian Restaurant,216,Ojo Caliente,"American, International, Southwestern",40,Dollar($),No,No,3.6,30
17061237,Cev?che Tapas Bar & Restaurant,216,Orlando,"Spanish, Tapas",40,Dollar($),No,No,4.4,981
17057397,'Ohana,216,Orlando,Hawaiian,45,Dollar($),No,No,4.5,1151
17058534,Earl of Sandwich,216,Orlando,"American, Sandwich, Salad",35,Dollar($),No,No,4.7,1341
17060320,Raglan Road Irish Pub and Restaurant,216,Orlando,Irish,50,Dollar($),No,No,4.3,782
17057925,Caf? Tu Tu Tango,216,Orlando,"New American, Tapas",40,Dollar($),No,No,4.6,1293
17060869,Texas de Brazil,216,Orlando,"Brazilian, Steak",100,Dollar($),No,No,4.6,2324
17057591,Bahama Breeze Island Grille,216,Orlando,Caribbean,45,Dollar($),No,No,4.3,910
17059541,Maggiano's Little Italy,216,Orlando,Italian,50,Dollar($),No,No,4.4,886
17064266,Hawkers Asian Street Fare,216,Orlando,"Asian, Thai",35,Dollar($),No,No,4.6,1293
17064405,Tako Cheena by Pom Pom,216,Orlando,"Asian, Latin American, Vegetarian",10,Dollar($),No,No,4.4,570
17060516,Seasons 52 Fresh Grill,216,Orlando,American,60,Dollar($),No,No,4.4,1685
17059012,Hollerbach's Willow Tree Caf?,216,Orlando,German,40,Dollar($),No,No,4.8,1699
17061296,Pom Pom's Teahouse and Sandwicheria,216,Orlando,"American, Sandwich, Tea",25,Dollar($),No,No,4.9,1457
17061205,Yellow Dog Eats,216,Orlando,"American, BBQ, Sandwich",35,Dollar($),No,No,4.9,1252
17064031,Tibby's New Orleans Kitchen,216,Orlando,Cajun,25,Dollar($),No,No,4.7,1412
17066603,The Coop,216,Orlando,"Southern, Cajun, Soul Food",25,Dollar($),No,No,3.6,432
17057797,Bosphorous Turkish Cuisine,216,Orlando,"Mediterranean, Turkish",40,Dollar($),No,No,4.2,568
17061253,Ethos Vegan Kitchen,216,Orlando,"American, Breakfast, Vegetarian",25,Dollar($),No,No,4.4,797
17059060,Hillstone,216,Orlando,,40,Dollar($),No,No,4.4,1158
17061231,The Ravenous Pig,216,Orlando,Pub Food,40,Dollar($),No,No,4.4,1998
16613649,Vivo Bar and Grill,14,Palm Cove,"Mediterranean, Seafood",30,Dollar($),No,No,4.4,381
18255631,Pier 70,14,Paynesville,Modern Australian,120,Dollar($),No,No,2.6,16
16608483,DiVine,14,Penola,"Cafe, Coffee and Tea, Sandwich",20,Dollar($),No,No,3.4,19
17580453,Cactus Flower Cafe Navarre,216,Pensacola,"Mexican, Southwestern, Tex-Mex",25,Dollar($),No,No,4.2,635
17580142,McGuire's Irish Pub & Brewery,216,Pensacola,"Burger, Bar Food, Steak",40,Dollar($),No,No,4.9,2238
17580160,New Yorker Deli & Pizzeria,216,Pensacola,"Italian, Pizza, Sandwich",10,Dollar($),No,No,4.6,792
17580349,Tu-Do Vietnamese Restaurant,216,Pensacola,"Asian, Vietnamese",10,Dollar($),No,No,4.5,828
17580412,Carrabba's Italian Grill,216,Pensacola,"Italian, Pizza, Seafood",40,Dollar($),No,No,3.7,292
17580590,Jaco's Bayfront Bar and Grille,216,Pensacola,Tapas,25,Dollar($),No,No,3.9,502
17580704,The Tin Cow,216,Pensacola,"Burger, Bar Food",25,Dollar($),No,No,3.7,559
17579928,Cactus Flower Cafe,216,Pensacola,"Latin American, Mexican, Southwestern",25,Dollar($),No,No,4.2,1268
17579992,Dharma Blue,216,Pensacola,"Seafood, Sushi",40,Dollar($),No,No,4.1,669
17580030,Global Grill,216,Pensacola,"European, International, Tapas",40,Dollar($),No,No,4.4,900
17580074,Ichiban,216,Pensacola,"Japanese, Sushi",25,Dollar($),No,No,4.3,765
17580020,The Fish House,216,Pensacola,"American, Seafood, Sushi",40,Dollar($),No,No,4.0,1270
17580350,Tuscan Oven,216,Pensacola,"Italian, Mediterranean, Pizza",25,Dollar($),No,No,4.1,502
17580408,Flounders Chowder House,216,Pensacola,Seafood,40,Dollar($),No,No,3.9,724
17579653,Hemingway's Island Grill,216,Pensacola,"Caribbean, Seafood, Steak",40,Dollar($),No,No,3.5,479
17580476,Native Cafe,216,Pensacola,"Breakfast, Burger",25,Dollar($),No,No,4.2,591
17580422,Peg Leg Pete's,216,Pensacola,"Burger, Sandwich, Seafood",40,Dollar($),No,No,4.4,1408
17580539,The Grand Marlin,216,Pensacola,"Caribbean, Seafood",40,Dollar($),No,No,4.3,905
17580511,Original Georgios Authentic Greek Food,216,Pensacola,Greek,10,Dollar($),No,No,4.7,816
17580021,Fisherman's Corner,216,Pensacola,"Sandwich, Seafood, Cajun",40,Dollar($),No,No,4.4,747
16604370,Mad Cowes Cafe,14,Phillip Island,"Breakfast, Coffee and Tea, Modern Australian",20,Dollar($),No,No,3.7,351
17582467,Rupes Burgers,216,Pocatello,"Burger, Fast Food",10,Dollar($),No,No,3.7,104
17582668,Texas Roadhouse,216,Pocatello,"American, BBQ, Steak",45,Dollar($),No,No,3.5,83
17582498,Riverwalk Cafe,216,Pocatello,"Asian, Thai",10,Dollar($),No,No,3.6,91
17582499,Royal Hotel,216,Pocatello,"Pizza, Bar Food",0,Dollar($),No,No,3.6,59
17582522,Buddy's Italian Restaurant,216,Pocatello,"Italian, Pizza, Sandwich",40,Dollar($),No,No,3.7,222
17582524,Butterburrs,216,Pocatello,"American, Breakfast",30,Dollar($),No,No,3.6,121
17582527,Chang Garden,216,Pocatello,Chinese,10,Dollar($),No,No,3.5,93
17582551,Fifth Street Bagelry,216,Pocatello,"Coffee and Tea, Sandwich",10,Dollar($),No,No,3.8,136
17582558,Goody's Deli,216,Pocatello,"Pizza, Sandwich",10,Dollar($),No,No,3.8,160
17582560,Grecian Key Restaurant,216,Pocatello,"American, Greek",25,Dollar($),No,No,3.7,152
17582677,Outer Limits Fun Zone,216,Pocatello,"Burger, Pizza, Sandwich",10,Dollar($),No,No,3.5,57
17582670,Portneuf Valley Brewing,216,Pocatello,"American, Pizza",25,Dollar($),No,No,3.7,191
17582625,Sandpiper Restaurant & Lounge,216,Pocatello,"American, Seafood, Steak",40,Dollar($),No,No,3.6,85
17582627,Senor Iguanas,216,Pocatello,Mexican,0,Dollar($),No,No,3.6,108
17582700,Sushi Family,216,Pocatello,"Asian, Sushi, Vegetarian",25,Dollar($),No,No,3.6,132
17582664,Taste of India Nepal,216,Pocatello,"Indian, International, Vegetarian",25,Dollar($),No,No,3.8,141
17582682,Thai Paradise,216,Pocatello,"Desserts, Thai",25,Dollar($),No,No,3.7,162
17582669,The Bridge,216,Pocatello,New American,40,Dollar($),No,No,3.6,144
18491935,Nosh Mahal,216,Pocatello,"Indian, Persian",25,Dollar($),No,No,0.0,1
17582546,El Herradero,216,Pocatello,Mexican,10,Dollar($),No,No,4.1,365
17629582,Barrett Junction Cafe,216,Potrero,"American, BBQ, Burger",25,Dollar($),No,No,3.3,9
17211719,Blue Point Grill,216,Princeton,Seafood,70,Dollar($),No,No,4.0,542
17144717,Giovanni's Shrimp Truck,216,Rest of Hawaii,Seafood,25,Dollar($),No,No,4.5,691
17143970,Kona Brewing Company,216,Rest of Hawaii,"American, Pizza, Bar Food",35,Dollar($),No,No,4.7,764
17142698,Leonard's Bakery,216,Rest of Hawaii,,10,Dollar($),No,No,4.7,707
17144991,Coconuts Fish Cafe,216,Rest of Hawaii,Seafood,30,Dollar($),No,No,4.5,487
17142519,Kihei Caffe,216,Rest of Hawaii,"American, Hawaiian",10,Dollar($),No,No,4.5,695
17145408,Monkeypod Kitchen by Merriman,216,Rest of Hawaii,Burger,40,Dollar($),No,No,4.2,485
17143336,Sansei Seafood Restaurant & Sushi Bar,216,Rest of Hawaii,"Japanese, Seafood, Sushi",40,Dollar($),No,No,4.2,807
17145077,Star Noodle,216,Rest of Hawaii,Asian,10,Dollar($),No,No,4.6,723
17141447,Aloha Mixed Plate,216,Rest of Hawaii,"Asian, Breakfast, Hawaiian",10,Dollar($),No,No,4.2,874
17142096,Gazebo,216,Rest of Hawaii,"Breakfast, Burger",25,Dollar($),No,No,4.4,552
17142297,Hula Grill,216,Rest of Hawaii,"Hawaiian, Seafood, Steak",40,Dollar($),No,No,4.3,1056
17142535,Kimo's,216,Rest of Hawaii,"Hawaiian, Seafood, Steak",40,Dollar($),No,No,4.3,707
17142792,Mama's Fish House,216,Rest of Hawaii,"Hawaiian, Seafood",70,Dollar($),No,No,4.9,1343
17145495,Marukame Udon,216,Rest of Hawaii,Japanese,10,Dollar($),No,No,4.9,602
17143950,Yard House,216,Rest of Hawaii,"American, Asian, Burger",40,Dollar($),No,No,4.6,1078
17142747,Lulu's Waikiki,216,Rest of Hawaii,American,25,Dollar($),No,No,3.9,232
17141990,Duke's Waikiki,216,Rest of Hawaii,"Hawaiian, Seafood, Steak",70,Dollar($),No,No,4.4,1492
17144732,Eggs 'n Things,216,Rest of Hawaii,Breakfast,10,Dollar($),No,No,4.0,535
17143282,Roy's,216,Rest of Hawaii,"Asian, European, Seafood",70,Dollar($),No,No,4.2,531
17143705,Wailana Coffee House,216,Rest of Hawaii,"American, Breakfast, Hawaiian",25,Dollar($),No,No,4.2,694
17615915,The Lady & Sons,216,Savannah,Southern,40,Dollar($),No,No,3.3,1201
17616487,Green Truck Pub,216,Savannah,Burger,40,Dollar($),No,No,4.7,906
17615924,Leopold's Ice Cream,216,Savannah,"Desserts, Sandwich, Ice Cream",10,Dollar($),No,No,4.6,880
17615979,Mrs. Wilkes' Dining Room,216,Savannah,"American, Southern",40,Dollar($),No,No,4.5,1014
17616266,Zunzi's,216,Savannah,"International, Mediterranean, Sandwich",25,Dollar($),No,No,4.5,796
17615976,Moon River Brewing Company,216,Savannah,"American, Bar Food, Sandwich",25,Dollar($),No,No,3.7,747
17616025,Pirates' House Restaurant,216,Savannah,"American, Seafood, Steak",40,Dollar($),No,No,3.8,566
17615597,B. Matthew's Eatery,216,Savannah,"American, Breakfast",25,Dollar($),No,No,4.1,683
17615740,Crystal Beer Parlor,216,Savannah,"American, Bar Food",25,Dollar($),No,No,4.4,690
17616203,Goose Feathers Cafe and Bakery,216,Savannah,"Breakfast, Vegetarian",10,Dollar($),No,No,4.2,680
17616590,Henry's,216,Savannah,"American, Breakfast",10,Dollar($),No,No,4.1,287
17615855,Huey's On The River,216,Savannah,"Breakfast, Cajun",40,Dollar($),No,No,4.1,802
17616348,J. Christopher's,216,Savannah,"Breakfast, Diner, Sandwich",25,Dollar($),No,No,4.3,710
17616368,Lulu's Chocolate Bar,216,Savannah,"Coffee and Tea, Desserts",10,Dollar($),No,No,4.3,456
17616400,Rocks on the River,216,Savannah,"Pizza, Seafood, Steak",70,Dollar($),No,No,4.0,687
17616076,SOHO South Cafe,216,Savannah,"Cafe, Sandwich, Southern",25,Dollar($),No,No,4.3,719
17616205,The Olde Pink House,216,Savannah,"American, Seafood, Southern",70,Dollar($),No,No,4.4,1803
17616222,Vic's On The River,216,Savannah,American,70,Dollar($),No,No,4.1,558
17616295,The Crab Shack,216,Savannah,Seafood,40,Dollar($),No,No,3.8,883
17616465,Tybee Island Social Club,216,Savannah,,10,Dollar($),No,No,3.9,309
18483372,Sky On 57,184,Singapore,"Chinese, Continental, Singaporean",300,Dollar($),No,No,3.4,34
18484349,Cut By Wolfgang Puck,184,Singapore,"American, Steak",270,Dollar($),No,No,4.0,33
18496057,Restaurant Andre,184,Singapore,"French, Mediterranean, European",500,Dollar($),No,No,3.8,33
18483389,Potato Head Folk,184,Singapore,American,80,Dollar($),No,No,3.1,34
18483222,Jaan,184,Singapore,French,430,Dollar($),No,No,3.8,35
18483085,Rhubarb Le Restaurant,184,Singapore,French,315,Dollar($),No,No,3.9,33
18484423,Al'frank Cookies,184,Singapore,Bakery,20,Dollar($),No,No,4.2,29
18483714,Fratini La Trattoria,184,Singapore,Italian,100,Dollar($),No,No,4.1,35
18485469,Boufe Boutique Cafe,184,Singapore,"Italian, French, Bakery, Cafe",50,Dollar($),No,No,3.2,29
18479690,The Refinery Singapore,184,Singapore,"American, Japanese, Singaporean",80,Dollar($),No,No,3.2,30
18483224,Chye Seng Huat Hardware,184,Singapore,Cafe,40,Dollar($),No,No,3.7,33
18493989,Makansutra Gluttons Bay,184,Singapore,"Singaporean, Chinese, Seafood, Malay, Indian",30,Dollar($),No,No,3.0,25
18484464,Colony,184,Singapore,"Asian, Continental, Seafood",220,Dollar($),No,No,3.8,30
18483051,Summer Pavilion,184,Singapore,"Chinese, Seafood, Cantonese, Dim Sum",300,Dollar($),No,No,3.9,34
18482983,The Lokal,184,Singapore,"Singaporean, Australian, German",60,Dollar($),No,No,3.1,33
18479742,I Am,184,Singapore,"Western, Fusion, Fast Food",60,Dollar($),No,No,3.2,32
18482938,Super Loco,184,Singapore,"American, Mexican",95,Dollar($),No,No,3.2,30
18483082,Artistry,184,Singapore,"American, Bakery, European, Burger, Fusion",50,Dollar($),No,No,3.8,28
18483446,Bitters & Love,184,Singapore,Finger Food,40,Dollar($),No,No,3.9,35
18483252,Artichoke Cafe,184,Singapore,"Cafe, Spanish, Turkish, Greek",75,Dollar($),No,No,3.2,33
17621616,Archie's Waeside,216,Sioux City,"Burger, Seafood, Steak",40,Dollar($),No,No,3.7,100
17621696,Bob Roe's Pizza,216,Sioux City,"American, Pizza, Bar Food",10,Dollar($),No,No,3.6,92
17621744,Da Kao Restaurant,216,Sioux City,"Asian, Vegetarian, Vietnamese",10,Dollar($),No,No,3.8,182
17621759,Famous Dave's,216,Sioux City,BBQ,10,Dollar($),No,No,3.6,76
17621763,Fuji Bay Japanese Restaurant,216,Sioux City,"Japanese, Sushi",40,Dollar($),No,No,3.7,129
17621780,HuHot Mongolian Grill,216,Sioux City,"Asian, Chinese",25,Dollar($),No,No,3.6,94
17621781,Hunan Palace,216,Sioux City,Chinese,25,Dollar($),No,No,3.8,129
17621788,Jerry's Pizza,216,Sioux City,Pizza,25,Dollar($),No,No,3.8,178
17621793,Jim's Burgers,216,Sioux City,Burger,10,Dollar($),No,No,3.7,97
17621796,Johnnie Mars,216,Sioux City,"American, Desserts, Diner",10,Dollar($),No,No,3.9,161
17621831,Miles Inn,216,Sioux City,American,10,Dollar($),No,No,3.7,122
17621832,Milwaukee Wiener House,216,Sioux City,"American, Fast Food",10,Dollar($),No,No,3.8,195
17621833,Minerva's Food & Cocktails,216,Sioux City,"American, Seafood, Steak",40,Dollar($),No,No,3.7,146
17621834,Monterrey Mexican Restaurant,216,Sioux City,Mexican,10,Dollar($),No,No,3.7,117
17621869,Rebos,216,Sioux City,"Caribbean, Mexican, Cajun",25,Dollar($),No,No,3.8,187
17621960,Tokyo Japanese Steakhouse & Sushi Bar,216,Sioux City,"Japanese, Steak, Sushi",40,Dollar($),No,No,3.9,239
17621746,Diamond Thai Cuisine,216,Sioux City,"Asian, Thai, Vegetarian",10,Dollar($),No,No,4.0,303
17621755,El Fredo Pizza,216,Sioux City,Pizza,40,Dollar($),No,No,4.0,280
17621946,Trattoria Fresco,216,Sioux City,Italian,25,Dollar($),No,No,4.0,271
17621552,Kahill's Steak-Fish Chophouse,216,Sioux City,"American, Seafood, Steak",70,Dollar($),No,No,3.5,58
17096140,Rumba Island Bar & Grill,216,Tampa Bay,"BBQ, Caribbean, Seafood",25,Dollar($),No,No,4.6,1321
17099925,Red Mesa Cantina,216,Tampa Bay,"Latin American, Mexican, Southwestern",25,Dollar($),No,No,4.6,1629
17092257,BellaBrava,216,Tampa Bay,"American, Italian, Seafood",25,Dollar($),No,No,4.1,921
17092799,Ceviche Tapas Bar & Restaurant,216,Tampa Bay,"Spanish, Tapas",25,Dollar($),No,No,4.1,986
17095222,The Moon Under Water,216,Tampa Bay,"British, Bar Food, Sandwich",25,Dollar($),No,No,4.1,1020
17092293,Bern's Steak House,216,Tampa Bay,"American, Desserts, Steak",70,Dollar($),No,No,4.7,3157
17102241,Boca Kitchen Bar Market,216,Tampa Bay,Breakfast,40,Dollar($),No,No,3.9,665
17102579,Edison: Food+Drink Lab,216,Tampa Bay,International,70,Dollar($),No,No,3.9,373
17092801,Ceviche Tapas Bar & Restaurant,216,Tampa Bay,"Breakfast, Spanish, Tapas",25,Dollar($),No,No,4.4,1007
17093273,Daily Eats,216,Tampa Bay,"American, Burger",25,Dollar($),No,No,4.4,803
17096198,Salt Rock Grill,216,Tampa Bay,"American, Seafood, Steak",40,Dollar($),No,No,4.2,1363
17095098,Mazzaro's Italian Market,216,Tampa Bay,"Italian, Deli",10,Dollar($),No,No,4.9,1424
17093135,Conch Republic Grill,216,Tampa Bay,"Sandwich, Seafood, Steak",40,Dollar($),No,No,4.5,844
17095236,Mr. Dunderbak's Biergarten and Marketplatz,216,Tampa Bay,"European, German",40,Dollar($),No,No,4.9,1413
17095979,Red Mesa Restaurant,216,Tampa Bay,"Breakfast, Mexican",40,Dollar($),No,No,4.5,1203
17099856,Datz,216,Tampa Bay,"Desserts, Bar Food",40,Dollar($),No,No,4.7,3074
17100307,Ella's Americana Folk Art Cafe,216,Tampa Bay,"International, Italian, Southern",40,Dollar($),No,No,4.8,1715
17093600,Taco Bus,216,Tampa Bay,"Mexican, Vegetarian",10,Dollar($),No,No,4.5,1868
17100547,The Refinery,216,Tampa Bay,"Seafood, Steak",40,Dollar($),No,No,4.0,875
17093124,Columbia Restaurant,216,Tampa Bay,"Cuban, Spanish",40,Dollar($),No,No,4.4,1746
16608059,1918 Bistro & Grill,14,Tanunda,"Modern Australian, Australian",30,Dollar($),No,No,4.4,339
16605194,Pig and Whistle,14,Trentham East,Australian,20,Dollar($),No,No,4.1,87
17678243,Buffalo Wild Wings,216,Valdosta,Bar Food,25,Dollar($),No,No,3.4,98
17678043,El Toreo Mexican Restaurant,216,Valdosta,Mexican,25,Dollar($),No,No,3.1,83
17677978,306 North Restaurant,216,Valdosta,"Seafood, Southern",40,Dollar($),No,No,3.9,231
17677988,Austins Cattle Co,216,Valdosta,"Burger, Seafood, Steak",40,Dollar($),No,No,3.7,216
17678231,Beijing Cafe,216,Valdosta,"Asian, Chinese, Thai",35,Dollar($),No,No,3.8,185
17677990,Bleu Cafe,216,Valdosta,"Pizza, Sandwich",25,Dollar($),No,No,3.7,185
17677991,Bleu Pub,216,Valdosta,"Burger, Bar Food, Vegetarian",10,Dollar($),No,No,3.8,281
17678307,Bubba Jax Crab Shack,216,Valdosta,"Fast Food, Seafood",40,Dollar($),No,No,3.7,137
17678276,Cheddar's Scratch Kitchen,216,Valdosta,American,25,Dollar($),No,No,3.7,209
17678283,El Cazador,216,Valdosta,Mexican,10,Dollar($),No,No,3.7,168
17678222,Friends Grille and Bar,216,Valdosta,"American, Southern",25,Dollar($),No,No,3.9,243
17678055,Giulios Greek & Italian Restaurant,216,Valdosta,"Greek, Italian",40,Dollar($),No,No,3.8,221
17678326,La Jalisco Supermercato,216,Valdosta,Mexican,10,Dollar($),No,No,3.5,46
17678229,Masato Japanese,216,Valdosta,"Japanese, Sushi",25,Dollar($),No,No,3.9,262
17678097,Mom & Dad's Italian Restaurant,216,Valdosta,Italian,25,Dollar($),No,No,3.7,183
17678216,Mori's Japanese Steakhouse & Sushi Bar,216,Valdosta,"Japanese, Steak, Sushi",70,Dollar($),No,No,3.5,208
17678233,Passage 2 India,216,Valdosta,"Indian, Middle Eastern",25,Dollar($),No,No,3.8,245
17678148,Rodeo Mexican Restaurant,216,Valdosta,Mexican,25,Dollar($),No,No,3.8,199
17678291,Steel Magnolias,216,Valdosta,Southern,40,Dollar($),No,No,3.8,225
17678218,Smok'n Pig B-B-Q,216,Valdosta,BBQ,25,Dollar($),No,No,4.1,575
17558738,Blue House Cafe,216,Vernonia,"Coffee and Tea, Mediterranean",10,Dollar($),No,No,4.3,88
16608209,Anchorage Cafe Restaurant Wine Bar,14,Victor Harbor,"Coffee and Tea, Tapas, Australian",20,Dollar($),No,No,3.6,96
16654702,Lake House Restaurant,37,Vineland Station,"Italian, Mediterranean, Pizza",70,Dollar($),No,No,4.3,204
17697444,Masala Grill & Coffee House,216,Waterloo,"Indian, Middle Eastern",10,Dollar($),No,No,3.2,18
17696871,Brown Bottle The Cedar Falls,216,Waterloo,"Italian, Pizza, Vegetarian",25,Dollar($),No,No,3.7,134
17696891,Four Queens Dairy Cream,216,Waterloo,Desserts,10,Dollar($),No,No,3.9,190
17696901,Hong Kong Chinese Restaurant,216,Waterloo,Chinese,10,Dollar($),No,No,3.8,136
17697384,HuHot Mongolian Grill,216,Waterloo,"Asian, Chinese",25,Dollar($),No,No,3.7,113
17697417,J's Homestyle Cooking,216,Waterloo,"American, Breakfast",10,Dollar($),No,No,3.6,69
17696918,Montage,216,Waterloo,"American, Italian, Seafood",40,Dollar($),No,No,3.6,89
17696920,Mulligan's Brick Oven Grill,216,Waterloo,"Burger, Pizza, Sandwich",25,Dollar($),No,No,3.6,80
17697398,Sakura,216,Waterloo,"Japanese, Sushi",40,Dollar($),No,No,3.8,175
17697406,Scratch,216,Waterloo,"Coffee and Tea, Desserts, Beverages",10,Dollar($),No,No,3.7,136
17696941,SOHO Sushi Bar & Deli,216,Waterloo,"Sandwich, Sushi, Tapas",25,Dollar($),No,No,3.6,114
17696955,Texas Roadhouse,216,Waterloo,"American, BBQ, Steak",25,Dollar($),No,No,3.6,93
17696957,Tony's La Pizzeria,216,Waterloo,"Pizza, Sandwich",25,Dollar($),No,No,3.6,89
17697418,Chapala,216,Waterloo,Mexican,25,Dollar($),No,No,3.6,69
17697386,Galleria de Paco,216,Waterloo,American,40,Dollar($),No,No,3.6,86
17697224,Golden China,216,Waterloo,Chinese,10,Dollar($),No,No,3.7,73
17697304,Rudy's Tacos,216,Waterloo,Mexican,25,Dollar($),No,No,3.6,104
17697389,The Screaming Eagle,216,Waterloo,"American, Bar Food",10,Dollar($),No,No,3.7,101
17697424,The Thai Bowl,216,Waterloo,Thai,10,Dollar($),No,No,3.5,58
17697332,Tokyo Japanese Steak House,216,Waterloo,"Japanese, Steak, Sushi",25,Dollar($),No,No,3.9,156
17694056,Theo Yianni's Authentic Greek Restaurant,216,Weirton,"Burger, Greek, Sandwich",25,Dollar($),No,No,3.9,156
17559793,Fishpatrick's Crabby Cafe,216,Winchester Bay,"Burger, Seafood, Steak",25,Dollar($),No,No,3.2,16
16668008,Arigato Sushi,37,Yorkton,Asian,25,Dollar($),No,No,3.3,26
18212135,Denny's,214,Abu Dhabi,American,190,Emirati Diram(AED),No,No,4.6,207
5704255,Famous Dave's Barbecue,214,Abu Dhabi,American,260,Emirati Diram(AED),No,Yes,4.6,376
5701978,Pizza Di Rocco,214,Abu Dhabi,"Italian, Pizza",150,Emirati Diram(AED),Yes,Yes,4.4,471
5701729,Sofra Istanbul,214,Abu Dhabi,"Turkish, Arabian, Middle Eastern",70,Emirati Diram(AED),No,No,4.3,224
5704168,Salt,214,Abu Dhabi,"Fast Food, Burger",100,Emirati Diram(AED),No,No,4.2,228
18277098,Genghis Grill,214,Abu Dhabi,Asian,180,Emirati Diram(AED),No,No,4.6,81
5701446,Olive Garden,214,Abu Dhabi,"Italian, Pizza",230,Emirati Diram(AED),No,No,4.1,422
5700052,Cho Gao - Crowne Plaza Abu Dhabi,214,Abu Dhabi,"Thai, Japanese, Chinese, Indonesian, Vietnamese",350,Emirati Diram(AED),Yes,Yes,4.4,246
5702418,Gazebo,214,Abu Dhabi,"Indian, North Indian, Mughlai, Biryani",120,Emirati Diram(AED),Yes,Yes,4.0,355
5700386,Sangeetha Vegetarian Restaurant,214,Abu Dhabi,"Indian, South Indian",60,Emirati Diram(AED),No,Yes,3.6,268
5704202,Hot Palayok,214,Abu Dhabi,"Filipino, Japanese, Asian",100,Emirati Diram(AED),No,Yes,4.5,162
5701052,Applebee's,214,Abu Dhabi,"American, Mexican, Seafood",250,Emirati Diram(AED),No,Yes,4.0,205
5704118,Tikka Tonight,214,Abu Dhabi,"Pakistani, Afghani, Indian, Hyderabadi",50,Emirati Diram(AED),No,Yes,4.0,277
5701548,Bait El Khetyar,214,Abu Dhabi,"Lebanese, Arabian, Middle Eastern",70,Emirati Diram(AED),No,Yes,4.0,380
18235425,Indian By Nature,214,Abu Dhabi,Indian,80,Emirati Diram(AED),Yes,Yes,4.3,180
5702615,Via Delhi,214,Abu Dhabi,"Indian, North Indian, Chinese",100,Emirati Diram(AED),No,Yes,4.0,525
5703500,Punjab Grill,214,Abu Dhabi,"Indian, North Indian",330,Emirati Diram(AED),Yes,No,4.9,216
18253896,Tamba,214,Abu Dhabi,Indian,500,Emirati Diram(AED),Yes,No,4.7,201
5701917,P.F. Chang's,214,Abu Dhabi,Chinese,250,Emirati Diram(AED),No,No,4.2,435
5702574,The Cheesecake Factory,214,Abu Dhabi,"American, Desserts",200,Emirati Diram(AED),No,No,4.6,586
202321,The Farm,214,Dubai,"Mediterranean, Italian, Thai, European",280,Emirati Diram(AED),Yes,No,3.9,927
206488,Maharaja Bhog,214,Dubai,"Indian, Rajasthani",90,Emirati Diram(AED),Yes,Yes,4.1,1448
209654,Rasoi Ghar,214,Dubai,Indian,90,Emirati Diram(AED),Yes,Yes,4.3,1281
18340881,Barbeque Nation,214,Dubai,"Indian, North Indian",150,Emirati Diram(AED),Yes,No,4.5,307
18233284,Farzi Cafe,214,Dubai,"International, Indian",200,Emirati Diram(AED),Yes,No,4.5,909
18269368,AB's Absolute Barbecues,214,Dubai,"Continental, Indian",160,Emirati Diram(AED),Yes,No,4.9,641
18254160,Carnival By Tresind,214,Dubai,Indian,500,Emirati Diram(AED),Yes,No,4.9,322
208939,AB's Absolute Barbecues,214,Dubai,"Indian, Continental",160,Emirati Diram(AED),Yes,No,4.8,2510
201531,Hard Rock Cafe,214,Dubai,"American, Burger",300,Emirati Diram(AED),No,No,4.5,1388
208965,The Coffee Club,214,Dubai,Cafe,140,Emirati Diram(AED),No,Yes,4.5,403
208778,SALT,214,Dubai,"Fast Food, Burger",100,Emirati Diram(AED),No,No,4.3,1351
209703,Din Tai Fung,214,Dubai,"Asian, Chinese",160,Emirati Diram(AED),No,No,4.3,661
18381837,SpiceKlub,214,Dubai,"Indian, North Indian, Street Food",150,Emirati Diram(AED),Yes,No,4.4,281
208850,Tresind - Nassima Royal Hotel,214,Dubai,Indian,500,Emirati Diram(AED),Yes,No,4.9,1352
210134,Grand Barbeque Buffet Restaurant,214,Dubai,"Indian, Asian",150,Emirati Diram(AED),Yes,Yes,4.4,552
201044,Red Lobster,214,Dubai,"Seafood, American",285,Emirati Diram(AED),No,No,3.2,506
201340,The Cheesecake Factory,214,Dubai,"American, Desserts",270,Emirati Diram(AED),No,No,4.7,2424
18289126,Parker's,214,Dubai,"Cafe, Burger",170,Emirati Diram(AED),No,No,4.3,386
202507,Applebee's,214,Dubai,"American, Mexican, Burger",250,Emirati Diram(AED),No,Yes,3.7,500
210139,Grub Shack,214,Dubai,"Goan, Chinese, Indian, North Indian",130,Emirati Diram(AED),Yes,Yes,4.3,544
5600424,Kamat,214,Sharjah,"Indian, North Indian, South Indian, Chinese",85,Emirati Diram(AED),No,Yes,3.9,285
5602751,Vadakkan Pepper,214,Sharjah,South Indian,70,Emirati Diram(AED),No,Yes,3.8,210
5600457,Gazebo,214,Sharjah,"Indian, Mughlai, South Indian, Biryani",120,Emirati Diram(AED),No,Yes,4.1,372
5600642,Katis Restaurant,214,Sharjah,"Indian, North Indian, Chinese",65,Emirati Diram(AED),No,No,4.3,316
18268134,Zaroob,214,Sharjah,Lebanese,110,Emirati Diram(AED),No,Yes,3.9,69
18376208,Derby,214,Sharjah,"Fast Food, American",40,Emirati Diram(AED),No,No,4.1,33
5600959,Nayaab Haandi,214,Sharjah,"Pakistani, Indian",100,Emirati Diram(AED),No,Yes,4.1,449
5600103,Najmat Lahore Restaurant,214,Sharjah,"Pakistani, Indian, Mughlai",80,Emirati Diram(AED),No,Yes,4.2,504
5602586,Saffron,214,Sharjah,"Pakistani, Chinese, Indian, Afghani",90,Emirati Diram(AED),No,Yes,4.1,192
5600961,Pizza Hut,214,Sharjah,"Fast Food, Pizza",80,Emirati Diram(AED),No,No,2.4,154
5600960,Al Mukhtar Bakery,214,Sharjah,"Bakery, Arabian, Middle Eastern",50,Emirati Diram(AED),No,No,4.2,142
5601340,Aroos Damascus,214,Sharjah,"Arabian, Middle Eastern",60,Emirati Diram(AED),No,No,4.2,444
5600701,Nando's,214,Sharjah,"African, Portuguese",160,Emirati Diram(AED),No,Yes,4.2,265
5601404,Peking Chinese Restaurant,214,Sharjah,"Chinese, Thai",130,Emirati Diram(AED),No,Yes,3.8,227
5600556,TGI Friday's,214,Sharjah,"American, Mexican",250,Emirati Diram(AED),No,Yes,3.9,357
5602055,Rajasthan Al Malaki,214,Sharjah,"Indian, North Indian",60,Emirati Diram(AED),No,No,4.8,459
5601521,Applebee's,214,Sharjah,"American, Mexican, Burger",250,Emirati Diram(AED),No,Yes,4.1,197
5602377,Paper Fig,214,Sharjah,"Cafe, Bakery, Desserts",150,Emirati Diram(AED),No,No,4.5,143
5602884,Sis Burger,214,Sharjah,"Fast Food, Burger",50,Emirati Diram(AED),No,No,3.8,12
5602942,Crafted Blends,214,Sharjah,Cafe,110,Emirati Diram(AED),No,No,4.2,43
3400025,Jahanpanah,1,Agra,"North Indian, Mughlai",850,Indian Rupees(Rs.),No,No,3.9,140
3400341,Rangrezz Restaurant,1,Agra,"North Indian, Mughlai",700,Indian Rupees(Rs.),No,No,3.5,71
3400005,Time2Eat - Mama Chicken,1,Agra,North Indian,500,Indian Rupees(Rs.),No,No,3.6,94
3400021,Chokho Jeeman Marwari Jain Bhojanalya,1,Agra,Rajasthani,400,Indian Rupees(Rs.),No,No,4.0,87
3400017,Pinch Of Spice,1,Agra,"North Indian, Chinese, Mughlai",1000,Indian Rupees(Rs.),No,No,4.2,177
3400325,MoMo Cafe,1,Agra,"North Indian, European",2000,Indian Rupees(Rs.),No,No,4.0,45
3400059,Peshawri - ITC Mughal,1,Agra,"North Indian, Mughlai",2500,Indian Rupees(Rs.),No,No,4.3,133
3400060,Taj Bano - ITC Mughal,1,Agra,Mughlai,2500,Indian Rupees(Rs.),No,No,4.0,41
3400348,G Thal,1,Agra,"Rajasthani, Gujarati, Mughlai",800,Indian Rupees(Rs.),No,No,3.6,59
3400072,Dawat-e-Nawab - Radisson Blu,1,Agra,"North Indian, Mughlai",3600,Indian Rupees(Rs.),No,No,3.8,46
3400073,The Latitude - Radisson Blu,1,Agra,"North Indian, Chinese, Continental",0,Indian Rupees(Rs.),No,No,3.9,103
3400019,Dasaprakash Restaurant,1,Agra,"South Indian, Desserts",550,Indian Rupees(Rs.),No,No,4.1,121
3400033,The Charcoal Chimney,1,Agra,"North Indian, Chinese, Continental, Mughlai",1100,Indian Rupees(Rs.),No,No,3.4,70
3400346,Sheroes Hangout,1,Agra,"Cafe, North Indian, Chinese",0,Indian Rupees(Rs.),No,No,4.9,77
3400350,Bon Barbecue,1,Agra,"North Indian, Chinese, Continental",1500,Indian Rupees(Rs.),No,No,3.8,57
3400391,Chapter 1 Cafe,1,Agra,"Cafe, Italian, Mexican, North Indian, Continental",0,Indian Rupees(Rs.),No,No,3.9,98
3400016,Pind Balluchi,1,Agra,"North Indian, Mughlai",900,Indian Rupees(Rs.),No,No,3.7,175
3400105,Pizza Hut,1,Agra,"Italian, Pizza",700,Indian Rupees(Rs.),No,No,4.4,134
3400326,Tea'se Me - Rooftop Tea Boutique,1,Agra,"Chinese, Italian, Continental, North Indian",1000,Indian Rupees(Rs.),No,No,4.2,166
3400392,Thaaliwala,1,Agra,"North Indian, Fast Food",700,Indian Rupees(Rs.),No,No,4.1,168
111895,650 - The Global Kitchen,1,Ahmedabad,"Chinese, Italian, North Indian, Mexican, Mediterranean, Thai",900,Indian Rupees(Rs.),No,No,4.2,1582
110502,Patang - The Revolving Restaurant,1,Ahmedabad,"Continental, Chinese, North Indian",1800,Indian Rupees(Rs.),No,No,3.7,1315
18396250,Huber & Holly,1,Ahmedabad,"Ice Cream, Desserts, Continental",300,Indian Rupees(Rs.),No,Yes,4.5,217
113702,@Mango,1,Ahmedabad,"North Indian, Continental, Mexican, Italian",800,Indian Rupees(Rs.),No,No,4.1,769
113433,Fozzie's Pizzaiolo,1,Ahmedabad,"Pizza, Italian, Beverages, Desserts",900,Indian Rupees(Rs.),No,Yes,4.3,731
18438909,La Pino'z Pizza,1,Ahmedabad,"Pizza, Italian",500,Indian Rupees(Rs.),No,Yes,4.4,113
18143128,Mocha,1,Ahmedabad,"Cafe, Continental, Desserts",1000,Indian Rupees(Rs.),No,Yes,4.4,944
18438944,Blue -  Rooftop Cafe Restaurant Bistro,1,Ahmedabad,"North Indian, Cafe, Italian, Mexican, Continental",1000,Indian Rupees(Rs.),No,Yes,3.8,63
110436,MoMo Caf? - Courtyard By Marriott,1,Ahmedabad,"North Indian, South Indian, Asian, Continental",1400,Indian Rupees(Rs.),No,No,3.6,375
18385201,Cryo Lab,1,Ahmedabad,"Desserts, Ice Cream",350,Indian Rupees(Rs.),No,No,4.6,166
110395,Swati Snacks,1,Ahmedabad,"Fast Food, Street Food, South Indian",450,Indian Rupees(Rs.),No,No,4.4,697
18335583,Brick Kitchen,1,Ahmedabad,"North Indian, Chinese, Continental",900,Indian Rupees(Rs.),No,No,4.3,325
110237,Kabir Restaurant,1,Ahmedabad,"North Indian, Chinese, Continental, Desserts, Fast Food, Sandwich",600,Indian Rupees(Rs.),No,Yes,3.8,432
113537,Puffizza,1,Ahmedabad,"Italian, Fast Food",700,Indian Rupees(Rs.),No,Yes,4.3,744
113703,Cafe Alfresco,1,Ahmedabad,"Cafe, Beverages, Desserts, Pizza",700,Indian Rupees(Rs.),No,Yes,4.0,404
18385186,The Cafe Baraco,1,Ahmedabad,"Cafe, Italian",600,Indian Rupees(Rs.),No,Yes,4.4,317
113325,Nini's Kitchen,1,Ahmedabad,"North Indian, Continental, Beverages, Italian, Burger, Healthy Food, Mediterranean",950,Indian Rupees(Rs.),No,Yes,4.5,1138
111826,Yanki Sizzlers,1,Ahmedabad,"Continental, Italian, Chinese",1200,Indian Rupees(Rs.),No,No,4.1,1041
110516,The Garden Cafe - The Fern,1,Ahmedabad,"North Indian, Italian, Asian, South Indian",1200,Indian Rupees(Rs.),No,No,4.1,192
18371341,Mazzo,1,Ahmedabad,"Cafe, American, Continental, Armenian, Fast Food",550,Indian Rupees(Rs.),No,Yes,3.9,166
113570,Turquoise Villa,1,Ahmedabad,Continental,1200,Indian Rupees(Rs.),No,No,4.0,535
2400020,Aryan Family's Delight,1,Allahabad,"North Indian, South Indian, Fast Food",500,Indian Rupees(Rs.),No,No,3.4,57
2400148,Bean Here,1,Allahabad,"Cafe, Fast Food",350,Indian Rupees(Rs.),No,No,3.3,76
2400019,Bikanerwala,1,Allahabad,"North Indian, Street Food, Fast Food",500,Indian Rupees(Rs.),No,No,3.2,51
2400193,Dewsis,1,Allahabad,"North Indian, Chinese",600,Indian Rupees(Rs.),No,No,3.4,99
2400027,Friends Forever,1,Allahabad,"North Indian, Chinese",600,Indian Rupees(Rs.),No,No,3.4,83
17960073,Hotel Ravisha Continental,1,Allahabad,"North Indian, South Indian, Chinese",600,Indian Rupees(Rs.),No,No,3.4,18
2400119,KFC,1,Allahabad,"American, Fast Food",500,Indian Rupees(Rs.),No,No,3.4,58
2400014,McDonald's,1,Allahabad,Fast Food,400,Indian Rupees(Rs.),No,No,3.3,53
2400403,Pind Balluchi,1,Allahabad,"North Indian, Mughlai",800,Indian Rupees(Rs.),No,No,3.2,6
2400349,Pizza Hut,1,Allahabad,"Italian, Pizza",700,Indian Rupees(Rs.),No,No,3.4,35
2400279,Subway,1,Allahabad,"Fast Food, American, Salad, Healthy Food",400,Indian Rupees(Rs.),No,No,3.4,32
2400017,Tandoor Restaurant,1,Allahabad,"North Indian, Chinese",500,Indian Rupees(Rs.),No,No,3.2,151
18317988,The BrewMaster,1,Allahabad,"North Indian, Chinese, Italian",0,Indian Rupees(Rs.),No,No,3.3,49
2400144,The Tamarind Tree,1,Allahabad,"South Indian, Chinese",500,Indian Rupees(Rs.),No,No,3.4,106
2400195,Cafe El Chico,1,Allahabad,"Continental, Italian",1000,Indian Rupees(Rs.),No,No,3.6,59
2400052,Eat On,1,Allahabad,North Indian,200,Indian Rupees(Rs.),No,No,3.7,105
2400016,Hot Stuff,1,Allahabad,"North Indian, Fast Food",500,Indian Rupees(Rs.),No,No,3.5,105
2400293,Paradise,1,Allahabad,"Desserts, Fast Food",500,Indian Rupees(Rs.),No,No,3.6,57
2400009,Sagar Ratna,1,Allahabad,"South Indian, North Indian, Chinese, Continental",400,Indian Rupees(Rs.),No,No,3.5,134
2400010,Moti Mahal Delux,1,Allahabad,"Mughlai, North Indian, Chinese",800,Indian Rupees(Rs.),No,No,3.3,58
2200011,Makhan Fish and Chicken Corner,1,Amritsar,"North Indian, Chinese",700,Indian Rupees(Rs.),No,No,3.4,345
2200078,Charming Chicken,1,Amritsar,North Indian,300,Indian Rupees(Rs.),No,No,3.9,151
18204507,Ahuja Milk Bhandar,1,Amritsar,Beverages,100,Indian Rupees(Rs.),No,No,4.0,52
2200030,Crystal Restaurant,1,Amritsar,"North Indian, Mughlai",800,Indian Rupees(Rs.),No,No,3.4,122
2200201,Brijwasi Chat Bhandar,1,Amritsar,Street Food,150,Indian Rupees(Rs.),No,No,3.6,56
2200067,Bubby Fish & Chicken Corner,1,Amritsar,North Indian,300,Indian Rupees(Rs.),No,No,3.5,91
2200358,Bon Gateau,1,Amritsar,"Cafe, Bakery, Fast Food",500,Indian Rupees(Rs.),No,No,3.4,26
2200001,The Yellow Chilli,1,Amritsar,"North Indian, Mughlai, Chinese",1200,Indian Rupees(Rs.),No,No,3.4,98
2200033,La Roma Pizzeria,1,Amritsar,"Fast Food, Italian",400,Indian Rupees(Rs.),No,No,3.5,111
2200283,Sakhis Watz Kukin,1,Amritsar,"North Indian, Chinese",700,Indian Rupees(Rs.),No,No,3.6,51
2200045,The Kulcha Land,1,Amritsar,"North Indian, Street Food",200,Indian Rupees(Rs.),No,No,3.9,206
2200149,Shudh Restaurant,1,Amritsar,"North Indian, South Indian, Chinese, Fast Food",600,Indian Rupees(Rs.),No,No,3.4,44
2200043,Bade Bhai Ka Brothers' Dhaba,1,Amritsar,"North Indian, Fast Food",500,Indian Rupees(Rs.),No,No,3.7,94
2200044,Bharawan Da Dhaba,1,Amritsar,"North Indian, Fast Food",500,Indian Rupees(Rs.),No,No,3.5,461
2200132,Brothers Dhaba,1,Amritsar,North Indian,500,Indian Rupees(Rs.),No,No,3.8,276
2200236,Brothers' Amritsari Dhaba,1,Amritsar,North Indian,400,Indian Rupees(Rs.),No,No,3.8,71
2200175,Gurdas Ram Jalebi Wala,1,Amritsar,Mithai,100,Indian Rupees(Rs.),No,No,4.1,104
2200000,Kesar Da Dhabha,1,Amritsar,North Indian,500,Indian Rupees(Rs.),No,No,4.1,878
2200055,Beera Chicken Corner,1,Amritsar,North Indian,500,Indian Rupees(Rs.),No,No,3.8,192
2200034,Surjit Food Plaza,1,Amritsar,North Indian,1000,Indian Rupees(Rs.),No,No,3.5,96
2200153,Kanha Sweets,1,Amritsar,Fast Food,150,Indian Rupees(Rs.),No,No,4.1,140
2500023,Kream N Krunch,1,Aurangabad,"North Indian, Chinese, Continental, Italian",800,Indian Rupees(Rs.),No,No,3.6,240
2500076,Balbeer's Kitchen & Bar,1,Aurangabad,"Italian, Continental, Chinese, North Indian",850,Indian Rupees(Rs.),No,No,3.3,65
2500054,Angeethi Restaurant,1,Aurangabad,"North Indian, Chinese",600,Indian Rupees(Rs.),No,No,3.3,63
2500134,Domino's Pizza,1,Aurangabad,Pizza,700,Indian Rupees(Rs.),No,No,3.1,19
2500069,Hotel Laadli,1,Aurangabad,"North Indian, South Indian",350,Indian Rupees(Rs.),No,No,3.4,46
2500256,Indiana Veg Restaurant,1,Aurangabad,"South Indian, North Indian, Chinese, Fast Food",450,Indian Rupees(Rs.),No,No,3.4,75
2500024,Madhuban Restaurant - Welcome Hotel Rama International,1,Aurangabad,"North Indian, Chinese, Continental, Italian, Mexican",1800,Indian Rupees(Rs.),No,No,3.4,94
2500075,Mauj Restaurant,1,Aurangabad,"Italian, Fast Food, North Indian, Chinese",500,Indian Rupees(Rs.),No,No,3.3,47
2500029,Naivedya,1,Aurangabad,North Indian,500,Indian Rupees(Rs.),No,No,3.4,71
2500079,d' Curry House,1,Aurangabad,"Continental, Chinese, Biryani, North Indian",1000,Indian Rupees(Rs.),No,No,3.6,73
2500343,Mokoholic Juice Bar,1,Aurangabad,"Juices, Desserts",300,Indian Rupees(Rs.),No,No,3.5,21
2500052,Ashoka's Veg Restaurant,1,Aurangabad,"South Indian, Chinese, North Indian",400,Indian Rupees(Rs.),No,No,3.3,46
2500062,Kareem's Fine Dining,1,Aurangabad,"Mughlai, Biryani",700,Indian Rupees(Rs.),No,No,3.3,45
2500056,That Baat,1,Aurangabad,Maharashtrian,450,Indian Rupees(Rs.),No,No,3.4,34
2500030,Bhoj Restaurant,1,Aurangabad,North Indian,450,Indian Rupees(Rs.),No,No,3.7,89
2500390,Downside Up,1,Aurangabad,"Cafe, Mughlai, North Indian",400,Indian Rupees(Rs.),No,No,3.2,8
2500007,Kareem's Kabab & Biryani,1,Aurangabad,Mughlai,650,Indian Rupees(Rs.),No,No,3.4,39
2500123,Great Sagar Restaurant,1,Aurangabad,"North Indian, Mughlai",600,Indian Rupees(Rs.),No,No,3.3,74
2500122,Kailash Restaurant,1,Aurangabad,"North Indian, Chinese, South Indian, Fast Food",450,Indian Rupees(Rs.),No,No,3.3,76
2500346,Yalla Yalla,1,Aurangabad,"North Indian, Hyderabadi",500,Indian Rupees(Rs.),No,No,3.3,71
50943,Sultans of Spice,1,Bangalore,"North Indian, Mughlai",1300,Indian Rupees(Rs.),Yes,Yes,4.1,2416
58268,The Fatty Bao - Asian Gastro Bar,1,Bangalore,Asian,2400,Indian Rupees(Rs.),Yes,Yes,4.7,2369
51705,Toit,1,Bangalore,"Italian, American, Pizza",2000,Indian Rupees(Rs.),No,No,4.8,10934
18162866,Three Dots & A Dash,1,Bangalore,"European, Continental",1300,Indian Rupees(Rs.),Yes,No,3.9,1354
18407918,Bombay Brasserie,1,Bangalore,Modern Indian,1500,Indian Rupees(Rs.),No,Yes,4.2,231
56464,Glen's Bakehouse,1,Bangalore,"Bakery, Desserts, Cafe",800,Indian Rupees(Rs.),No,No,4.0,3533
18221572,Onesta,1,Bangalore,"Pizza, Cafe, Italian",600,Indian Rupees(Rs.),No,Yes,4.3,1413
18359919,Onesta,1,Bangalore,"Pizza, Cafe, Italian",600,Indian Rupees(Rs.),No,No,4.6,781
18439634,ECHOES Koramangala,1,Bangalore,"Continental, American, Italian, North Indian, Chinese, Cafe",950,Indian Rupees(Rs.),No,No,4.7,276
51040,Truffles,1,Bangalore,"American, Burger, Cafe",800,Indian Rupees(Rs.),No,Yes,4.7,9667
54162,The Black Pearl,1,Bangalore,"North Indian, European, Mediterranean",1400,Indian Rupees(Rs.),Yes,No,4.1,5385
18305628,Eat Street,1,Bangalore,"North Indian, Chinese, Italian, Street Food, Desserts",400,Indian Rupees(Rs.),No,Yes,4.3,753
18385443,Koramangala Social,1,Bangalore,"Continental, American",1500,Indian Rupees(Rs.),No,No,4.5,1288
56618,AB's - Absolute Barbecues,1,Bangalore,"European, Mediterranean, North Indian",1400,Indian Rupees(Rs.),No,No,4.6,6907
18353121,Flechazo,1,Bangalore,"Asian, Mediterranean, North Indian",1200,Indian Rupees(Rs.),Yes,No,4.4,983
18366652,Onesta,1,Bangalore,"Pizza, Cafe, Italian",600,Indian Rupees(Rs.),No,No,4.6,627
18430785,Communiti,1,Bangalore,Continental,1200,Indian Rupees(Rs.),No,No,4.2,334
58882,Big Brewsky,1,Bangalore,"Finger Food, North Indian, Italian, Continental, Thai, South Indian",1800,Indian Rupees(Rs.),Yes,Yes,4.5,5705
18422898,Hoot,1,Bangalore,"Continental, Italian, North Indian",1400,Indian Rupees(Rs.),No,No,3.9,405
18339874,Farzi Cafe,1,Bangalore,Modern Indian,1500,Indian Rupees(Rs.),No,No,4.4,754
2600472,Black N White Cafe,1,Bhopal,"Cafe, Chinese, North Indian",200,Indian Rupees(Rs.),No,No,3.3,51
2600514,Maybe There,1,Bhopal,Cafe,600,Indian Rupees(Rs.),No,No,3.4,63
2600109,Sagar Gaire Fast Food,1,Bhopal,Fast Food,250,Indian Rupees(Rs.),No,No,4.9,427
2600311,The Kasbah,1,Bhopal,"North Indian, Chinese",700,Indian Rupees(Rs.),No,No,3.9,126
2600008,Bake N Shake,1,Bhopal,Fast Food,500,Indian Rupees(Rs.),No,No,4.2,223
2600031,10 Downing Street,1,Bhopal,"North Indian, Chinese",1000,Indian Rupees(Rs.),No,No,4.0,257
2600250,Chi Kitchen,1,Bhopal,Chinese,1000,Indian Rupees(Rs.),No,No,4.0,103
2600025,Pizza Hut,1,Bhopal,Pizza,650,Indian Rupees(Rs.),No,No,4.1,118
2600494,Kafe Kulture,1,Bhopal,"Cafe, Fast Food",600,Indian Rupees(Rs.),No,No,3.8,98
18108352,Violet Hour,1,Bhopal,Bakery,500,Indian Rupees(Rs.),No,No,3.8,33
2600079,Bapu Ki Kutia,1,Bhopal,"North Indian, Chinese, South Indian, Fast Food",550,Indian Rupees(Rs.),No,No,3.5,175
2600340,Da pizzeria,1,Bhopal,"Pizza, Italian, Fast Food",500,Indian Rupees(Rs.),No,No,3.6,111
18461339,Papa Mexicano,1,Bhopal,"Fast Food, Mexican, Tex-Mex",350,Indian Rupees(Rs.),No,No,3.6,20
2600010,Bake N Shake,1,Bhopal,Fast Food,500,Indian Rupees(Rs.),No,No,4.1,103
2600230,Manohar Dairy And Restaurant,1,Bhopal,"North Indian, South Indian, Street Food, Bakery",400,Indian Rupees(Rs.),No,No,4.4,243
2600003,Manohar Dairy And Restaurant,1,Bhopal,"North Indian, South Indian, Street Food, Bakery",400,Indian Rupees(Rs.),No,No,4.1,238
2600303,Kebabsville - Sayaji Hotel,1,Bhopal,North Indian,1800,Indian Rupees(Rs.),No,No,4.3,128
2600180,Indian Coffee House,1,Bhopal,South Indian,500,Indian Rupees(Rs.),No,No,3.9,161
2600393,The Urban Socialite,1,Bhopal,"Italian, Mexican, Chinese",900,Indian Rupees(Rs.),No,No,3.8,79
2600007,Bake N Shake,1,Bhopal,Fast Food,500,Indian Rupees(Rs.),No,No,4.3,120
2900587,Tyre Patty,1,Bhubaneshwar,Cafe,500,Indian Rupees(Rs.),No,No,3.9,289
2900354,Silver Streak,1,Bhubaneshwar,Chinese,550,Indian Rupees(Rs.),No,No,4.1,379
2900633,Barbeque Nation,1,Bhubaneshwar,"Mediterranean, Asian, Continental, North Indian, Arabian",1200,Indian Rupees(Rs.),No,No,4.6,154
18408676,Central Perk 7,1,Bhubaneshwar,"Cafe, Charcoal Grill, Steak",600,Indian Rupees(Rs.),No,No,4.5,145
2900234,The Chicken Dinesty,1,Bhubaneshwar,"Fast Food, North Indian, Chinese",500,Indian Rupees(Rs.),No,No,3.9,247
2900550,Taste Of China,1,Bhubaneshwar,Chinese,500,Indian Rupees(Rs.),No,No,4.0,145
18362677,Michael's Kitchen,1,Bhubaneshwar,"North Indian, Asian, European",850,Indian Rupees(Rs.),No,No,3.7,118
2900044,Mamma Mia - Mayfair Lagoon,1,Bhubaneshwar,"Cafe, Italian, Mexican, Bakery",1400,Indian Rupees(Rs.),No,No,4.1,256
2900469,99 North Restaurant,1,Bhubaneshwar,"North Indian, Chinese",450,Indian Rupees(Rs.),No,No,3.6,173
2900219,Adda,1,Bhubaneshwar,"North Indian, Chinese, Mexican, Beverages",600,Indian Rupees(Rs.),No,No,3.8,424
2900473,Chill Ummm,1,Bhubaneshwar,"Chinese, North Indian, Cafe",450,Indian Rupees(Rs.),No,No,3.7,338
2900020,Lal Qila,1,Bhubaneshwar,"Mughlai, Chinese, North Indian",500,Indian Rupees(Rs.),No,No,3.7,228
2900562,Richard's Kitchen & Coffee Bar,1,Bhubaneshwar,"Cafe, Chinese, Fast Food, Seafood",450,Indian Rupees(Rs.),No,No,3.8,253
18413814,Aangan Horizon,1,Bhubaneshwar,"North Indian, Chinese, Continental",900,Indian Rupees(Rs.),No,No,4.0,90
18235390,Brewberrys The Coffee Bar,1,Bhubaneshwar,Cafe,400,Indian Rupees(Rs.),No,No,4.0,197
2900640,Chai Break,1,Bhubaneshwar,"Italian, Cafe, Chinese, Continental",800,Indian Rupees(Rs.),No,No,4.3,69
18271459,JUGAAD JN.,1,Bhubaneshwar,"North Indian, Rajasthani",300,Indian Rupees(Rs.),No,No,4.1,199
18377283,Cha cTea,1,Bhubaneshwar,"Cafe, Tea",500,Indian Rupees(Rs.),No,No,3.8,56
18408600,Food Fever,1,Bhubaneshwar,"Chinese, North Indian",900,Indian Rupees(Rs.),No,No,4.2,49
2900012,Mainland China,1,Bhubaneshwar,Chinese,1500,Indian Rupees(Rs.),No,No,4.3,345
18436042,Eram Rooftop,1,Bhubaneshwar,"Asian, Continental",400,Indian Rupees(Rs.),No,No,3.5,89
122003,The Night Factory,1,Chandigarh,"North Indian, Chinese, Continental, Pizza",850,Indian Rupees(Rs.),No,Yes,3.7,665
121552,Brooklyn Central,1,Chandigarh,"American, Cafe",1600,Indian Rupees(Rs.),No,No,4.2,676
121214,Chili's,1,Chandigarh,"Mexican, American, Italian",1400,Indian Rupees(Rs.),No,Yes,4.3,970
121553,Kylin Experience,1,Chandigarh,"Japanese, Chinese, Thai, Malaysian, Burmese, Asian",1600,Indian Rupees(Rs.),No,No,4.1,300
121312,Mocha,1,Chandigarh,"Continental, Italian, Thai, Finger Food",1400,Indian Rupees(Rs.),No,No,4.0,428
121335,Pirates of Grill,1,Chandigarh,"North Indian, Continental, Asian",1200,Indian Rupees(Rs.),No,No,4.0,1022
120014,Barbeque Nation,1,Chandigarh,"North Indian, Chinese",1300,Indian Rupees(Rs.),No,No,4.5,1450
123125,TGI Friday's,1,Chandigarh,"American, Tex-Mex",1800,Indian Rupees(Rs.),No,No,4.3,228
120221,Pal Dhaba,1,Chandigarh,North Indian,700,Indian Rupees(Rs.),No,No,3.8,982
122064,Midnight Chef,1,Chandigarh,"North Indian, Chinese, Continental, Italian, Burger",1000,Indian Rupees(Rs.),No,Yes,3.4,502
120203,Nik Baker's,1,Chandigarh,"Bakery, Desserts, Cafe",650,Indian Rupees(Rs.),No,No,4.1,698
120219,OvenFresh,1,Chandigarh,"Cafe, Bakery",650,Indian Rupees(Rs.),No,No,4.1,397
121425,Super Donuts,1,Chandigarh,"Burger, Fast Food, Desserts, Beverages",450,Indian Rupees(Rs.),No,Yes,4.0,265
123010,Taco Bell,1,Chandigarh,"Mexican, Fast Food",600,Indian Rupees(Rs.),No,Yes,4.2,252
123294,Karim's,1,Chandigarh,"Mughlai, North Indian",800,Indian Rupees(Rs.),No,No,3.3,86
121120,Virgin Courtyard,1,Chandigarh,Italian,2200,Indian Rupees(Rs.),No,No,4.4,817
122940,Burgrill,1,Chandigarh,"Burger, Fast Food",500,Indian Rupees(Rs.),No,Yes,4.5,249
122830,Uncle Jack's,1,Chandigarh,"Desserts, American",600,Indian Rupees(Rs.),No,No,4.0,356
69024,That Madras Place,1,Chennai,"European, Italian, Desserts",800,Indian Rupees(Rs.),Yes,Yes,4.2,1810
72475,Haunted,1,Chennai,"North Indian, Chinese, Arabian",800,Indian Rupees(Rs.),Yes,Yes,3.8,519
70431,Pantry d'or,1,Chennai,"Continental, Cafe, Italian, Desserts",750,Indian Rupees(Rs.),Yes,Yes,4.4,1504
71443,Palmshore,1,Chennai,"North Indian, Mughlai, Chinese, South Indian",850,Indian Rupees(Rs.),Yes,Yes,4.2,841
73088,Chili's,1,Chennai,"Mexican, American, Tex-Mex, Burger",1700,Indian Rupees(Rs.),Yes,Yes,4.8,1262
18423075,Writer's Cafe,1,Chennai,"Cafe, European",450,Indian Rupees(Rs.),No,Yes,4.2,191
70890,Fusilli Reasons,1,Chennai,Italian,350,Indian Rupees(Rs.),No,No,4.6,1510
71492,Ciclo Cafe,1,Chennai,"Cafe, Continental",1100,Indian Rupees(Rs.),No,No,4.1,1004
70092,Kaidi Kitchen,1,Chennai,"Italian, Mexican, Chinese, Thai, North Indian",1500,Indian Rupees(Rs.),Yes,Yes,4.0,1820
70393,Bombay Brasserie,1,Chennai,North Indian,1200,Indian Rupees(Rs.),Yes,Yes,4.6,1753
70894,Maplai,1,Chennai,"South Indian, Chettinad",1000,Indian Rupees(Rs.),Yes,No,4.2,1714
73279,Paradise,1,Chennai,"Biryani, North Indian",900,Indian Rupees(Rs.),No,Yes,3.8,1317
69951,L'amandier,1,Chennai,"European, Cafe, Italian",1200,Indian Rupees(Rs.),Yes,Yes,4.3,1607
72497,Palmshore,1,Chennai,"North Indian, Mughlai, Chinese, South Indian",850,Indian Rupees(Rs.),Yes,Yes,4.4,645
65413,Palmshore,1,Chennai,"North Indian, Mughlai, Chinese, South Indian",850,Indian Rupees(Rs.),Yes,Yes,4.3,742
70497,Basil With A Twist,1,Chennai,"Continental, Cafe, Spanish, Italian, European, Greek, Mediterranean",1500,Indian Rupees(Rs.),Yes,Yes,4.5,1210
65055,Barbeque Nation,1,Chennai,"North Indian, Continental",2000,Indian Rupees(Rs.),No,No,4.4,3848
18384227,AB's - Absolute Barbecues,1,Chennai,"North Indian, European, Mediterranean",1600,Indian Rupees(Rs.),No,No,4.9,859
72604,Coal Barbecues,1,Chennai,"North Indian, Mediterranean, Asian, Arabian",1400,Indian Rupees(Rs.),No,No,4.6,1267
66457,Pind,1,Chennai,"North Indian, Chinese",900,Indian Rupees(Rs.),Yes,No,4.0,2272
18260777,Kuchi n Kream,1,Coimbatore,"Cafe, Continental, Fast Food",800,Indian Rupees(Rs.),No,Yes,4.6,202
3000107,Haribhavanam Hotel,1,Coimbatore,"South Indian, Chettinad, North Indian",600,Indian Rupees(Rs.),No,No,3.9,318
3000132,Kites Cafe,1,Coimbatore,Cafe,400,Indian Rupees(Rs.),No,Yes,3.8,124
3000122,Zucca Pizzeria,1,Coimbatore,Pizza,600,Indian Rupees(Rs.),No,Yes,3.5,274
3001032,Burger Ka Baap,1,Coimbatore,Fast Food,500,Indian Rupees(Rs.),No,No,4.3,147
3000021,The Cascade Restaurant,1,Coimbatore,Chinese,1200,Indian Rupees(Rs.),No,Yes,4.1,243
18434000,24 Plus Cafe & Restaurant,1,Coimbatore,"Continental, Fast Food, Desserts, Indian",450,Indian Rupees(Rs.),No,No,3.8,24
3000195,Valarmathi Kongunaatu Samayal,1,Coimbatore,"South Indian, Biryani",350,Indian Rupees(Rs.),No,No,4.5,380
3000126,Bird On Tree,1,Coimbatore,"Continental, Chinese, Thai, Malaysian, North Indian",1200,Indian Rupees(Rs.),No,No,3.8,221
18280306,Tim's Bistro,1,Coimbatore,"North Indian, Continental",700,Indian Rupees(Rs.),No,Yes,3.9,85
3001489,Batlivala & Khanabhoy,1,Coimbatore,"Parsi, North Indian",1200,Indian Rupees(Rs.),No,No,4.2,40
3000770,Cafe Totaram,1,Coimbatore,"Cafe, Fast Food",600,Indian Rupees(Rs.),No,Yes,4.0,132
3000062,Cream Centre,1,Coimbatore,"North Indian, Chinese, Italian, Mexican",1000,Indian Rupees(Rs.),No,No,4.0,203
3000016,On The Go,1,Coimbatore,"Italian, North Indian, Desserts",1500,Indian Rupees(Rs.),No,No,4.0,215
3000014,Sree Annapoorna,1,Coimbatore,"South Indian, North Indian, Chinese",400,Indian Rupees(Rs.),No,No,4.3,225
3000001,That's Y Food,1,Coimbatore,"North Indian, Biryani",1400,Indian Rupees(Rs.),No,No,4.2,299
3001321,CakeBee,1,Coimbatore,"Bakery, Desserts",350,Indian Rupees(Rs.),No,Yes,4.9,200
3000996,Yari,1,Coimbatore,"North Indian, Chinese, Street Food",700,Indian Rupees(Rs.),No,No,4.2,221
3001065,Cream Stone,1,Coimbatore,"Desserts, Ice Cream",300,Indian Rupees(Rs.),No,No,4.3,161
3000048,Barbeque Nation,1,Coimbatore,"North Indian, European, Mediterranean",1400,Indian Rupees(Rs.),No,No,4.4,505
3500012,The Punjabi Essence Restaurant,1,Dehradun,"North Indian, Chinese",800,Indian Rupees(Rs.),No,No,3.6,102
3500007,Tirupati Restaurant,1,Dehradun,"South Indian, North Indian, Chinese",500,Indian Rupees(Rs.),No,No,3.8,115
3500017,Anandam,1,Dehradun,"Desserts, North Indian, Chinese, South Indian, Fast Food, Street Food",650,Indian Rupees(Rs.),No,No,3.9,141
3500018,Town Table Restaurant,1,Dehradun,"North Indian, Chinese, Continental",1000,Indian Rupees(Rs.),No,No,3.9,173
3500011,Kalsang Friends Corner,1,Dehradun,"Chinese, Thai, Tibetan",750,Indian Rupees(Rs.),No,No,4.2,406
18416632,The Great Indian Pub,1,Dehradun,North Indian,1500,Indian Rupees(Rs.),No,No,4.9,50
18279289,BMG - All Day Dining,1,Dehradun,"Chinese, North Indian, Fast Food",0,Indian Rupees(Rs.),No,No,4.3,63
18408585,Punjab Grill,1,Dehradun,"Mughlai, North Indian",1250,Indian Rupees(Rs.),No,No,4.0,98
3500059,TBistro,1,Dehradun,"North Indian, Chinese",550,Indian Rupees(Rs.),No,No,3.8,230
3500081,Y Cafe & Restaurant,1,Dehradun,Cafe,500,Indian Rupees(Rs.),No,No,4.0,94
17971273,Eddie's Patisserie,1,Dehradun,Bakery,350,Indian Rupees(Rs.),No,No,4.1,64
3500365,First Gear Cafe,1,Dehradun,"Cafe, Chinese",700,Indian Rupees(Rs.),No,No,3.9,131
3500013,Dunkin Donuts,1,Dehradun,"Burger, Desserts",600,Indian Rupees(Rs.),No,No,3.9,101
3500024,Doon Darbar,1,Dehradun,"North Indian, Mughlai",600,Indian Rupees(Rs.),No,No,3.9,121
3500488,Razzmatazz,1,Dehradun,Cafe,400,Indian Rupees(Rs.),No,No,3.9,39
3500505,Barbeque Nation,1,Dehradun,"North Indian, Mediterranean, Asian, Chinese",1600,Indian Rupees(Rs.),No,No,4.4,66
3500010,Black Pepper Restaurant,1,Dehradun,"North Indian, Chinese",1200,Indian Rupees(Rs.),No,No,4.0,175
3500414,Cafe Marigold,1,Dehradun,"Cafe, Chinese, Fast Food",500,Indian Rupees(Rs.),No,No,4.1,104
18440677,Jalapenos,1,Dehradun,"Cafe, Mexican",500,Indian Rupees(Rs.),No,No,4.2,68
3500484,Kalsang AMA Cafe,1,Dehradun,Cafe,600,Indian Rupees(Rs.),No,No,4.2,89
301728,Desire Foods,1,Faridabad,"Chinese, Fast Food, Bakery",250,Indian Rupees(Rs.),No,No,2.9,4
5992,Knight Rock,1,Faridabad,"North Indian, Chinese",500,Indian Rupees(Rs.),No,No,2.8,16
301730,Punjab Restaurant,1,Faridabad,North Indian,150,Indian Rupees(Rs.),No,No,2.8,8
301729,Raju Dhaba,1,Faridabad,North Indian,150,Indian Rupees(Rs.),No,No,2.9,8
301731,Rakheja Bakery,1,Faridabad,Bakery,100,Indian Rupees(Rs.),No,No,2.8,7
311053,Snax Points,1,Faridabad,"Chinese, North Indian, Fast Food",300,Indian Rupees(Rs.),No,No,3.0,4
9299,Aggarwal Sweet Corner,1,Faridabad,Mithai,100,Indian Rupees(Rs.),No,No,0.0,1
9178,Kashyap Vaishno Dhaba,1,Faridabad,North Indian,100,Indian Rupees(Rs.),No,No,0.0,3
18477319,Total Food Court,1,Faridabad,"North Indian, Mughlai, Chinese",400,Indian Rupees(Rs.),No,No,0.0,3
18433852,The Chaiwalas,1,Faridabad,Cafe,300,Indian Rupees(Rs.),No,No,0.0,0
304046,Cafe And More,1,Faridabad,"Fast Food, North Indian",300,Indian Rupees(Rs.),No,No,2.9,4
309936,Green Chick Chop,1,Faridabad,"Raw Meats, North Indian, Fast Food",350,Indian Rupees(Rs.),No,No,3.0,7
309927,Kolkata Hot Kathi Rolls,1,Faridabad,"Fast Food, Chinese",300,Indian Rupees(Rs.),No,No,2.9,11
18377449,Aapki Rasoi,1,Faridabad,North Indian,200,Indian Rupees(Rs.),No,No,0.0,1
18465871,Fusion Food Corner,1,Faridabad,"North Indian, Chinese",300,Indian Rupees(Rs.),No,No,0.0,0
18472646,Punjabi Rasoi,1,Faridabad,North Indian,400,Indian Rupees(Rs.),No,No,0.0,0
18037826,Kebab Xpress,1,Faridabad,"North Indian, Mughlai",600,Indian Rupees(Rs.),No,Yes,2.8,49
301163,McDonald's,1,Faridabad,"Fast Food, Burger",500,Indian Rupees(Rs.),No,No,3.4,58
4931,Suruchi,1,Faridabad,"North Indian, South Indian, Gujarati, Rajasthani",700,Indian Rupees(Rs.),No,No,3.4,233
1804,Berco's,1,Faridabad,"Chinese, Thai",1100,Indian Rupees(Rs.),No,Yes,3.8,508
312102,Dunkin' Donuts,1,Faridabad,"Burger, Desserts, Fast Food",600,Indian Rupees(Rs.),No,Yes,3.6,98
18217857,The Chocolate Room,1,Faridabad,"Cafe, Desserts",900,Indian Rupees(Rs.),No,Yes,3.6,59
18471268,Baskin Robbin,1,Faridabad,Desserts,300,Indian Rupees(Rs.),No,No,0.0,0
18381244,Popcorn Fusion,1,Faridabad,Fast Food,200,Indian Rupees(Rs.),No,No,0.0,1
18408041,Subway,1,Faridabad,"American, Fast Food, Salad, Healthy Food",500,Indian Rupees(Rs.),No,No,0.0,2
311051,KFC,1,Faridabad,"American, Fast Food, Burger",500,Indian Rupees(Rs.),No,Yes,2.1,57
18133510,Barbeque Nation,1,Faridabad,North Indian,1600,Indian Rupees(Rs.),No,No,4.0,299
308380,Yo! China,1,Faridabad,Chinese,1300,Indian Rupees(Rs.),No,Yes,4.1,239
6077,Giani's,1,Faridabad,"Ice Cream, Desserts",400,Indian Rupees(Rs.),No,No,3.2,16
308082,Momo-Cha,1,Faridabad,Fast Food,200,Indian Rupees(Rs.),No,Yes,2.7,16
309558,Shree Rathnam,1,Faridabad,"South Indian, North Indian, Chinese",800,Indian Rupees(Rs.),No,Yes,3.4,48
8128,Mirage Restro Bar,1,Faridabad,"North Indian, Mughlai",1000,Indian Rupees(Rs.),Yes,No,2.4,25
304062,Jai Jagannath Hotel,1,Faridabad,South Indian,200,Indian Rupees(Rs.),No,No,0.0,3
9785,Gelato Vinto,1,Faridabad,"Desserts, Ice Cream",250,Indian Rupees(Rs.),No,No,2.8,12
312514,Maggi Point,1,Faridabad,Fast Food,200,Indian Rupees(Rs.),No,No,0.0,2
308961,Angaar,1,Faridabad,"North Indian, Chinese",1200,Indian Rupees(Rs.),Yes,No,0.0,0
308963,TcozY,1,Faridabad,Cafe,1500,Indian Rupees(Rs.),No,No,0.0,0
308962,The Retriever,1,Faridabad,"North Indian, Mughlai, Chinese",1500,Indian Rupees(Rs.),Yes,No,0.0,0
8169,Bangali Sweets & Restaurant,1,Faridabad,Mithai,100,Indian Rupees(Rs.),No,No,0.0,2
309368,Silver,1,Faridabad,"North Indian, Chinese, Continental",1500,Indian Rupees(Rs.),Yes,No,0.0,3
18472429,Chill 'N Grill,1,Faridabad,North Indian,300,Indian Rupees(Rs.),No,No,0.0,0
18472418,Punjabi Restaurant,1,Faridabad,"North Indian, Mughlai",500,Indian Rupees(Rs.),No,No,0.0,0
18472426,Standard Chicken Point,1,Faridabad,Mughlai,500,Indian Rupees(Rs.),No,No,0.0,0
18450934,The Grillz & Gravy,1,Faridabad,"North Indian, Chinese",400,Indian Rupees(Rs.),No,No,0.0,0
6025,Cakes 'n Bakes - Park Plaza,1,Faridabad,Bakery,1000,Indian Rupees(Rs.),No,No,3.0,15
6013,Cafe Bite,1,Faridabad,Cafe,500,Indian Rupees(Rs.),No,No,3.2,19
8153,Cafe Light,1,Faridabad,"Cafe, Chinese, Fast Food",500,Indian Rupees(Rs.),No,No,2.8,8
18471296,Little Cafe,1,Faridabad,"Fast Food, Beverages",300,Indian Rupees(Rs.),No,No,0.0,0
18279477,Momo-Cha,1,Faridabad,"North Indian, Chinese",450,Indian Rupees(Rs.),No,No,2.8,20
18359331,Oregano India,1,Faridabad,"Fast Food, Chinese, Italian",500,Indian Rupees(Rs.),No,No,3.1,11
301151,Sagar Bakery,1,Faridabad,Bakery,150,Indian Rupees(Rs.),No,No,3.0,11
18204479,Smugglers,1,Faridabad,North Indian,450,Indian Rupees(Rs.),No,Yes,3.1,7
2198,Welcome,1,Faridabad,"North Indian, Chinese",700,Indian Rupees(Rs.),Yes,No,2.9,13
18434243,Giani's,1,Faridabad,"Ice Cream, Desserts",400,Indian Rupees(Rs.),No,No,0.0,0
18273628,Invitation,1,Faridabad,North Indian,700,Indian Rupees(Rs.),No,No,0.0,3
18471262,New Dilight,1,Faridabad,"North Indian, Mughlai, Chinese",500,Indian Rupees(Rs.),No,No,0.0,0
18258480,Chimney,1,Faridabad,"North Indian, Mughlai, Chinese",800,Indian Rupees(Rs.),Yes,Yes,3.3,25
9698,Chopstick,1,Faridabad,Chinese,300,Indian Rupees(Rs.),No,No,3.0,22
8326,Hot & Tasty Chinese Food,1,Faridabad,"North Indian, Chinese",450,Indian Rupees(Rs.),No,No,2.6,26
18270379,Sanjha Chulha,1,Faridabad,"North Indian, Mughlai",700,Indian Rupees(Rs.),No,Yes,2.9,16
304006,Frontier,1,Faridabad,Bakery,200,Indian Rupees(Rs.),No,No,2.9,7
308957,Oxy Lounge,1,Faridabad,"North Indian, Chinese, Italian",1500,Indian Rupees(Rs.),Yes,Yes,3.1,28
18427216,City Dhaba,1,Faridabad,"North Indian, Chinese",550,Indian Rupees(Rs.),No,No,0.0,0
18433315,Garam Masala,1,Faridabad,"North Indian, Chinese",400,Indian Rupees(Rs.),No,No,0.0,0
8266,Mittal Fast Food,1,Faridabad,Fast Food,100,Indian Rupees(Rs.),No,No,0.0,0
18383469,Al Bake,1,Faridabad,"North Indian, Chinese",600,Indian Rupees(Rs.),No,Yes,3.2,31
1367,Anupam Sweet,1,Faridabad,"North Indian, South Indian, Chinese, Fast Food, Mithai",400,Indian Rupees(Rs.),No,No,3.4,70
9650,Cafe Coffee Day,1,Faridabad,Cafe,450,Indian Rupees(Rs.),No,No,3.3,67
308335,Chicago Pizza,1,Faridabad,Pizza,600,Indian Rupees(Rs.),No,No,2.7,35
18391065,Crispy Crust,1,Faridabad,"North Indian, Chinese, Fast Food",500,Indian Rupees(Rs.),No,Yes,3.4,22
301193,Frontier,1,Faridabad,Bakery,200,Indian Rupees(Rs.),No,No,3.3,17
18107832,Gulab,1,Faridabad,"North Indian, South Indian, Fast Food, Street Food, Mithai",600,Indian Rupees(Rs.),No,Yes,2.6,39
18089254,Hunger Cure Express,1,Faridabad,"Fast Food, Beverages",500,Indian Rupees(Rs.),No,No,3.3,35
312981,Maitre Patissier,1,Faridabad,Bakery,500,Indian Rupees(Rs.),No,No,3.4,35
18082235,Momo-Cha,1,Faridabad,"Chinese, Fast Food",400,Indian Rupees(Rs.),No,No,2.7,32
18138421,Nirula's,1,Faridabad,"Fast Food, Desserts, Ice Cream, Beverages",950,Indian Rupees(Rs.),No,No,2.6,14
18421965,The Grub House,1,Faridabad,"Cafe, North Indian, Chinese, Continental",600,Indian Rupees(Rs.),No,No,2.7,17
303267,Twenty Four Seven,1,Faridabad,"Fast Food, North Indian",300,Indian Rupees(Rs.),No,No,3.4,35
7471,Cafe Parmesan,1,Faridabad,Italian,1000,Indian Rupees(Rs.),No,No,4.5,799
18219542,Briosca,1,Faridabad,"Bakery, Fast Food",400,Indian Rupees(Rs.),No,Yes,3.6,62
18355112,Burger Point,1,Faridabad,"Burger, Fast Food",300,Indian Rupees(Rs.),No,Yes,3.5,24
18270895,Cafe Grub Up,1,Faridabad,"Cafe, American, Mexican, Italian, Thai",900,Indian Rupees(Rs.),Yes,No,3.8,134
18313839,Cakes At Bhawanas,1,Faridabad,Bakery,400,Indian Rupees(Rs.),No,No,3.5,26
5005,Chaudhary Bhojnalaya,1,Faridabad,North Indian,400,Indian Rupees(Rs.),No,No,3.6,93
1820,Chickenette,1,Faridabad,"Raw Meats, North Indian, Chinese, Fast Food",650,Indian Rupees(Rs.),No,No,3.7,280
3863,Giani,1,Faridabad,"Ice Cream, Desserts",400,Indian Rupees(Rs.),No,No,3.6,70
9814,Green Chick Chop,1,Faridabad,"Raw Meats, North Indian, Fast Food",350,Indian Rupees(Rs.),No,No,3.5,31
18474912,Hash Stix,1,Faridabad,Fast Food,250,Indian Rupees(Rs.),No,No,3.6,25
18161568,Juice On Go,1,Faridabad,"Juices, Beverages",150,Indian Rupees(Rs.),No,No,3.5,18
18416829,Keventers,1,Faridabad,Beverages,400,Indian Rupees(Rs.),No,No,3.6,27
18400756,MD's Kebabs & Curries,1,Faridabad,"North Indian, Mughlai, Chinese",750,Indian Rupees(Rs.),No,Yes,3.8,27
301177,Perfect Bake,1,Faridabad,"Bakery, Fast Food",400,Indian Rupees(Rs.),No,No,3.5,39
6161,Perfect Bake,1,Faridabad,"Bakery, Fast Food",400,Indian Rupees(Rs.),No,No,3.6,126
2565,Sethi's Delicacy,1,Faridabad,"Fast Food, Bakery",150,Indian Rupees(Rs.),No,No,3.8,75
3866,Subway,1,Faridabad,"American, Fast Food, Salad, Healthy Food",500,Indian Rupees(Rs.),No,No,3.5,143
18250288,Caf? Bogchi,1,Faridabad,"Cafe, Italian, Mexican, Continental",650,Indian Rupees(Rs.),No,Yes,4.1,153
1430,Ashoka Restaurant,1,Faridabad,North Indian,400,Indian Rupees(Rs.),No,No,2.9,43
18393702,Baskin Robbins,1,Faridabad,Ice Cream,300,Indian Rupees(Rs.),No,Yes,2.9,4
6152,China Hot Pot,1,Faridabad,"Chinese, Fast Food",400,Indian Rupees(Rs.),No,No,2.5,25
306962,Handi Chhadeyan Di,1,Faridabad,North Indian,400,Indian Rupees(Rs.),No,No,3.1,26
18445360,Hungrill,1,Faridabad,"North Indian, Chinese, Continental",500,Indian Rupees(Rs.),No,No,3.0,4
6150,Kant Khana Khazana,1,Faridabad,North Indian,250,Indian Rupees(Rs.),No,No,3.4,22
18421024,Open Yard,1,Faridabad,"North Indian, Chinese, Continental",800,Indian Rupees(Rs.),Yes,No,3.3,14
18471260,Recipe Badshah,1,Faridabad,North Indian,300,Indian Rupees(Rs.),No,No,3.1,8
18367316,The Chai Cafe,1,Faridabad,"Cafe, Chinese",400,Indian Rupees(Rs.),No,No,3.1,8
18466931,Apna Restaurant,1,Faridabad,North Indian,400,Indian Rupees(Rs.),No,No,0.0,0
18466420,Chaudhary Chaap & Chinese,1,Faridabad,"Chinese, North Indian",300,Indian Rupees(Rs.),No,No,0.0,0
18464607,Chings Chinese,1,Faridabad,Chinese,300,Indian Rupees(Rs.),No,No,0.0,0
18464631,Food On Wheels,1,Faridabad,Chinese,300,Indian Rupees(Rs.),No,No,0.0,0
301170,Gulshan Hotel,1,Faridabad,North Indian,250,Indian Rupees(Rs.),No,No,0.0,2
18466939,Maa Kali Foods,1,Faridabad,Chinese,250,Indian Rupees(Rs.),No,No,0.0,0
18380180,The Street Kitchen,1,Faridabad,"North Indian, Chinese",400,Indian Rupees(Rs.),No,No,0.0,0
18466407,United Kitchen,1,Faridabad,Fast Food,500,Indian Rupees(Rs.),No,No,0.0,0
304001,Eat N Treat,1,Faridabad,"Chinese, North Indian",400,Indian Rupees(Rs.),No,No,2.8,20
8319,Hotel Ekant,1,Faridabad,"North Indian, Mughlai, Chinese",700,Indian Rupees(Rs.),No,No,2.7,39
303871,Momo-Cha,1,Faridabad,"North Indian, Chinese",600,Indian Rupees(Rs.),No,Yes,2.7,56
8321,Paradise Inn,1,Faridabad,"North Indian, Mughlai, Chinese",500,Indian Rupees(Rs.),No,No,2.7,43
311047,Red Chilli,1,Faridabad,Chinese,300,Indian Rupees(Rs.),No,No,2.8,9
8320,Shiv Restaurant,1,Faridabad,North Indian,400,Indian Rupees(Rs.),No,No,2.7,20
8308,Sohan Sweets & Namkeen,1,Faridabad,Mithai,100,Indian Rupees(Rs.),No,No,3.2,41
18303717,The Binge Box Cafe,1,Faridabad,Cafe,500,Indian Rupees(Rs.),No,No,3.4,18
304004,Tmos Moving Feast,1,Faridabad,"Chinese, North Indian",700,Indian Rupees(Rs.),No,Yes,3.3,76
18472625,Tmos Cafe Corner,1,Faridabad,Cafe,700,Indian Rupees(Rs.),Yes,Yes,0.0,1
18420432,Parkash Dhaba,1,Faridabad,"North Indian, Chinese",200,Indian Rupees(Rs.),No,No,3.0,6
9824,Sanjha Chulha,1,Faridabad,"North Indian, Mughlai",700,Indian Rupees(Rs.),No,Yes,3.3,219
8029,Hareram Bikanerzaika,1,Faridabad,"Mithai, Street Food",200,Indian Rupees(Rs.),No,No,2.8,11
312788,Kulcha Paaji,1,Faridabad,Street Food,100,Indian Rupees(Rs.),No,No,3.1,12
309672,Shree Bikaner Misthan Bhandar,1,Faridabad,"Street Food, South Indian, Mithai",350,Indian Rupees(Rs.),No,No,2.8,13
18359861,"The Hub - Gourmet, Bakers & More",1,Faridabad,"Bakery, Fast Food",200,Indian Rupees(Rs.),No,No,3.0,7
18439547,Anand Dhaba,1,Faridabad,North Indian,200,Indian Rupees(Rs.),No,No,0.0,1
18241538,Bikaneri Sweets & Restaurant,1,Faridabad,"Mithai, North Indian",250,Indian Rupees(Rs.),No,No,0.0,0
18452730,Delicieux Ice Cream Rolls,1,Faridabad,"Ice Cream, Desserts, Beverages",400,Indian Rupees(Rs.),No,No,0.0,1
18317486,Flying Tandoor,1,Faridabad,"North Indian, Fast Food",300,Indian Rupees(Rs.),No,No,0.0,3
18432933,Food Station,1,Faridabad,"North Indian, Mughlai, Chinese",400,Indian Rupees(Rs.),No,No,0.0,0
18452267,Grub Hub,1,Faridabad,Asian,500,Indian Rupees(Rs.),No,No,0.0,1
18466980,Punjabi Chulha,1,Faridabad,North Indian,300,Indian Rupees(Rs.),No,No,0.0,3
18469937,Purani Dilli Da Swad,1,Faridabad,"Street Food, Fast Food",100,Indian Rupees(Rs.),No,No,0.0,2
18466937,The BBQ Garden,1,Faridabad,"North Indian, Seafood",700,Indian Rupees(Rs.),Yes,No,0.0,0
18433879,The Chaiwalas,1,Faridabad,Cafe,300,Indian Rupees(Rs.),No,No,0.0,0
18369105,Funk House Cafe,1,Faridabad,"Cafe, Italian, Salad",650,Indian Rupees(Rs.),No,Yes,2.6,15
18133473,Shiksha Fast Food,1,Faridabad,"Fast Food, Chinese",200,Indian Rupees(Rs.),No,No,2.9,5
18458540,Hungry Head,1,Faridabad,"Street Food, Fast Food",200,Indian Rupees(Rs.),No,No,0.0,0
18482753,Tandoori Hut,1,Faridabad,North Indian,400,Indian Rupees(Rs.),No,No,0.0,0
8167,Lalit Kathi Rolls Momos,1,Faridabad,Fast Food,100,Indian Rupees(Rs.),No,No,3.1,9
18463990,Tamasha In Tafree,1,Faridabad,Cafe,600,Indian Rupees(Rs.),No,No,0.0,3
18353030,Oh My!,1,Faridabad,"Chinese, Fast Food",300,Indian Rupees(Rs.),No,No,0.0,2
18420465,Butter & Grace,1,Faridabad,"North Indian, Chinese, Italian, Fast Food",700,Indian Rupees(Rs.),No,Yes,3.1,7
309656,Green Chick Chop,1,Faridabad,"Raw Meats, North Indian, Fast Food",350,Indian Rupees(Rs.),No,No,3.1,9
305235,Snacks Bar,1,Faridabad,Chinese,350,Indian Rupees(Rs.),No,No,2.9,4
309654,Ahata,1,Faridabad,North Indian,500,Indian Rupees(Rs.),No,No,0.0,1
18480389,Fritrolla,1,Faridabad,Desserts,300,Indian Rupees(Rs.),No,No,0.0,0
18446428,KitchenYard,1,Faridabad,North Indian,300,Indian Rupees(Rs.),No,No,0.0,0
4462,Meghansh Bakery,1,Faridabad,"Bakery, Desserts",200,Indian Rupees(Rs.),No,No,0.0,2
18469962,Oh My !,1,Faridabad,"North Indian, Chinese",300,Indian Rupees(Rs.),No,No,0.0,1
18380284,The Dark Hour - Kitchen,1,Faridabad,Italian,350,Indian Rupees(Rs.),No,No,0.0,1
1414,Anupama Sweets & Family Restaurant,1,Faridabad,"Mithai, North Indian, South Indian, Chinese, Fast Food",400,Indian Rupees(Rs.),No,Yes,2.7,28
304112,Shree Rathnam,1,Faridabad,"South Indian, North Indian, Chinese",800,Indian Rupees(Rs.),No,No,2.7,29
18472443,Bikaner Misthan Bhandar,1,Faridabad,"Mithai, Street Food, Fast Food",150,Indian Rupees(Rs.),No,No,0.0,0
18456807,King's Kitchen,1,Faridabad,"North Indian, Mughlai, Chinese",400,Indian Rupees(Rs.),No,No,0.0,1
18471284,Muradabadi Chicken Biryani Corner,1,Faridabad,Mughlai,500,Indian Rupees(Rs.),No,No,0.0,0
18471328,The Black Kettle,1,Faridabad,"Fast Food, Beverages",100,Indian Rupees(Rs.),No,No,0.0,0
18204478,Desi Tadka,1,Faridabad,"North Indian, Mughlai, Chinese",500,Indian Rupees(Rs.),No,No,3.0,6
18444264,Destination Live,1,Faridabad,"North Indian, Mughlai, Chinese",500,Indian Rupees(Rs.),Yes,No,3.3,12
9224,Kay's Bake Land,1,Faridabad,"Bakery, Desserts",150,Indian Rupees(Rs.),No,No,3.1,19
8054,Kay's Food Land,1,Faridabad,"Bakery, Desserts",100,Indian Rupees(Rs.),No,No,3.1,14
304114,Laziz Restaurant,1,Faridabad,"North Indian, Mughlai",600,Indian Rupees(Rs.),No,No,2.8,11
1413,Le Chef Restro Bar,1,Faridabad,"North Indian, Chinese",1000,Indian Rupees(Rs.),Yes,No,2.7,70
1715,Republic of Chicken,1,Faridabad,"Raw Meats, Fast Food",400,Indian Rupees(Rs.),No,No,3.1,18
4464,Tanishka Restaurant & Caterers,1,Faridabad,"North Indian, Chinese",300,Indian Rupees(Rs.),No,No,2.9,14
5010,The Tandoori Times,1,Faridabad,North Indian,500,Indian Rupees(Rs.),No,No,2.7,48
301127,Twist of Italy,1,Faridabad,"Chinese, Fast Food",350,Indian Rupees(Rs.),No,No,3.6,52
9233,Aggarwal Sweets And Caterers,1,Faridabad,"Mithai, Street Food",100,Indian Rupees(Rs.),No,No,0.0,1
18471246,Biryani Bot,1,Faridabad,Biryani,200,Indian Rupees(Rs.),No,No,0.0,0
18446082,Caf? Kitchen,1,Faridabad,"North Indian, Chinese",300,Indian Rupees(Rs.),No,No,0.0,0
18396398,Evergreen Sweets & Restaurant,1,Faridabad,"North Indian, South Indian, Chinese, Fast Food",400,Indian Rupees(Rs.),No,No,0.0,2
18471244,Magic Spice Wok,1,Faridabad,"Chinese, Fast Food",300,Indian Rupees(Rs.),No,No,0.0,0
18367078,Magical Momos,1,Faridabad,Chinese,350,Indian Rupees(Rs.),No,No,0.0,0
18469976,Sam's Bake Shop,1,Faridabad,"Bakery, Fast Food",200,Indian Rupees(Rs.),No,No,0.0,1
18381643,Shri Bikaner Misthan Bhandar,1,Faridabad,"Mithai, Street Food",100,Indian Rupees(Rs.),No,No,0.0,0
18471327,Tasty Dhaba Family Restaurant,1,Faridabad,"North Indian, Mughlai",400,Indian Rupees(Rs.),No,No,0.0,0
18469936,U & I,1,Faridabad,"North Indian, Chinese",500,Indian Rupees(Rs.),No,No,0.0,0
18433895,Cravings,1,Faridabad,"North Indian, Mughlai, Chinese",500,Indian Rupees(Rs.),No,No,3.0,4
313089,Evergreen Tandoori Night,1,Faridabad,North Indian,550,Indian Rupees(Rs.),No,No,0.0,3
18349251,Prelibato,1,Faridabad,"Italian, North Indian",400,Indian Rupees(Rs.),No,No,0.0,0
18344478,Aravali Owls,1,Faridabad,"North Indian, Chinese",600,Indian Rupees(Rs.),No,No,0.0,0
18089775,Chicken Inn Family Meat Shop,1,Faridabad,"Raw Meats, Fast Food",300,Indian Rupees(Rs.),No,No,0.0,1
18424179,Mother's Kitchen,1,Faridabad,"North Indian, Chinese",300,Indian Rupees(Rs.),No,No,0.0,0
309632,Domino's Pizza,1,Faridabad,"Pizza, Fast Food",700,Indian Rupees(Rs.),No,No,2.9,10
312874,Green Chick Chop,1,Faridabad,"Raw Meats, North Indian, Fast Food",350,Indian Rupees(Rs.),No,No,3.1,5
18107870,Punjabi Culture,1,Faridabad,"North Indian, Mughlai",500,Indian Rupees(Rs.),No,No,2.9,4
18237362,Three Olives,1,Faridabad,"Italian, Fast Food",550,Indian Rupees(Rs.),No,No,2.9,4
18277177,Aggarwal's Bikaner Mishthan Bhandar,1,Faridabad,"Mithai, South Indian, Chinese, Street Food",100,Indian Rupees(Rs.),No,No,0.0,0
18345740,Aravalli Owls,1,Faridabad,"North Indian, Chinese, Mughlai",400,Indian Rupees(Rs.),No,No,0.0,0
18472651,Chatny Delight,1,Faridabad,Fast Food,100,Indian Rupees(Rs.),No,No,0.0,1
313076,Harmann Restaurant,1,Faridabad,"North Indian, South Indian, Chinese",350,Indian Rupees(Rs.),No,No,0.0,3
18380159,Kulcha King,1,Faridabad,North Indian,100,Indian Rupees(Rs.),No,No,0.0,2
18377907,Royal Bakers,1,Faridabad,Bakery,200,Indian Rupees(Rs.),No,No,0.0,0
18292444,Touch of Spice,1,Faridabad,"Chinese, North Indian",600,Indian Rupees(Rs.),No,No,0.0,0
307084,Hunger Cure,1,Faridabad,"Fast Food, Chinese",700,Indian Rupees(Rs.),No,No,3.2,47
305618,Sanjha Chulha,1,Faridabad,"North Indian, Mughlai",700,Indian Rupees(Rs.),No,Yes,2.5,79
307803,Queens Cakes,1,Faridabad,Bakery,200,Indian Rupees(Rs.),No,No,3.5,29
18419654,Sri Meenakshi South Indian Food,1,Faridabad,South Indian,250,Indian Rupees(Rs.),No,No,0.0,1
18471285,Sardar A Pure Meat Shop,1,Faridabad,"Raw Meats, Fast Food, North Indian",150,Indian Rupees(Rs.),No,No,0.0,0
313040,Invitation Restaurant,1,Faridabad,"North Indian, South Indian, Chinese, Fast Food",500,Indian Rupees(Rs.),No,Yes,2.7,17
17982346,Kaushik Bakery,1,Faridabad,Bakery,200,Indian Rupees(Rs.),No,No,3.0,9
18204501,Rama Vaishnav Bhojnalaya,1,Faridabad,"North Indian, Chinese",250,Indian Rupees(Rs.),No,No,3.0,7
1823,Shiv Saras Vyanjan,1,Faridabad,Mithai,100,Indian Rupees(Rs.),No,No,2.9,5
6143,Shree Bikaner Misthan Bhandar,1,Faridabad,"Mithai, Bakery, Street Food, Chinese, South Indian",300,Indian Rupees(Rs.),No,No,3.0,8
8297,Shree Bikaner Misthan Bhandar,1,Faridabad,"Mithai, Street Food",150,Indian Rupees(Rs.),No,No,3.1,15
8318,Standard Family Restaurant,1,Faridabad,North Indian,450,Indian Rupees(Rs.),No,No,2.9,16
18458631,The Hunger End,1,Faridabad,"North Indian, Chinese",500,Indian Rupees(Rs.),No,No,3.0,4
18382355,Pizza Express,1,Faridabad,"Pizza, Fast Food",400,Indian Rupees(Rs.),No,No,0.0,1
312842,Anupam Sweets & Restaurant,1,Faridabad,"North Indian, Chinese, Fast Food",450,Indian Rupees(Rs.),No,Yes,3.0,10
312084,Caramel,1,Faridabad,"North Indian, Chinese, Continental",600,Indian Rupees(Rs.),No,No,2.9,9
18247033,Chaska Restaurant,1,Faridabad,"North Indian, Chinese",650,Indian Rupees(Rs.),No,No,3.2,24
18126118,Club Pizzeria,1,Faridabad,Pizza,550,Indian Rupees(Rs.),No,Yes,3.4,19
18429393,Gupha,1,Faridabad,"North Indian, Chinese",500,Indian Rupees(Rs.),No,No,2.9,8
18241905,Indian Gourmet,1,Faridabad,"North Indian, Chinese, Raw Meats",450,Indian Rupees(Rs.),No,No,3.0,8
18425750,Tandoori Zaaika's,1,Faridabad,"North Indian, Chinese",500,Indian Rupees(Rs.),No,Yes,3.2,39
18261694,TCD Cake & Bake,1,Faridabad,"Bakery, Fast Food",300,Indian Rupees(Rs.),No,No,3.1,10
18365998,The Grill Darbar,1,Faridabad,"North Indian, Mughlai, Chinese",500,Indian Rupees(Rs.),No,No,3.3,17
18273572,Urban Cuisine,1,Faridabad,"North Indian, Chinese, Mughlai",500,Indian Rupees(Rs.),No,Yes,3.4,37
18363078,Mister Mughal,1,Faridabad,Mughlai,600,Indian Rupees(Rs.),No,Yes,3.5,33
18356019,The Hub,1,Faridabad,"Bakery, Fast Food",200,Indian Rupees(Rs.),No,No,3.1,9
312688,Bake Your Dreamz,1,Faridabad,"Bakery, Desserts",800,Indian Rupees(Rs.),No,No,0.0,3
18381668,Green Chilly Chinese Food,1,Faridabad,Chinese,300,Indian Rupees(Rs.),No,No,0.0,2
18287397,Mom's Kitchen,1,Faridabad,North Indian,450,Indian Rupees(Rs.),No,No,0.0,1
18294253,The Baking Treats N More,1,Faridabad,Bakery,300,Indian Rupees(Rs.),No,No,0.0,0
18471304,Twin Brothers,1,Faridabad,Fast Food,150,Indian Rupees(Rs.),No,No,0.0,0
8026,Aggarwal Sweets Centre,1,Faridabad,"Mithai, Street Food, Chinese",100,Indian Rupees(Rs.),No,No,2.9,4
18265697,Bawarchi,1,Faridabad,"North Indian, Chinese, Mughlai",550,Indian Rupees(Rs.),No,No,3.0,14
307151,D ART of Flavour,1,Faridabad,"North Indian, Chinese",500,Indian Rupees(Rs.),No,No,2.8,13
18107844,Italia Cafe by Aura,1,Faridabad,"Fast Food, Beverages",400,Indian Rupees(Rs.),No,No,2.8,5
18337896,Pizza Street,1,Faridabad,"Fast Food, Pizza",550,Indian Rupees(Rs.),No,Yes,2.6,12
18261699,Rock Cafe,1,Faridabad,"North Indian, Chinese, South Indian",550,Indian Rupees(Rs.),No,No,3.0,8
18306531,Sardaar Ji Chaap & Rolls,1,Faridabad,North Indian,300,Indian Rupees(Rs.),No,No,3.1,7
303571,Spice Wok,1,Faridabad,"North Indian, Chinese",600,Indian Rupees(Rs.),No,No,3.1,18
8099,Vrindavan Sweets & Restaurant,1,Faridabad,"North Indian, Chinese, South Indian, Fast Food",350,Indian Rupees(Rs.),No,No,3.0,22
18477428,Yummy Cake,1,Faridabad,Bakery,400,Indian Rupees(Rs.),No,No,3.0,4
8037,Bikaner Sweets & Bakers,1,Faridabad,"Mithai, Street Food",100,Indian Rupees(Rs.),No,No,0.0,0
18471308,Burger Xpress,1,Faridabad,"Fast Food, Chinese, Burger",300,Indian Rupees(Rs.),No,No,0.0,0
18471318,Da Pizza Zone,1,Faridabad,Italian,500,Indian Rupees(Rs.),No,No,0.0,0
18471320,Finger Licious,1,Faridabad,Fast Food,300,Indian Rupees(Rs.),No,No,0.0,0
18460293,Med E Taste,1,Faridabad,Mediterranean,500,Indian Rupees(Rs.),No,No,0.0,3
18446418,Punjabii Tandoor,1,Faridabad,"North Indian, Mughlai",500,Indian Rupees(Rs.),No,No,0.0,3
9496,Shankar Sweets,1,Faridabad,"Mithai, Street Food",100,Indian Rupees(Rs.),No,No,0.0,0
312967,Tasty Bites,1,Faridabad,"South Indian, Chinese, North Indian",200,Indian Rupees(Rs.),No,No,0.0,2
18449815,The Street- Curries & Grills,1,Faridabad,"North Indian, Mughlai, Continental",600,Indian Rupees(Rs.),No,No,0.0,1
2680,Bakers Delight - The Atrium,1,Faridabad,"Bakery, Desserts",700,Indian Rupees(Rs.),No,No,3.0,10
2679,On The Rocks - The  Atrium,1,Faridabad,Finger Food,1400,Indian Rupees(Rs.),Yes,No,3.1,18
8417,World Cafe - Vibe by The LaLiT Traveller,1,Faridabad,"North Indian, Continental, Chinese",1900,Indian Rupees(Rs.),Yes,No,3.3,56
309757,Chaudhary Ke Mashhoor Paranthe,1,Ghaziabad,North Indian,150,Indian Rupees(Rs.),No,No,2.8,14
307903,Thakur Bakers,1,Ghaziabad,Bakery,150,Indian Rupees(Rs.),No,No,3.0,6
313502,FoodByMom,1,Ghaziabad,North Indian,300,Indian Rupees(Rs.),No,Yes,3.6,161
18409175,Mr. Brown,1,Ghaziabad,"Fast Food, Cafe, Desserts, Bakery",500,Indian Rupees(Rs.),No,Yes,3.9,52
18456342,Mitalis Kitchen,1,Ghaziabad,North Indian,350,Indian Rupees(Rs.),No,No,0.0,1
18244229,The Big Scoop,1,Ghaziabad,Ice Cream,250,Indian Rupees(Rs.),No,No,0.0,0
300713,9 Mars Lounge,1,Ghaziabad,"North Indian, Chinese",2500,Indian Rupees(Rs.),Yes,No,2.5,184
8623,Barista,1,Ghaziabad,Cafe,650,Indian Rupees(Rs.),No,Yes,3.4,33
1318,Baskin Robbins,1,Ghaziabad,Ice Cream,300,Indian Rupees(Rs.),No,Yes,3.3,27
311523,Burger King,1,Ghaziabad,"Burger, Fast Food",500,Indian Rupees(Rs.),No,Yes,3.4,327
8590,Cafe Coffee Day,1,Ghaziabad,Cafe,450,Indian Rupees(Rs.),No,No,3.2,63
8583,Chinese X'Press,1,Ghaziabad,Chinese,600,Indian Rupees(Rs.),No,No,2.9,16
300756,Cinch,1,Ghaziabad,"North Indian, Chinese, Continental",1500,Indian Rupees(Rs.),Yes,No,2.6,92
4239,Costa Coffee,1,Ghaziabad,Cafe,600,Indian Rupees(Rs.),No,No,3.3,60
18168161,Domino's Pizza,1,Ghaziabad,"Pizza, Fast Food",700,Indian Rupees(Rs.),No,No,3.2,17
18381223,Dosa X'press,1,Ghaziabad,South Indian,500,Indian Rupees(Rs.),No,No,3.0,6
18034077,Kebab Xpress,1,Ghaziabad,"North Indian, Mughlai",600,Indian Rupees(Rs.),No,No,2.7,14
3824,Let's Noodle,1,Ghaziabad,Chinese,700,Indian Rupees(Rs.),No,Yes,2.6,181
2572,McDonald's,1,Ghaziabad,"Fast Food, Burger",500,Indian Rupees(Rs.),No,Yes,3.3,150
8595,Mx Corn,1,Ghaziabad,Fast Food,100,Indian Rupees(Rs.),No,No,3.1,7
309702,Dunkin' Donuts,1,Ghaziabad,"Burger, Desserts, Fast Food",600,Indian Rupees(Rs.),No,Yes,3.6,252
8601,Haldiram's,1,Ghaziabad,"North Indian, South Indian, Chinese, Street Food, Fast Food, Mithai, Desserts",600,Indian Rupees(Rs.),No,No,3.6,187
1683,Pind Balluchi,1,Ghaziabad,"North Indian, Mughlai",1000,Indian Rupees(Rs.),Yes,Yes,1.8,322
301670,Maini Restaurant,1,Ghaziabad,"North Indian, Fast Food",400,Indian Rupees(Rs.),No,No,3.3,114
17953902,The Dosa King,1,Ghaziabad,"South Indian, North Indian, Chinese",550,Indian Rupees(Rs.),No,Yes,3.2,80
130409,Baba Au Rhum,1,Goa,"Italian, French, Cafe",800,Indian Rupees(Rs.),No,No,4.5,280
130275,Burger Factory,1,Goa,Fast Food,1100,Indian Rupees(Rs.),No,No,4.8,415
130332,Club Cubana,1,Goa,Finger Food,2000,Indian Rupees(Rs.),No,No,4.4,646
130230,Curlies,1,Goa,"Continental, North Indian, Italian, Seafood, Goan",1500,Indian Rupees(Rs.),No,No,3.5,1681
16519268,La Plage,1,Goa,"Seafood, French",800,Indian Rupees(Rs.),No,No,4.6,302
16512186,St. Anthony's,1,Goa,"North Indian, Chinese, Continental, Goan, Seafood",1100,Indian Rupees(Rs.),No,No,3.8,911
16512333,Britto's Bar & Restaurant,1,Goa,"North Indian, Continental, Chinese, Seafood",1400,Indian Rupees(Rs.),No,No,4.3,2191
16512336,Fat Fish,1,Goa,"North Indian, Continental, Goan",1000,Indian Rupees(Rs.),No,No,4.2,856
16519168,Martin's Corner,1,Goa,"Goan, Seafood, Chinese, North Indian",1600,Indian Rupees(Rs.),No,No,4.4,1115
130021,Infantaria,1,Goa,"Italian, Continental, Goan",800,Indian Rupees(Rs.),No,No,3.7,1221
130567,Souza Lobo,1,Goa,"North Indian, Continental, Goan",1300,Indian Rupees(Rs.),No,No,4.3,918
130008,Fisherman's Cove,1,Goa,"Goan, North Indian, Chinese",700,Indian Rupees(Rs.),No,No,3.8,601
16519267,Calamari,1,Goa,"Goan, Seafood, Chinese",800,Indian Rupees(Rs.),No,No,4.2,414
130535,The Fisherman's Wharf,1,Goa,"Continental, Goan, Seafood, North Indian",1100,Indian Rupees(Rs.),No,No,4.6,555
130699,LPK Waterfront,1,Goa,Finger Food,1500,Indian Rupees(Rs.),No,No,3.7,516
16512168,Ritz Classic,1,Goa,"Goan, Seafood, North Indian",600,Indian Rupees(Rs.),No,No,4.5,840
130888,The Black Sheep Bistro,1,Goa,"Seafood, Continental, European, German",1500,Indian Rupees(Rs.),No,No,4.7,681
16519231,Cafe Al Fresco by Cantina Bodega,1,Goa,Cafe,800,Indian Rupees(Rs.),No,No,4.3,265
16541849,The Fisherman's Wharf,1,Goa,"Continental, Goan, Seafood, North Indian",1100,Indian Rupees(Rs.),No,No,4.4,323
18022206,Antares,1,Goa,Seafood,2000,Indian Rupees(Rs.),No,No,4.2,367
18396451,K Lab,1,Gurgaon,"Cafe, Beverages",350,Indian Rupees(Rs.),No,No,3.4,16
18237941,Pind Balluchi,1,Gurgaon,"North Indian, Mughlai",800,Indian Rupees(Rs.),Yes,Yes,2.7,80
2787,Punjab Grill,1,Gurgaon,"North Indian, Mughlai",2000,Indian Rupees(Rs.),Yes,Yes,4.3,1887
3431,Zambar,1,Gurgaon,"South Indian, Seafood, Kerala",1400,Indian Rupees(Rs.),Yes,Yes,4.0,802
303699,Cakes & More,1,Gurgaon,Bakery,250,Indian Rupees(Rs.),No,No,3.0,4
5915,Kwality Wall's Swirl's,1,Gurgaon,Ice Cream,200,Indian Rupees(Rs.),No,No,3.0,5
7076,Yo! Dimsum,1,Gurgaon,Chinese,200,Indian Rupees(Rs.),No,No,3.0,10
311866,Mx Corn,1,Gurgaon,Fast Food,100,Indian Rupees(Rs.),No,No,0.0,2
300439,Red,1,Gurgaon,"Japanese, Thai, Chinese",1200,Indian Rupees(Rs.),No,Yes,3.0,57
18458334,Rocketchefs,1,Gurgaon,"Pizza, Desserts",500,Indian Rupees(Rs.),No,Yes,3.1,4
18353710,The Fresh Chicken Store,1,Gurgaon,"Raw Meats, Fast Food",350,Indian Rupees(Rs.),No,No,2.9,4
18291229,Achoos Food Corner,1,Gurgaon,"South Indian, Chinese, Mughlai",450,Indian Rupees(Rs.),No,No,0.0,0
18398616,Aha Bites,1,Gurgaon,"Fast Food, North Indian",300,Indian Rupees(Rs.),No,No,0.0,0
18430561,Ancient Spice,1,Gurgaon,"North Indian, Chinese",300,Indian Rupees(Rs.),No,No,0.0,2
18445248,Chimney - The Takeaway,1,Gurgaon,"North Indian, South Indian, Chinese",500,Indian Rupees(Rs.),No,No,0.0,1
18313132,Costa Coffee,1,Gurgaon,Cafe,600,Indian Rupees(Rs.),No,No,0.0,2
18433874,Good to Go,1,Gurgaon,Raw Meats,500,Indian Rupees(Rs.),No,Yes,0.0,1
18291231,Gopi Sweets & Caters,1,Gurgaon,"Mithai, North Indian",100,Indian Rupees(Rs.),No,No,0.0,0
18477541,Late Night Food,1,Gurgaon,"North Indian, Chinese, Fast Food",500,Indian Rupees(Rs.),No,No,0.0,1
18352271,Lavi Foji Dhaba,1,Gurgaon,North Indian,200,Indian Rupees(Rs.),No,No,0.0,0
18291233,Narayan Fast Food Home,1,Gurgaon,"North Indian, Chinese",350,Indian Rupees(Rs.),No,No,0.0,0
18441809,OMG Kitchenz,1,Gurgaon,"South Indian, Street Food",300,Indian Rupees(Rs.),No,No,0.0,1
18349508,OMG Tiffinz,1,Gurgaon,"North Indian, Chinese",250,Indian Rupees(Rs.),No,No,0.0,0
18217127,Sardarji Chicken Point,1,Gurgaon,"North Indian, Chinese",500,Indian Rupees(Rs.),No,No,0.0,1
18471335,Solty Hotel,1,Gurgaon,North Indian,200,Indian Rupees(Rs.),No,No,0.0,0
18458335,Tanishk Gourmet Indian,1,Gurgaon,"North Indian, Mughlai, Seafood",800,Indian Rupees(Rs.),No,No,0.0,0
18429842,The Burger Chef,1,Gurgaon,Fast Food,350,Indian Rupees(Rs.),No,No,0.0,3
5904,Club Tokyo - Best Western Skycity Hotel,1,Gurgaon,Japanese,1500,Indian Rupees(Rs.),Yes,No,2.8,13
5876,Lattitude - Skycity Hotel,1,Gurgaon,"North Indian, Chinese, Continental",2500,Indian Rupees(Rs.),Yes,No,2.9,15
872,Bisque Bakery,1,Gurgaon,"Bakery, Fast Food",500,Indian Rupees(Rs.),No,Yes,3.9,415
18365849,Behrouz Biryani,1,Gurgaon,Biryani,600,Indian Rupees(Rs.),No,Yes,3.4,36
227,Domino's Pizza,1,Gurgaon,"Pizza, Fast Food",700,Indian Rupees(Rs.),No,No,3.4,104
3446,Giani,1,Gurgaon,"Ice Cream, Desserts",400,Indian Rupees(Rs.),No,Yes,3.4,70
300100,PizzaVito,1,Gurgaon,"Italian, Pizza, Lebanese",900,Indian Rupees(Rs.),Yes,Yes,3.3,218
8597,Shawarma House,1,Gurgaon,Lebanese,500,Indian Rupees(Rs.),No,Yes,3.4,225
3449,Subway,1,Gurgaon,"American, Fast Food, Salad, Healthy Food",500,Indian Rupees(Rs.),No,Yes,2.5,150
303749,Asian Bistro,1,Gurgaon,"Chinese, Thai, North Indian, Japanese",1600,Indian Rupees(Rs.),Yes,Yes,3.8,184
18349898,BBQ Factory,1,Gurgaon,North Indian,1400,Indian Rupees(Rs.),Yes,Yes,3.9,146
18349892,Faaso's,1,Gurgaon,"North Indian, Fast Food",600,Indian Rupees(Rs.),No,Yes,3.6,33
18425752,Chaayos,1,Gurgaon,"Cafe, Tea",400,Indian Rupees(Rs.),No,Yes,4.3,48
7507,Mosaic - Country Inn & Suites,1,Gurgaon,"North Indian, Asian, Continental",1500,Indian Rupees(Rs.),Yes,No,3.8,91
300490,60 ML - Country Inn & Suites by Carlson,1,Gurgaon,Finger Food,1000,Indian Rupees(Rs.),Yes,No,3.0,7
300488,Mosaic - Country Inn & Suites by Carlson,1,Gurgaon,"Continental, North Indian, Chinese",1800,Indian Rupees(Rs.),Yes,No,3.5,37
18306521,Big Shot Bar - Country Inn & Suites,1,Gurgaon,"Chinese, Italian, North Indian",2200,Indian Rupees(Rs.),Yes,No,3.5,32
309090,Mosaic - Country Inn & Suites By Carlson,1,Gurgaon,"North Indian, Chinese, Italian, Continental",1300,Indian Rupees(Rs.),Yes,No,3.4,19
18441709,Downtown Kitchen & Bar - Courtyard by Marriott,1,Gurgaon,"Chinese, North Indian, Italian",2700,Indian Rupees(Rs.),No,No,3.2,6
18441707,Courtyard Grill - Courtyard by Marriott,1,Gurgaon,"Chinese, North Indian, Italian",2500,Indian Rupees(Rs.),No,No,0.0,3
304832,Di Ghent Boulangerie,1,Gurgaon,"Cafe, Belgian",1700,Indian Rupees(Rs.),No,No,3.9,231
311297,Khyen Chyen,1,Gurgaon,Kashmiri,800,Indian Rupees(Rs.),Yes,Yes,3.7,364
303858,The Pint Room,1,Gurgaon,"Finger Food, Continental, Italian",1700,Indian Rupees(Rs.),Yes,No,3.7,127
302288,Tughlaq,1,Gurgaon,"North Indian, Mughlai, Chinese, Seafood",1000,Indian Rupees(Rs.),No,Yes,3.5,351
18233573,Big Wong XL,1,Gurgaon,"Chinese, Thai, Sushi",1500,Indian Rupees(Rs.),Yes,Yes,4.0,162
309015,Bunker,1,Gurgaon,"Continental, North Indian, Chinese, Italian",1300,Indian Rupees(Rs.),Yes,No,4.2,248
18382344,Culture Cafe,1,Gurgaon,"Mediterranean, Continental",1500,Indian Rupees(Rs.),Yes,Yes,4.2,144
18254537,Nowhere Terrace Brewpub Cafe,1,Gurgaon,"Continental, European, Asian, North Indian, Chinese, Italian",1600,Indian Rupees(Rs.),Yes,No,4.1,214
4358,Cafe G - Crowne Plaza,1,Gurgaon,"North Indian, Continental, Chinese",3500,Indian Rupees(Rs.),Yes,No,3.9,181
2443,Wildfire - Crowne Plaza,1,Gurgaon,South American,5000,Indian Rupees(Rs.),Yes,No,3.7,131
270,Isabella,1,Gurgaon,"North Indian, Mughlai, Chinese",700,Indian Rupees(Rs.),No,Yes,2.8,191
309252,Fatburger,1,Gurgaon,"American, Mexican",1000,Indian Rupees(Rs.),Yes,Yes,3.3,793
18303709,Burma Burma,1,Gurgaon,"Asian, Burmese",1500,Indian Rupees(Rs.),Yes,No,4.6,563
18409224,Pier 38,1,Gurgaon,"Persian, Arabian, Lebanese, North Indian",1200,Indian Rupees(Rs.),No,No,4.6,177
18277179,Yum Yum Cha,1,Gurgaon,"Chinese, Japanese, Sushi",1800,Indian Rupees(Rs.),No,No,4.5,407
308570,Amici Cafe,1,Gurgaon,"Cafe, Italian, Pizza",1200,Indian Rupees(Rs.),Yes,Yes,3.7,647
308263,Au Bon Pain,1,Gurgaon,"Cafe, Bakery",600,Indian Rupees(Rs.),No,Yes,3.7,503
306133,California Pizza Kitchen,1,Gurgaon,"Pizza, Italian",2500,Indian Rupees(Rs.),Yes,Yes,3.7,980
306142,Chai Point,1,Gurgaon,"Tea, Fast Food",200,Indian Rupees(Rs.),No,Yes,3.7,544
308609,Cherry Comet,1,Gurgaon,"Ice Cream, Desserts",400,Indian Rupees(Rs.),No,Yes,3.6,455
18383453,Circus,1,Gurgaon,"North Indian, Chinese, Italian",1250,Indian Rupees(Rs.),Yes,No,3.9,230
305478,Dunkin' Donuts,1,Gurgaon,"Burger, Desserts, Fast Food",600,Indian Rupees(Rs.),No,Yes,3.8,701
308357,Holy Smoke,1,Gurgaon,"Steak, American",1800,Indian Rupees(Rs.),Yes,No,3.6,313
306128,Italiano,1,Gurgaon,Italian,1500,Indian Rupees(Rs.),Yes,No,3.6,625
308020,Krispy Kreme,1,Gurgaon,"Desserts, Beverages",350,Indian Rupees(Rs.),No,Yes,3.9,425
309883,Not Just Paranthas,1,Gurgaon,North Indian,1100,Indian Rupees(Rs.),No,No,3.6,734
306132,Oh! Calcutta,1,Gurgaon,"Bengali, Seafood",1700,Indian Rupees(Rs.),Yes,Yes,3.8,706
306956,Olive Bistro,1,Gurgaon,"Mediterranean, Italian, European",2000,Indian Rupees(Rs.),Yes,No,3.9,1490
305862,Pita Pit,1,Gurgaon,"Healthy Food, Salad",600,Indian Rupees(Rs.),No,Yes,3.9,870
307309,Raasta,1,Gurgaon,"Continental, Italian",2000,Indian Rupees(Rs.),Yes,Yes,3.8,1065
306131,Red Mango,1,Gurgaon,"Cafe, Desserts",700,Indian Rupees(Rs.),No,Yes,3.6,365
306127,Rred Hot Asian Bistro,1,Gurgaon,"Chinese, Japanese, Thai, Asian",1400,Indian Rupees(Rs.),Yes,Yes,3.5,384
313149,Smaaash,1,Gurgaon,"North Indian, Thai, Continental",1400,Indian Rupees(Rs.),No,No,3.9,622
306001,Starbucks,1,Gurgaon,Cafe,700,Indian Rupees(Rs.),No,No,3.9,560
308016,Sutra Gastropub,1,Gurgaon,"Mediterranean, European, American, North Indian",2300,Indian Rupees(Rs.),No,No,3.8,1046
18336509,Taco Bell,1,Gurgaon,"Mexican, Fast Food",550,Indian Rupees(Rs.),No,Yes,3.8,176
18336176,The People & Co.,1,Gurgaon,"Continental, Italian",1700,Indian Rupees(Rs.),Yes,No,3.7,173
18383472,Theobroma,1,Gurgaon,"Bakery, Cafe",600,Indian Rupees(Rs.),No,Yes,3.8,227
18292448,Wendy's,1,Gurgaon,"Burger, Fast Food",400,Indian Rupees(Rs.),No,Yes,3.9,296
306134,The Wine Company,1,Gurgaon,"Italian, European",2000,Indian Rupees(Rs.),Yes,No,2.4,2412
306946,Cafe Delhi Heights,1,Gurgaon,"Continental, American, Italian, Seafood, North Indian, Cafe",2000,Indian Rupees(Rs.),No,No,4.0,1840
18289242,Cyber Hub Social,1,Gurgaon,"Continental, American, Asian, North Indian",1500,Indian Rupees(Rs.),Yes,Yes,4.3,716
18277030,Delifrance - The France Cafe Bakery,1,Gurgaon,"Cafe, Bakery, Desserts",800,Indian Rupees(Rs.),Yes,Yes,4.0,199
306153,Dhaba By Claridges,1,Gurgaon,North Indian,2000,Indian Rupees(Rs.),Yes,Yes,4.0,1658
308022,Farzi Cafe,1,Gurgaon,Modern Indian,2200,Indian Rupees(Rs.),No,No,4.3,4385
305905,Hard Rock Cafe,1,Gurgaon,"Mediterranean, Mexican, North Indian, American",2500,Indian Rupees(Rs.),Yes,No,4.1,1949
18245277,Instapizza,1,Gurgaon,"Pizza, Fast Food",900,Indian Rupees(Rs.),Yes,Yes,4.0,219
305670,Made In Punjab,1,Gurgaon,"North Indian, Mughlai",1500,Indian Rupees(Rs.),Yes,No,4.0,1595
305815,Nando's,1,Gurgaon,"Portuguese, African",1200,Indian Rupees(Rs.),Yes,Yes,4.0,1730
18208920,Quaff,1,Gurgaon,"American, Italian, Chinese",1750,Indian Rupees(Rs.),Yes,No,4.1,353
306046,SodaBottleOpenerWala,1,Gurgaon,"Parsi, Iranian",1300,Indian Rupees(Rs.),No,No,4.0,2843
18381226,The Grill Mill,1,Gurgaon,"North Indian, Continental, Asian",1500,Indian Rupees(Rs.),Yes,No,4.0,209
4992,Knight Rider,1,Gurgaon,"North Indian, Continental",1200,Indian Rupees(Rs.),Yes,No,3.1,185
300749,Chaayos,1,Gurgaon,"Cafe, Tea",400,Indian Rupees(Rs.),No,Yes,3.8,393
278,Nooba,1,Gurgaon,Chinese,1500,Indian Rupees(Rs.),No,No,3.8,333
225,Domino's Pizza,1,Gurgaon,"Pizza, Fast Food",700,Indian Rupees(Rs.),No,No,2.4,125
18337929,Indigo Delicatessen,1,Gurgaon,"European, Continental",1800,Indian Rupees(Rs.),Yes,Yes,4.2,205
5960,Escape Terrace Bar Kitchen,1,Gurgaon,Finger Food,1700,Indian Rupees(Rs.),Yes,No,3.4,294
1664,Kwaliti,1,Gurgaon,"North Indian, Chinese, Fast Food",700,Indian Rupees(Rs.),No,Yes,3.3,129
157,Subway,1,Gurgaon,"American, Fast Food, Salad, Healthy Food",500,Indian Rupees(Rs.),No,No,2.5,125
18235155,Burger Point,1,Gurgaon,"Burger, Fast Food",300,Indian Rupees(Rs.),No,Yes,3.8,74
310211,Chaat Chowk,1,Gurgaon,Street Food,350,Indian Rupees(Rs.),No,Yes,3.7,217
3346,Chef Style,1,Gurgaon,"North Indian, Mughlai",700,Indian Rupees(Rs.),Yes,Yes,3.8,239
310854,Delhicacy,1,Gurgaon,"Street Food, Fast Food, North Indian",350,Indian Rupees(Rs.),No,Yes,3.8,317
18247015,Dimsum & Co.,1,Gurgaon,Chinese,650,Indian Rupees(Rs.),No,Yes,3.9,136
309387,Instapizza,1,Gurgaon,"Pizza, Fast Food",900,Indian Rupees(Rs.),Yes,Yes,3.6,426
7418,L'Opera,1,Gurgaon,"Bakery, Desserts, Fast Food",400,Indian Rupees(Rs.),No,Yes,3.8,196
1455,Lazeez Food,1,Gurgaon,"Mughlai, North Indian",800,Indian Rupees(Rs.),No,Yes,3.5,173
18241867,Le Marche Sugar & Spice Cafe,1,Gurgaon,"Cafe, Italian, Fast Food",700,Indian Rupees(Rs.),No,No,3.5,52
308889,The Breakfast Club,1,Gurgaon,"Continental, North Indian",500,Indian Rupees(Rs.),No,Yes,3.5,189
4620,Sugar & Spice - Le Marche,1,Gurgaon,"Bakery, Fast Food",800,Indian Rupees(Rs.),No,No,2.4,88
18322666,Crudo Juicery,1,Gurgaon,"Beverages, Salad",400,Indian Rupees(Rs.),No,Yes,4.3,154
311718,Fork with Stick,1,Gurgaon,Chinese,800,Indian Rupees(Rs.),Yes,Yes,4.0,169
18255106,Uptown Fresh Beer Cafe,1,Gurgaon,"Finger Food, North Indian, Italian, European, Continental",2500,Indian Rupees(Rs.),No,No,4.1,230
4876,Barista,1,Gurgaon,Cafe,650,Indian Rupees(Rs.),No,Yes,3.2,18
631,Cafe Coffee Day,1,Gurgaon,Cafe,450,Indian Rupees(Rs.),No,No,2.6,27
226,Domino's Pizza,1,Gurgaon,"Pizza, Fast Food",700,Indian Rupees(Rs.),No,No,2.8,30
8805,Italiano,1,Gurgaon,Italian,1500,Indian Rupees(Rs.),No,No,3.0,49
3540,McDonald's,1,Gurgaon,"Fast Food, Burger",500,Indian Rupees(Rs.),No,No,2.6,30
311579,Parantha Gurus,1,Gurgaon,North Indian,500,Indian Rupees(Rs.),No,No,3.3,27
303709,Pizza Hut Delivery,1,Gurgaon,"Italian, Pizza, Fast Food",800,Indian Rupees(Rs.),No,Yes,2.8,29
18391156,Sibang Bakery,1,Gurgaon,"Bakery, Desserts, Fast Food",300,Indian Rupees(Rs.),No,No,3.3,13
301319,Sonya Bakery Cafe,1,Gurgaon,"Bakery, Desserts, Beverages",350,Indian Rupees(Rs.),No,No,3.3,20
158,Subway,1,Gurgaon,"American, Fast Food, Salad, Healthy Food",500,Indian Rupees(Rs.),No,No,3.1,46
1360,Viva Hyderabad,1,Gurgaon,"Biryani, North Indian",600,Indian Rupees(Rs.),No,Yes,2.5,69
310737,7 Barrel Brew Pub,1,Gurgaon,"North Indian, Continental, Chinese, Japanese, Italian, Thai",2000,Indian Rupees(Rs.),Yes,Yes,3.9,490
4762,Wai Yu Mun Ching,1,Gurgaon,"Chinese, Thai",800,Indian Rupees(Rs.),No,Yes,3.5,112
311736,Baskin Robbins,1,Gurgaon,Ice Cream,300,Indian Rupees(Rs.),No,No,0.0,3
311116,KFC,1,Gurgaon,"American, Fast Food, Burger",500,Indian Rupees(Rs.),No,Yes,2.2,73
3483,Burmese Kitchen Plus,1,Gurgaon,"Burmese, Chinese, Thai",800,Indian Rupees(Rs.),No,No,3.4,65
18308025,Drinks Come True,1,Gurgaon,"Beverages, Juices",150,Indian Rupees(Rs.),No,No,3.1,9
307272,Eat All Nite,1,Gurgaon,"North Indian, Chinese, Fast Food",800,Indian Rupees(Rs.),No,Yes,3.2,184
18025115,Frontier,1,Gurgaon,Bakery,200,Indian Rupees(Rs.),No,No,2.9,4
18454285,GenY Cuisines,1,Gurgaon,"Chinese, Mexican, Fast Food, Continental",250,Indian Rupees(Rs.),No,No,3.0,4
1687,K Raga's,1,Gurgaon,"North Indian, Mughlai",600,Indian Rupees(Rs.),No,No,2.9,5
308605,Kangri,1,Gurgaon,Kashmiri,750,Indian Rupees(Rs.),No,No,3.4,84
18422652,Makhmali Kebabs,1,Gurgaon,Mughlai,550,Indian Rupees(Rs.),No,No,3.2,10
18131568,Masala Ville,1,Gurgaon,"North Indian, Mughlai",650,Indian Rupees(Rs.),No,No,3.2,15
18034048,Night Food Xprs,1,Gurgaon,"Chinese, North Indian",650,Indian Rupees(Rs.),No,No,3.1,12
18138457,Roti Boti,1,Gurgaon,"North Indian, Mughlai, Fast Food",700,Indian Rupees(Rs.),No,No,2.9,35
313272,Sama Chicken Biryani,1,Gurgaon,"Biryani, North Indian",200,Indian Rupees(Rs.),No,No,2.9,4
9778,Subway,1,Gurgaon,"American, Fast Food, Salad, Healthy Food",500,Indian Rupees(Rs.),No,Yes,2.8,54
312523,The Rolling Pin Bakery,1,Gurgaon,Bakery,500,Indian Rupees(Rs.),No,No,3.1,10
18424575,Weird Time Food,1,Gurgaon,"Continental, Fast Food",600,Indian Rupees(Rs.),No,Yes,3.1,7
18204463,Twigly,1,Gurgaon,"Continental, Italian, Pizza, Asian",500,Indian Rupees(Rs.),No,Yes,4.6,395
307627,Asian Haus,1,Gurgaon,"Chinese, Thai, Asian, Malaysian, Vietnamese, Japanese",1500,Indian Rupees(Rs.),No,Yes,3.9,360
301302,Beyond Breads,1,Gurgaon,"Bakery, Desserts",200,Indian Rupees(Rs.),No,Yes,3.8,326
312995,Biryani By Kilo,1,Gurgaon,"Biryani, Mughlai",700,Indian Rupees(Rs.),No,Yes,3.9,403
308577,Captain Grub,1,Gurgaon,"American, Fast Food",1000,Indian Rupees(Rs.),No,Yes,3.8,447
313376,Pita Pit,1,Gurgaon,"Healthy Food, Salad",600,Indian Rupees(Rs.),No,Yes,3.5,56
312536,Rawleaf,1,Gurgaon,"Healthy Food, Salad",700,Indian Rupees(Rs.),No,Yes,3.6,38
310385,Sushi Haus,1,Gurgaon,"Japanese, Sushi",1300,Indian Rupees(Rs.),No,Yes,3.8,124
18464003,Eggzellent,1,Gurgaon,Fast Food,250,Indian Rupees(Rs.),No,Yes,0.0,1
18349915,High On Tea,1,Gurgaon,"Cafe, Tea",400,Indian Rupees(Rs.),No,No,0.0,3
18299228,Sona Bridge Hotel,1,Gurgaon,Chinese,400,Indian Rupees(Rs.),No,No,0.0,2
18034074,Yo! Dimsum,1,Gurgaon,"Fast Food, Chinese",200,Indian Rupees(Rs.),No,No,0.0,1
311080,Angrezee Choupal,1,Gurgaon,"North Indian, Chinese, Italian",500,Indian Rupees(Rs.),No,Yes,3.8,299
18462603,Ashoka Snacks Corner,1,Gurgaon,"Street Food, Chinese, North Indian",400,Indian Rupees(Rs.),No,No,0.0,0
18481295,Chefoncalls,1,Gurgaon,North Indian,300,Indian Rupees(Rs.),No,No,0.0,0
18472765,Corp Kitchen,1,Gurgaon,"North Indian, Chinese, Continental",600,Indian Rupees(Rs.),No,No,0.0,0
18499452,Good Food,1,Gurgaon,Healthy Food,200,Indian Rupees(Rs.),No,No,0.0,0
18500652,Mahek By Greenz,1,Gurgaon,North Indian,400,Indian Rupees(Rs.),No,No,0.0,0
18361580,Pao King,1,Gurgaon,Street Food,200,Indian Rupees(Rs.),No,No,0.0,0
18417487,Prabhat Fast Food Corner,1,Gurgaon,"Chinese, North Indian",200,Indian Rupees(Rs.),No,No,0.0,1
18462605,Shama Chicken Corner,1,Gurgaon,Mughlai,300,Indian Rupees(Rs.),No,No,0.0,0
18462609,Unique Food Hut,1,Gurgaon,"Fast Food, North Indian, Beverages",600,Indian Rupees(Rs.),No,No,0.0,0
3565,A 1 - Snacks and food corner,1,Gurgaon,"North Indian, Chinese, Fast Food",350,Indian Rupees(Rs.),No,Yes,2.5,16
18367364,Anandum,1,Gurgaon,South Indian,400,Indian Rupees(Rs.),No,No,3.2,13
1028,Apni Rasoi,1,Gurgaon,"North Indian, Chinese",400,Indian Rupees(Rs.),No,Yes,3.0,160
308673,Banke Bihari Bhojanalay,1,Gurgaon,"Mithai, Street Food, North Indian",200,Indian Rupees(Rs.),No,No,2.6,36
18383473,Biryani 365,1,Gurgaon,Mughlai,700,Indian Rupees(Rs.),No,Yes,3.2,17
18444416,Bro's Kitchenette,1,Gurgaon,"Fast Food, Street Food, Beverages",350,Indian Rupees(Rs.),No,No,3.3,11
18161609,Cafe Coffee Day,1,Gurgaon,Cafe,450,Indian Rupees(Rs.),No,No,3.1,9
611,Cafe Coffee Day,1,Gurgaon,Cafe,450,Indian Rupees(Rs.),No,No,3.2,26
18322677,Cafe Du Rendezvous,1,Gurgaon,"Cafe, Street Food",400,Indian Rupees(Rs.),No,Yes,3.2,21
18204847,Cake 24x7,1,Gurgaon,Bakery,600,Indian Rupees(Rs.),No,Yes,3.3,25
308044,Cake On Wheels,1,Gurgaon,"Bakery, Desserts, Fast Food",200,Indian Rupees(Rs.),No,Yes,2.8,18
18294819,Cake Point,1,Gurgaon,"Bakery, Desserts",600,Indian Rupees(Rs.),No,Yes,2.9,7
309697,Cake Point,1,Gurgaon,"Bakery, Desserts",600,Indian Rupees(Rs.),No,Yes,3.0,35
18444353,Cakes Degree,1,Gurgaon,Bakery,300,Indian Rupees(Rs.),No,Yes,3.4,18
304185,Chateau Garlic,1,Gurgaon,"North Indian, Chinese",700,Indian Rupees(Rs.),No,No,3.0,14
18383489,Chennai Express,1,Gurgaon,"South Indian, North Indian",300,Indian Rupees(Rs.),No,No,3.2,15
312022,Crust N Cakes,1,Gurgaon,Bakery,550,Indian Rupees(Rs.),No,Yes,3.4,18
18425765,Dabba Meat,1,Gurgaon,North Indian,550,Indian Rupees(Rs.),No,Yes,3.4,29
2827,Deepak Rasoi,1,Gurgaon,"North Indian, Chinese",450,Indian Rupees(Rs.),No,No,2.7,22
18223957,Foodaucity - Bum Bum Bholey Ke Chole Bhature,1,Gurgaon,Street Food,300,Indian Rupees(Rs.),No,No,3.3,14
18492107,Foodies Nation,1,Gurgaon,"Chinese, North Indian",300,Indian Rupees(Rs.),No,No,3.4,19
300074,Goli Vada Pav No. 1,1,Gurgaon,Street Food,150,Indian Rupees(Rs.),No,Yes,3.1,83
305096,Grandma's Kitchen,1,Gurgaon,"North Indian, South Indian",400,Indian Rupees(Rs.),No,Yes,2.5,20
18336206,Gurgaon Hights,1,Gurgaon,North Indian,400,Indian Rupees(Rs.),No,Yes,2.5,19
303094,Idliss,1,Gurgaon,"South Indian, North Indian, Chinese",400,Indian Rupees(Rs.),No,Yes,3.4,359
306858,Indian Home Food,1,Gurgaon,"North Indian, Chinese",600,Indian Rupees(Rs.),No,Yes,2.6,51
312562,Jetha Lal Ka Dhabha,1,Gurgaon,"North Indian, Chinese",400,Indian Rupees(Rs.),No,Yes,3.1,53
307935,Kusum Rolls,1,Gurgaon,"Fast Food, Chinese",350,Indian Rupees(Rs.),No,Yes,3.1,71
302184,Megha Vaishno Dhaba,1,Gurgaon,North Indian,300,Indian Rupees(Rs.),No,No,3.1,33
1694,Nikhil Food Point,1,Gurgaon,"Chinese, North Indian",200,Indian Rupees(Rs.),No,No,2.7,19
309541,Plan B,1,Gurgaon,"North Indian, Chinese, Continental",1000,Indian Rupees(Rs.),Yes,No,3.4,132
18161587,Punjabi Zaika,1,Gurgaon,"North Indian, Mughlai, Chinese",500,Indian Rupees(Rs.),No,Yes,3.2,74
18258475,Rasoi,1,Gurgaon,"North Indian, Chinese",500,Indian Rupees(Rs.),No,No,3.0,6
313209,Roll's Royce,1,Gurgaon,"Fast Food, North Indian",200,Indian Rupees(Rs.),No,Yes,3.2,42
302229,Shree Bikaner Misthan Bhandar,1,Gurgaon,"Street Food, Mithai",100,Indian Rupees(Rs.),No,Yes,3.1,29
18441196,Smokey Pan,1,Gurgaon,"North Indian, Greek, Mughlai",300,Indian Rupees(Rs.),No,No,3.2,14
18398610,Surprise O Meal,1,Gurgaon,"Continental, North Indian, Chinese",550,Indian Rupees(Rs.),No,Yes,3.4,35
18237322,Tandoor on The Way,1,Gurgaon,Fast Food,300,Indian Rupees(Rs.),No,Yes,3.2,45
309696,Tawa N Tandoor,1,Gurgaon,"North Indian, Mughlai, Chinese",600,Indian Rupees(Rs.),No,Yes,2.7,51
18357544,The Paradise Biryani,1,Gurgaon,"Biryani, North Indian",700,Indian Rupees(Rs.),No,Yes,2.9,22
18431563,The Royal,1,Gurgaon,"Fast Food, Beverages",550,Indian Rupees(Rs.),No,No,3.3,15
18337747,Theka Desi Khaana,1,Gurgaon,"North Indian, Chinese",350,Indian Rupees(Rs.),No,Yes,3.0,12
18258477,Tobasco Kitchen,1,Gurgaon,"Fast Food, Pizza",500,Indian Rupees(Rs.),No,Yes,3.2,38
18396189,Tpot,1,Gurgaon,"Fast Food, Beverages",400,Indian Rupees(Rs.),No,No,3.2,15
6915,Uncle's Cafe,1,Gurgaon,"North Indian, Biryani, Fast Food, Chinese",350,Indian Rupees(Rs.),No,No,2.7,23
18233576,Welcome Cafeteria,1,Gurgaon,"North Indian, Mughlai",600,Indian Rupees(Rs.),No,Yes,3.3,23
18256890,Yo Yo China Town,1,Gurgaon,"Chinese, North Indian, South Indian",400,Indian Rupees(Rs.),No,Yes,2.8,31
18384115,Caterspoint,1,Gurgaon,"Mexican, American, Healthy Food",500,Indian Rupees(Rs.),No,Yes,4.9,223
18352208,Bake-a-boo,1,Gurgaon,Bakery,200,Indian Rupees(Rs.),No,Yes,3.7,55
4171,Burger Hut,1,Gurgaon,"Burger, Fast Food, Chinese",300,Indian Rupees(Rs.),No,Yes,3.6,319
18238279,China Gatherings,1,Gurgaon,"Chinese, Thai",550,Indian Rupees(Rs.),No,Yes,3.5,46
18286517,Crazy Bhukkhad,1,Gurgaon,"North Indian, Chinese",400,Indian Rupees(Rs.),No,Yes,3.9,54
575,Deez Biryani & Kebabs,1,Gurgaon,"Biryani, North Indian, Mughlai",800,Indian Rupees(Rs.),No,Yes,3.7,371
18280305,Fomads,1,Gurgaon,"North Indian, Chinese",300,Indian Rupees(Rs.),No,No,3.6,26
18359286,Happy Beings,1,Gurgaon,"North Indian, Mughlai, Chinese",500,Indian Rupees(Rs.),No,Yes,3.5,66
18450609,InstaDozza,1,Gurgaon,South Indian,250,Indian Rupees(Rs.),No,Yes,3.5,28
18237324,Mom's Kitchen,1,Gurgaon,North Indian,300,Indian Rupees(Rs.),No,Yes,3.5,27
18461214,The Baker's Bar  ... Bakery & Cafe,1,Gurgaon,"Italian, Lebanese, Fast Food, Bakery",400,Indian Rupees(Rs.),No,No,3.6,29
18294226,Veg Ex,1,Gurgaon,North Indian,500,Indian Rupees(Rs.),No,Yes,3.8,45
18383513,Volt - By Plan B,1,Gurgaon,"Mediterranean, Mughlai, Thai, North Indian, Chinese",1000,Indian Rupees(Rs.),Yes,No,3.5,19
18372311,ZASTY,1,Gurgaon,"Continental, North Indian, Asian",500,Indian Rupees(Rs.),No,Yes,3.5,52
4172,Aahar,1,Gurgaon,"North Indian, South Indian, Chinese",400,Indian Rupees(Rs.),No,Yes,2.0,60
310525,Chicken Bytes,1,Gurgaon,"North Indian, Mughlai, Chinese",500,Indian Rupees(Rs.),No,Yes,2.1,34
300054,Flying Cakes,1,Gurgaon,Bakery,350,Indian Rupees(Rs.),No,Yes,2.2,136
301278,Punjabi Tadka,1,Gurgaon,North Indian,500,Indian Rupees(Rs.),No,No,2.2,43
18451182,Coldpress Company,1,Gurgaon,"Healthy Food, Juices, Salad, Italian, Continental",500,Indian Rupees(Rs.),No,Yes,4.0,34
18384142,Crudo Juicery,1,Gurgaon,"Beverages, Salad, Beverages",400,Indian Rupees(Rs.),No,Yes,4.3,33
18241498,First Eat,1,Gurgaon,"Healthy Food, North Indian, Continental",300,Indian Rupees(Rs.),No,No,4.0,162
18265384,Zoe,1,Gurgaon,"Juices, Beverages, Healthy Food",700,Indian Rupees(Rs.),No,Yes,4.3,217
311494,Dabba Meat,1,Gurgaon,North Indian,550,Indian Rupees(Rs.),No,Yes,3.1,195
7078,Kashmiri Kitchen,1,Gurgaon,Kashmiri,1000,Indian Rupees(Rs.),Yes,Yes,3.4,210
307185,Rumi's Kitchen,1,Gurgaon,"Biryani, Lucknowi, North Indian",500,Indian Rupees(Rs.),No,Yes,3.4,165
18371404,Baking Bad,1,Gurgaon,"Italian, Pizza",1000,Indian Rupees(Rs.),No,Yes,3.7,98
18281982,Bamboo Boat,1,Gurgaon,"Japanese, Tibetan, Vietnamese, Korean",700,Indian Rupees(Rs.),No,Yes,3.8,115
311725,Big Jack's,1,Gurgaon,"Continental, Burger, American",800,Indian Rupees(Rs.),No,Yes,3.5,129
18365994,Kebab Gali,1,Gurgaon,"North Indian, Mughlai, Biryani",600,Indian Rupees(Rs.),No,Yes,3.9,164
18254524,Lucknow Mail,1,Gurgaon,"Awadhi, North Indian, Mughlai",800,Indian Rupees(Rs.),No,Yes,3.8,86
18070480,Monster's Cafe,1,Gurgaon,"Continental, North Indian, Chinese",1200,Indian Rupees(Rs.),No,Yes,3.5,269
312261,Monty's Chicken Wings,1,Gurgaon,Fast Food,600,Indian Rupees(Rs.),No,Yes,3.9,124
18433890,My Country Platter,1,Gurgaon,"Asian, Chinese, North Indian",600,Indian Rupees(Rs.),No,Yes,3.8,61
18138434,SARA World Cuisine,1,Gurgaon,"Italian, Fast Food",500,Indian Rupees(Rs.),No,Yes,3.9,90
303100,Wah! Amritsar,1,Gurgaon,"North Indian, Mughlai",750,Indian Rupees(Rs.),No,Yes,3.6,213
18025125,World In A Box,1,Gurgaon,"Healthy Food, European, Continental, Salad",750,Indian Rupees(Rs.),No,Yes,3.6,461
18425140,Bun Intended,1,Gurgaon,"Burger, American, Fast Food",850,Indian Rupees(Rs.),No,Yes,4.2,93
18241497,Cafe Gatherings,1,Gurgaon,"Cafe, Continental",750,Indian Rupees(Rs.),No,Yes,4.4,161
18153541,Cafe Soul Garden,1,Gurgaon,"Cafe, Continental, Italian, Pizza",1300,Indian Rupees(Rs.),Yes,Yes,4.1,255
18339049,Food O Gram,1,Gurgaon,"North Indian, Mughlai",600,Indian Rupees(Rs.),No,Yes,4.0,88
18232093,Happy Hakka,1,Gurgaon,"Chinese, Asian, Thai",650,Indian Rupees(Rs.),No,Yes,4.1,134
18361762,Kaiser,1,Gurgaon,"North Indian, Mughlai",650,Indian Rupees(Rs.),No,Yes,4.1,152
18025098,Pizza Central,1,Gurgaon,"Fast Food, Italian, Pizza",600,Indian Rupees(Rs.),No,Yes,4.1,151
18337913,Tasty Fare,1,Gurgaon,"American, Fast Food",600,Indian Rupees(Rs.),No,Yes,3.4,42
18138446,Burger Point,1,Gurgaon,"Burger, Fast Food",300,Indian Rupees(Rs.),No,Yes,3.6,39
18383447,Drifters Cafe,1,Gurgaon,"Chinese, Thai, Asian",400,Indian Rupees(Rs.),No,Yes,3.9,40
18381262,Oh! Fudge,1,Gurgaon,"Bakery, Desserts",300,Indian Rupees(Rs.),No,Yes,3.8,93
18349894,Anjlika,1,Gurgaon,"Bakery, Desserts, Fast Food",400,Indian Rupees(Rs.),No,No,3.1,7
304552,IZU,1,Gurgaon,"Japanese, Sushi",1100,Indian Rupees(Rs.),Yes,Yes,3.4,129
4618,Sugar & Spice - Le Marche,1,Gurgaon,"Bakery, Fast Food",800,Indian Rupees(Rs.),No,No,2.9,107
307366,Bizibean,1,Gurgaon,Cafe,550,Indian Rupees(Rs.),No,No,3.6,59
18366026,ChandChini,1,Gurgaon,"North Indian, Mithai, Chinese, Street Food",800,Indian Rupees(Rs.),Yes,No,3.8,40
9895,Coffee & Chai Co.,1,Gurgaon,"Italian, Mexican, Cafe",1100,Indian Rupees(Rs.),Yes,Yes,3.6,296
18453035,Greek Food & Beyond,1,Gurgaon,"Greek, Mediterranean",1200,Indian Rupees(Rs.),Yes,No,3.6,27
302455,Mediumwelldone,1,Gurgaon,"American, European, North Indian",1800,Indian Rupees(Rs.),Yes,Yes,3.5,259
308248,Sonya Bakery Cafe,1,Gurgaon,"Bakery, Desserts, Beverages",350,Indian Rupees(Rs.),No,No,3.5,34
313047,Soul & Spice Co.,1,Gurgaon,"North Indian, Street Food, Beverages",1000,Indian Rupees(Rs.),Yes,Yes,3.8,120
8241,7 Degrees Brauhaus,1,Gurgaon,"Continental, North Indian, European, Finger Food",3200,Indian Rupees(Rs.),Yes,No,4.2,1193
18341926,Cafe Amaretto,1,Gurgaon,"Cafe, Italian, European, Bakery",1400,Indian Rupees(Rs.),Yes,Yes,4.1,147
308023,Sibang Bakery,1,Gurgaon,"Bakery, Desserts, Beverages",500,Indian Rupees(Rs.),No,Yes,4.1,227
311486,The Hangout by 1861,1,Gurgaon,"Continental, American, Italian",1600,Indian Rupees(Rs.),Yes,Yes,4.0,192
18138430,The Mad Teapot/The Wishing Chair,1,Gurgaon,"Cafe, Italian, Bakery",1000,Indian Rupees(Rs.),Yes,No,4.4,83
18361778,Ninkasi Imperial Brews & Cookery,1,Gurgaon,"North Indian, Asian, European",3000,Indian Rupees(Rs.),Yes,No,4.2,77
9742,Zaffran,1,Gurgaon,"North Indian, Mughlai",1600,Indian Rupees(Rs.),No,Yes,4.1,229
7518,Spiritual Bar & Lounge-DoubleTree by Hilton,1,Gurgaon,"Pizza, Italian",2000,Indian Rupees(Rs.),Yes,No,3.4,52
7516,The Food Store - DoubleTree by Hilton,1,Gurgaon,"European, Italian",3000,Indian Rupees(Rs.),Yes,No,3.6,58
3586,Barista,1,Gurgaon,Cafe,650,Indian Rupees(Rs.),No,Yes,3.3,25
313264,Burger King,1,Gurgaon,"Burger, Fast Food",500,Indian Rupees(Rs.),No,Yes,3.4,452
311805,Club Mojo,1,Gurgaon,"North Indian, Chinese",2000,Indian Rupees(Rs.),Yes,No,2.6,35
308897,KFC,1,Gurgaon,"American, Fast Food, Burger",500,Indian Rupees(Rs.),No,Yes,2.6,134
2825,Not Just Paranthas,1,Gurgaon,North Indian,1100,Indian Rupees(Rs.),Yes,Yes,2.7,426
9674,Shree Rathnam,1,Gurgaon,"South Indian, North Indian, Chinese",800,Indian Rupees(Rs.),No,Yes,2.9,108
18276997,Mogli's Coffee,1,Gurgaon,Cafe,150,Indian Rupees(Rs.),No,No,3.8,35
18336180,Pind Balluchi,1,Gurgaon,"North Indian, Mughlai",800,Indian Rupees(Rs.),No,Yes,2.6,26
311061,Sip n Bite,1,Gurgaon,"North Indian, Chinese, Continental",500,Indian Rupees(Rs.),No,Yes,3.2,38
18312471,Abar Khabo,1,Gurgaon,Bengali,550,Indian Rupees(Rs.),No,Yes,3.6,86
18378048,Moti Mahal Delux,1,Gurgaon,North Indian,1000,Indian Rupees(Rs.),Yes,Yes,3.6,29
18462584,The Lost Mughal,1,Gurgaon,"North Indian, Mughlai, Biryani",700,Indian Rupees(Rs.),No,Yes,3.8,43
5019,Fortune Deli - Fortune Select Excalibur,1,Gurgaon,Bakery,1000,Indian Rupees(Rs.),No,No,3.6,42
4719,India on my Plate - Fortune Select Excalibur,1,Gurgaon,"North Indian, Mughlai",2000,Indian Rupees(Rs.),Yes,No,4.0,111
305400,Orchid - Fortune Select Global,1,Gurgaon,"North Indian, Chinese, Continental",2500,Indian Rupees(Rs.),Yes,No,2.6,20
309141,Hungry Buffoons,1,Gurgaon,"North Indian, Italian, Mexican",300,Indian Rupees(Rs.),No,No,2.7,24
302880,Karim's,1,Gurgaon,"Mughlai, North Indian",1000,Indian Rupees(Rs.),Yes,Yes,2.8,261
303960,Manhattan Brewery & Bar Exchange,1,Gurgaon,"Finger Food, American, Continental, North Indian, Italian",2000,Indian Rupees(Rs.),No,No,4.6,2093
9773,Di Miso,1,Gurgaon,"Korean, Japanese, Chinese, Asian",1500,Indian Rupees(Rs.),No,No,3.6,38
309125,Kuuraku,1,Gurgaon,Japanese,1250,Indian Rupees(Rs.),Yes,No,3.9,106
18463965,Vapour Bar Exchange,1,Gurgaon,"Continental, Finger Food, Chinese, North Indian",1600,Indian Rupees(Rs.),Yes,No,3.8,31
18408054,19 Flavours Biryani,1,Gurgaon,"Mughlai, Hyderabadi",700,Indian Rupees(Rs.),No,Yes,4.1,84
2091,Bhai Ji Foods,1,Gurgaon,"North Indian, Chinese",400,Indian Rupees(Rs.),No,Yes,3.3,165
305790,Captain Bill$ Deliverz,1,Gurgaon,"North Indian, Chinese, Fast Food",1000,Indian Rupees(Rs.),No,Yes,2.7,185
3445,Curry n Phulka,1,Gurgaon,"North Indian, Chinese",550,Indian Rupees(Rs.),No,Yes,2.8,48
312111,Jaguar,1,Gurgaon,"Chinese, North Indian",800,Indian Rupees(Rs.),Yes,No,2.8,14
2475,Jalsa Lounge,1,Gurgaon,"North Indian, Chinese",850,Indian Rupees(Rs.),Yes,No,3.2,37
18361772,Lord of Grillz,1,Gurgaon,"Chinese, North Indian, Italian, Continental",800,Indian Rupees(Rs.),No,Yes,3.2,30
308553,Midnight Cravings Beyond Control,1,Gurgaon,"North Indian, Mughlai, Chinese",800,Indian Rupees(Rs.),No,Yes,3.3,336
307043,Outback,1,Gurgaon,"Continental, North Indian",1000,Indian Rupees(Rs.),Yes,Yes,3.4,106
307304,The Cinnamon Kitchen,1,Gurgaon,"North Indian, Chinese",600,Indian Rupees(Rs.),No,No,3.4,50
18427868,Dudleys,1,Gurgaon,"American, Continental, Burger",1000,Indian Rupees(Rs.),No,Yes,4.6,150
2148,56 Ristorante Italiano,1,Gurgaon,Italian,2200,Indian Rupees(Rs.),Yes,Yes,3.7,416
18450874,All Time Cafe,1,Gurgaon,"North Indian, Chinese, Thai",500,Indian Rupees(Rs.),No,No,3.6,32
18408063,Baba's,1,Gurgaon,"North Indian, Mughlai",900,Indian Rupees(Rs.),No,Yes,3.6,110
18393697,Chilli Indiana,1,Gurgaon,Italian,500,Indian Rupees(Rs.),No,No,3.8,74
8931,Go Kylin,1,Gurgaon,"Japanese, Chinese, Asian, Malaysian, Thai, Vietnamese",1500,Indian Rupees(Rs.),No,Yes,3.5,81
306880,Just for Chai,1,Gurgaon,Cafe,450,Indian Rupees(Rs.),No,No,3.5,116
18408031,Kabab Mistri,1,Gurgaon,"North Indian, Mughlai, Biryani",550,Indian Rupees(Rs.),No,Yes,3.6,36
304897,Nashta,1,Gurgaon,"Healthy Food, Continental",700,Indian Rupees(Rs.),No,No,3.7,224
309136,Nooba,1,Gurgaon,Chinese,1500,Indian Rupees(Rs.),No,No,3.6,148
307580,Side Wok,1,Gurgaon,"Burmese, Chinese, Japanese, Malaysian, Thai",2000,Indian Rupees(Rs.),Yes,Yes,3.9,280
18430557,Takamaka,1,Gurgaon,"North Indian, Continental, Italian",1700,Indian Rupees(Rs.),Yes,No,3.9,67
18441771,The Ark,1,Gurgaon,"Seafood, Mediterranean",2000,Indian Rupees(Rs.),Yes,No,3.7,45
18460311,The Gathering Hut,1,Gurgaon,"North Indian, Chinese",700,Indian Rupees(Rs.),No,Yes,3.5,27
18161583,Wangchuk's Ladakhi Kitchen,1,Gurgaon,"Tibetan, Nepalese",850,Indian Rupees(Rs.),No,Yes,3.6,241
18237346,Daawat-e-Kashmir,1,Gurgaon,"Kashmiri, Mughlai",1200,Indian Rupees(Rs.),No,Yes,4.2,146
311662,La Pino'z Pizza,1,Gurgaon,"Pizza, Mexican, Chinese, Italian",1000,Indian Rupees(Rs.),Yes,Yes,4.0,259
18430602,The Diet Kitchen,1,Gurgaon,"Continental, Healthy Food",700,Indian Rupees(Rs.),No,Yes,4.0,20
5172,Om Sweets & Snacks,1,Gurgaon,"North Indian, South Indian, Street Food, Mithai",500,Indian Rupees(Rs.),No,Yes,3.1,138
6643,Subway,1,Gurgaon,"American, Fast Food, Salad, Healthy Food",500,Indian Rupees(Rs.),No,Yes,2.8,101
300978,Taste of Tamil Nadu,1,Gurgaon,"South Indian, Chinese, North Indian",400,Indian Rupees(Rs.),No,No,3.1,94
311640,The Bridge - Hotel Clark Inn Gurgaon,1,Gurgaon,"North Indian, Chinese",1400,Indian Rupees(Rs.),Yes,No,2.8,7
311629,Illusion The Lounge Bar - Hotel Clark Inn Gurgaon,1,Gurgaon,"North Indian, Chinese",1400,Indian Rupees(Rs.),Yes,No,0.0,2
303430,Gardenia - Hotel Grenville,1,Gurgaon,"North Indian, Continental, Chinese",1500,Indian Rupees(Rs.),Yes,No,2.8,15
303486,Call For Cuisine - Hotel Grenville,1,Gurgaon,"North Indian, Chinese",600,Indian Rupees(Rs.),No,No,0.0,2
309423,Armory - Hotel Haut.Monde,1,Gurgaon,Finger Food,1000,Indian Rupees(Rs.),Yes,No,2.9,6
309421,Citron - Hotel Haut.Monde,1,Gurgaon,"North Indian, Chinese, Continental",1300,Indian Rupees(Rs.),Yes,No,2.7,13
308390,Gabbar Meals,1,Gurgaon,"North Indian, Mughlai",450,Indian Rupees(Rs.),No,Yes,3.4,260
308473,McDonald's,1,Gurgaon,"Fast Food, Burger",500,Indian Rupees(Rs.),No,Yes,2.7,90
308997,Crust Bistro,1,Gurgaon,"Italian, Pizza",800,Indian Rupees(Rs.),No,Yes,3.6,144
308470,Dunkin' Donuts,1,Gurgaon,"Burger, Desserts, Fast Food",600,Indian Rupees(Rs.),No,Yes,3.6,243
308477,Kabab Roll Cafe,1,Gurgaon,"North Indian, Mughlai",600,Indian Rupees(Rs.),No,Yes,3.8,121
307786,Starbucks,1,Gurgaon,Cafe,700,Indian Rupees(Rs.),No,No,3.8,183
308447,Eggers Madhouse,1,Gurgaon,Fast Food,500,Indian Rupees(Rs.),No,Yes,4.0,647
17977796,Gallery Caf? - Hyatt Place,1,Gurgaon,Cafe,1500,Indian Rupees(Rs.),Yes,No,3.8,73
17977757,Coffee to Cocktail Bar - Hyatt Place,1,Gurgaon,Drinks Only,2100,Indian Rupees(Rs.),Yes,No,0.0,0
4256,Spice It - Hotel IBIS,1,Gurgaon,"Fast Food, North Indian, Chinese",1000,Indian Rupees(Rs.),Yes,No,2.7,96
18306548,Nukkadwala,1,Gurgaon,"Fast Food, Street Food",300,Indian Rupees(Rs.),No,Yes,3.4,41
5032,Power Play Resto Bar,1,Gurgaon,"North Indian, American, Italian",1850,Indian Rupees(Rs.),Yes,No,2.8,91
7472,Daikichi,1,Gurgaon,Japanese,1000,Indian Rupees(Rs.),Yes,No,3.6,70
302336,The Atrium - By Jukaso It Suites,1,Gurgaon,"Asian, Bakery",1500,Indian Rupees(Rs.),Yes,No,2.8,21
8413,Delhi - Kingdom of Dreams,1,Gurgaon,Street Food,500,Indian Rupees(Rs.),No,No,3.7,364
8437,Lucknow - Kingdom of Dreams,1,Gurgaon,Lucknowi,1000,Indian Rupees(Rs.),No,No,3.7,179
8019,Longitude 77?03' Bar - Le Meridien Gurgaon,1,Gurgaon,Finger Food,1600,Indian Rupees(Rs.),Yes,No,3.4,23
307416,I-Kandy - Le Meridien Gurgaon,1,Gurgaon,Finger Food,4500,Indian Rupees(Rs.),Yes,No,3.6,218
18369743,Bella Cucina - Le Meridien Gurgaon,1,Gurgaon,Italian,4000,Indian Rupees(Rs.),Yes,No,4.1,38
307533,Bar Code - Leisure Inn,1,Gurgaon,Finger Food,1900,Indian Rupees(Rs.),Yes,No,3.0,6
307225,Bites - Leisure Inn,1,Gurgaon,"North Indian, Continental, Asian",1400,Indian Rupees(Rs.),Yes,No,3.0,19
307426,Outback Bar and Grill - Leisure Inn,1,Gurgaon,"North Indian, Finger Food",1200,Indian Rupees(Rs.),Yes,No,3.0,10
6700,Citrus Cafe - Lemon Tree Premier,1,Gurgaon,"North Indian, Continental, Chinese",2000,Indian Rupees(Rs.),Yes,No,3.2,137
300538,Ammu's South Indian Restaurant,1,Gurgaon,South Indian,300,Indian Rupees(Rs.),No,No,2.8,45
4879,Barista,1,Gurgaon,Cafe,650,Indian Rupees(Rs.),No,No,3.3,22
18198441,Bengali By Nature,1,Gurgaon,"Fast Food, Chinese, Bengali",400,Indian Rupees(Rs.),No,Yes,3.3,38
18334445,Burger Planet,1,Gurgaon,"North Indian, Chinese, Fast Food",300,Indian Rupees(Rs.),No,Yes,3.2,21
302920,Cafe Coffee Day,1,Gurgaon,Cafe,450,Indian Rupees(Rs.),No,No,3.1,20
18430882,Chini Bowl,1,Gurgaon,"Chinese, Thai, Japanese, Tibetan",800,Indian Rupees(Rs.),No,No,2.8,15
313204,E Yum,1,Gurgaon,"Continental, Italian, Mexican",750,Indian Rupees(Rs.),No,Yes,3.4,69
303477,Handi X-Press,1,Gurgaon,"North Indian, Chinese, Mughlai",550,Indian Rupees(Rs.),No,Yes,3.2,75
5230,Ion Club & Dining Lounge,1,Gurgaon,"Continental, North Indian, Mughlai, Chinese",1800,Indian Rupees(Rs.),Yes,No,2.6,115
3582,Komachi,1,Gurgaon,Japanese,1200,Indian Rupees(Rs.),Yes,No,3.2,39
303470,Mehfil-e-Handi,1,Gurgaon,"North Indian, Chinese, Mughlai",400,Indian Rupees(Rs.),No,No,2.8,36
429,Mezbaan's,1,Gurgaon,"North Indian, Mughlai, Chinese",600,Indian Rupees(Rs.),No,No,2.7,61
18034040,Mini Mahal Delux,1,Gurgaon,"North Indian, Chinese",1200,Indian Rupees(Rs.),Yes,No,2.8,23
17953932,Pita Pan,1,Gurgaon,"Arabian, Lebanese",600,Indian Rupees(Rs.),No,Yes,3.1,82
312668,SBar Club & Lounge,1,Gurgaon,Finger Food,2200,Indian Rupees(Rs.),Yes,No,3.1,13
997,China Club,1,Gurgaon,"Chinese, Asian",2000,Indian Rupees(Rs.),No,No,3.8,283
2144,Coriander Leaf,1,Gurgaon,"Mughlai, Pakistani, North Indian",1600,Indian Rupees(Rs.),Yes,Yes,3.8,665
305682,Doughlicious,1,Gurgaon,"Bakery, Desserts, Fast Food",550,Indian Rupees(Rs.),No,Yes,3.6,69
17953934,FreshMenu,1,Gurgaon,"Italian, Chinese, Continental, Thai, Mediterranean, Lebanese",600,Indian Rupees(Rs.),No,Yes,3.7,198
3855,L'Angoor,1,Gurgaon,"American, Seafood, Italian, Japanese, Thai",2500,Indian Rupees(Rs.),Yes,No,3.5,57
310445,The Cakelicious Factory,1,Gurgaon,"Bakery, Desserts, Fast Food",200,Indian Rupees(Rs.),No,Yes,3.6,43
892,Green's,1,Gurgaon,"Chinese, North Indian, South Indian, Street Food",350,Indian Rupees(Rs.),No,Yes,2.3,31
2056,New Zaika,1,Gurgaon,"North Indian, Chinese",600,Indian Rupees(Rs.),No,No,2.4,35
307509,Love Is Cakes,1,Gurgaon,Bakery,600,Indian Rupees(Rs.),No,Yes,4.1,246
797,Costa Coffee,1,Gurgaon,Cafe,600,Indian Rupees(Rs.),No,No,3.3,31
308013,Uforia,1,Gurgaon,"Continental, Asian, North Indian, Italian",1500,Indian Rupees(Rs.),Yes,No,3.5,240
2760,Vapour Pub & Brewery,1,Gurgaon,"Finger Food, Continental, North Indian, Italian, Chinese",1500,Indian Rupees(Rs.),No,No,3.7,1902
8913,Pirates of Grill,1,Gurgaon,"North Indian, Continental, Mughlai, Asian",2000,Indian Rupees(Rs.),Yes,No,4.1,2806
311759,Barista Creme Lavazza,1,Gurgaon,Cafe,650,Indian Rupees(Rs.),No,No,3.2,13
18446889,Frozen Adda,1,Gurgaon,"Ice Cream, Desserts",350,Indian Rupees(Rs.),No,No,3.0,5
9957,McDonald's,1,Gurgaon,"Fast Food, Burger",500,Indian Rupees(Rs.),No,No,3.2,68
308840,Mr Idli Xpress,1,Gurgaon,"South Indian, Chinese",450,Indian Rupees(Rs.),No,No,2.6,120
18432226,bu?no,1,Gurgaon,"Cafe, American, Desserts, Italian, Bakery",650,Indian Rupees(Rs.),No,Yes,3.7,18
311777,Starbucks,1,Gurgaon,Cafe,700,Indian Rupees(Rs.),No,No,3.5,66
2064,Al Kabab,1,Gurgaon,"North Indian, Mughlai",800,Indian Rupees(Rs.),No,Yes,2.7,67
311758,Bangkok 1,1,Gurgaon,Thai,550,Indian Rupees(Rs.),No,No,3.3,40
514,Barista,1,Gurgaon,Cafe,650,Indian Rupees(Rs.),No,Yes,3.4,39
18408212,Cafe Cravings,1,Gurgaon,"Cafe, Italian",600,Indian Rupees(Rs.),No,No,3.4,19
2061,Hello Sichuan,1,Gurgaon,Chinese,750,Indian Rupees(Rs.),No,No,2.9,42
2458,McDonald's,1,Gurgaon,"Fast Food, Burger",500,Indian Rupees(Rs.),No,Yes,3.4,234
420,Rajasthali,1,Gurgaon,"Gujarati, Rajasthani",750,Indian Rupees(Rs.),Yes,No,2.9,501
1599,Street Foods by Punjab Grill,1,Gurgaon,"Street Food, North Indian",700,Indian Rupees(Rs.),No,Yes,2.6,61
159,Subway,1,Gurgaon,"American, Fast Food, Salad, Healthy Food",500,Indian Rupees(Rs.),No,Yes,3.3,81
300119,Tibb's Frankie,1,Gurgaon,Fast Food,350,Indian Rupees(Rs.),No,No,3.4,118
18466924,Tunday Kababi Dastarkhwan-e-Awadh,1,Gurgaon,"Mughlai, North Indian",700,Indian Rupees(Rs.),No,No,3.1,13
18354984,Dunkin' Donuts,1,Gurgaon,"Burger, Desserts, Fast Food",600,Indian Rupees(Rs.),No,Yes,3.7,26
1096,Haldiram's,1,Gurgaon,"North Indian, South Indian, Chinese, Street Food, Fast Food, Mithai, Desserts",600,Indian Rupees(Rs.),No,No,3.6,185
18336208,Keventers,1,Gurgaon,Beverages,400,Indian Rupees(Rs.),No,No,3.6,27
3213,Khaaja Chowk,1,Gurgaon,"North Indian, Mughlai, South Indian, Rajasthani, Street Food",1000,Indian Rupees(Rs.),Yes,Yes,3.6,496
18381642,Phantom,1,Gurgaon,"North Indian, Continental, Chinese",1500,Indian Rupees(Rs.),Yes,No,3.5,55
338,Sage,1,Gurgaon,"Pizza, Italian",900,Indian Rupees(Rs.),No,No,3.5,205
1245,TGI Friday's,1,Gurgaon,"American, Tex-Mex",2500,Indian Rupees(Rs.),Yes,Yes,3.7,730
18381233,The Belgian Fries Company,1,Gurgaon,"European, American, Street Food",400,Indian Rupees(Rs.),No,Yes,3.7,31
18153552,The Grills King,1,Gurgaon,"North Indian, Chinese, Continental",1400,Indian Rupees(Rs.),Yes,No,3.8,468
18082232,Chicago Pizza,1,Gurgaon,Pizza,600,Indian Rupees(Rs.),No,No,2.3,29
3585,Suburbia - The Empire,1,Gurgaon,"Continental, European, North Indian",1800,Indian Rupees(Rs.),Yes,No,2.1,90
305698,Viva Hyderabad,1,Gurgaon,"Biryani, North Indian",600,Indian Rupees(Rs.),No,Yes,2.3,34
18337917,Queens Caf?,1,Gurgaon,"Cafe, North Indian",900,Indian Rupees(Rs.),Yes,No,4.0,62
6847,Cafe Coffee Day,1,Gurgaon,Cafe,450,Indian Rupees(Rs.),No,No,3.3,34
8147,FOA - The Flavours of Arabia,1,Gurgaon,"Lebanese, North Indian",1500,Indian Rupees(Rs.),Yes,Yes,3.4,165
18198825,A1,1,Gurgaon,Biryani,200,Indian Rupees(Rs.),No,No,3.0,4
302044,Apni Rasoi,1,Gurgaon,North Indian,400,Indian Rupees(Rs.),No,No,2.9,4
18399220,DBDN Deena Meat Vala,1,Gurgaon,North Indian,500,Indian Rupees(Rs.),No,No,3.2,5
5084,Deep Chicken Corner,1,Gurgaon,North Indian,500,Indian Rupees(Rs.),No,No,3.2,18
302024,Dilli Rasoi,1,Gurgaon,"North Indian, Mughlai, Chinese",700,Indian Rupees(Rs.),No,No,3.2,31
18396399,French Omelette,1,Gurgaon,Fast Food,100,Indian Rupees(Rs.),No,No,3.2,7
309987,Green Chick Chop,1,Gurgaon,"Raw Meats, North Indian, Fast Food",350,Indian Rupees(Rs.),No,No,2.9,5
18358183,Hangout Cafe,1,Gurgaon,"Fast Food, Chinese",200,Indian Rupees(Rs.),No,Yes,3.4,27
304713,Hari Om Rasoi,1,Gurgaon,North Indian,400,Indian Rupees(Rs.),No,No,3.2,28
18396200,Harish Phulwari,1,Gurgaon,"North Indian, South Indian, Fast Food, Street Food, Mithai",600,Indian Rupees(Rs.),No,No,3.1,4
301358,Hotel Rajvanshi Restaurant,1,Gurgaon,"North Indian, Chinese",600,Indian Rupees(Rs.),No,No,3.3,25
6834,Jagdish Vaishno Dhaba,1,Gurgaon,North Indian,150,Indian Rupees(Rs.),No,No,3.1,12
6835,JVR Jayka,1,Gurgaon,North Indian,200,Indian Rupees(Rs.),No,No,2.9,5
302041,Kaza,1,Gurgaon,"North Indian, Mughlai, South Indian, Chinese",1000,Indian Rupees(Rs.),Yes,No,3.1,25
310412,Knight Delight Kafe,1,Gurgaon,"Fast Food, Chinese",500,Indian Rupees(Rs.),No,Yes,2.6,12
18350120,Ko Jitters,1,Gurgaon,"Fast Food, Beverages",450,Indian Rupees(Rs.),No,No,3.0,6
301989,Laajawab Chaap Express,1,Gurgaon,North Indian,250,Indian Rupees(Rs.),No,No,3.1,17
2107,Laddu Gopal,1,Gurgaon,"North Indian, South Indian, Chinese",400,Indian Rupees(Rs.),No,No,3.0,13
1029,Mini's Royal Cafe,1,Gurgaon,"North Indian, Chinese",500,Indian Rupees(Rs.),No,No,3.3,21
18144475,Pakwan,1,Gurgaon,"North Indian, Chinese",400,Indian Rupees(Rs.),No,Yes,3.4,60
18331053,Patiala,1,Gurgaon,"Mughlai, Chinese",600,Indian Rupees(Rs.),No,No,3.4,33
18383525,Pind Balluchi,1,Gurgaon,"North Indian, Mughlai",800,Indian Rupees(Rs.),No,Yes,2.7,11
1019,Pizza Man,1,Gurgaon,"Pizza, Fast Food",400,Indian Rupees(Rs.),No,No,2.9,8
18311926,Punjabi Dhani,1,Gurgaon,North Indian,700,Indian Rupees(Rs.),No,No,3.2,25
302037,Raju Halwai,1,Gurgaon,North Indian,450,Indian Rupees(Rs.),No,No,3.1,7
18396397,Rupa Tikki Wala And Caterers,1,Gurgaon,Street Food,150,Indian Rupees(Rs.),No,No,2.8,4
302027,Samrat The Cake Shoppe,1,Gurgaon,"Bakery, Desserts, Fast Food",150,Indian Rupees(Rs.),No,No,3.0,11
306938,Samrat,1,Gurgaon,"Bakery, Mithai, Fast Food",400,Indian Rupees(Rs.),No,No,2.9,10
17977759,Sanjha Chula,1,Gurgaon,North Indian,700,Indian Rupees(Rs.),No,No,3.0,6
309986,Silver Crown,1,Gurgaon,"North Indian, Chinese, Street Food, Fast Food",500,Indian Rupees(Rs.),No,Yes,2.5,12
301800,Super Bakery,1,Gurgaon,"Bakery, Fast Food, Chinese",250,Indian Rupees(Rs.),No,No,3.3,26
2177,The Chic,1,Gurgaon,Fast Food,200,Indian Rupees(Rs.),No,No,3.0,15
304718,Unique Bus Wales,1,Gurgaon,Chinese,200,Indian Rupees(Rs.),No,No,2.8,16
310493,Dilli 6 Express,1,Gurgaon,"North Indian, Mughlai",550,Indian Rupees(Rs.),No,No,3.5,31
18017239,Mangle Di Kulfi,1,Gurgaon,"Ice Cream, Desserts",100,Indian Rupees(Rs.),No,No,3.6,18
18372397,The Oven Artist,1,Gurgaon,Bakery,800,Indian Rupees(Rs.),No,No,3.5,25
304700,Bal Ji Rasoi,1,Gurgaon,North Indian,300,Indian Rupees(Rs.),No,No,0.0,3
18492087,Dakshin Bistro,1,Gurgaon,"South Indian, Biryani",600,Indian Rupees(Rs.),No,No,0.0,3
18396391,Metro Dhaba,1,Gurgaon,North Indian,150,Indian Rupees(Rs.),No,No,0.0,1
18370499,Sukhman Food City,1,Gurgaon,North Indian,200,Indian Rupees(Rs.),No,No,0.0,1
18336543,The Burger Hub,1,Gurgaon,"Burger, Fast Food, Chinese",300,Indian Rupees(Rs.),No,No,0.0,3
3603,Pizza Hut Delivery,1,Gurgaon,"Italian, Pizza, Fast Food",800,Indian Rupees(Rs.),No,Yes,2.2,93
313043,Hot Cherries,1,Gurgaon,Bakery,400,Indian Rupees(Rs.),No,No,3.6,84
230,Domino's Pizza,1,Gurgaon,"Pizza, Fast Food",700,Indian Rupees(Rs.),No,No,2.4,112
18322641,Coldpress Company,1,Gurgaon,"Healthy Food, Juices, Salad, Italian, Continental",500,Indian Rupees(Rs.),No,Yes,4.1,74
18391155,Hahn's Kitchen,1,Gurgaon,Korean,1800,Indian Rupees(Rs.),No,No,3.2,12
18285742,Shree Rathnam,1,Gurgaon,"South Indian, North Indian",800,Indian Rupees(Rs.),Yes,Yes,3.4,36
18285725,Caffe Tonino,1,Gurgaon,"Italian, Pizza, Cafe",1400,Indian Rupees(Rs.),No,Yes,3.8,101
18383488,Carl's Jr.,1,Gurgaon,"Burger, American, Fast Food",650,Indian Rupees(Rs.),No,Yes,3.5,45
18285745,Delhi Club House,1,Gurgaon,"North Indian, Continental, Asian",1700,Indian Rupees(Rs.),No,No,3.9,81
18391159,GoGourmet,1,Gurgaon,"Healthy Food, Beverages",600,Indian Rupees(Rs.),No,Yes,3.7,33
18391132,Shophouse by Kylin,1,Gurgaon,"Japanese, Chinese, Thai",1500,Indian Rupees(Rs.),Yes,No,3.5,37
18272387,Starbucks,1,Gurgaon,Cafe,700,Indian Rupees(Rs.),No,No,3.5,16
8651,Baskin Robbins,1,Gurgaon,Ice Cream,300,Indian Rupees(Rs.),No,No,3.1,14
18291436,Bikaner Sweets & Restaurant,1,Gurgaon,"Street Food, North Indian, Mithai",350,Indian Rupees(Rs.),No,No,3.1,9
301936,Burger Bites & More,1,Gurgaon,"Fast Food, Chinese",450,Indian Rupees(Rs.),No,No,2.9,19
18264717,Caf? Gramophone,1,Gurgaon,"Cafe, Fast Food",700,Indian Rupees(Rs.),No,No,3.2,15
7083,Chawla Bakers,1,Gurgaon,"Bakery, Street Food",200,Indian Rupees(Rs.),No,No,3.2,18
312105,Crust N Cakes,1,Gurgaon,Bakery,550,Indian Rupees(Rs.),No,Yes,3.2,6
18311942,Darjeeling Kanchanjanga Momos,1,Gurgaon,"Chinese, Fast Food",200,Indian Rupees(Rs.),No,No,2.9,4
18430874,Desserts 83,1,Gurgaon,Desserts,200,Indian Rupees(Rs.),No,No,3.2,10
18144481,Express Kitchen,1,Gurgaon,"North Indian, Chinese",600,Indian Rupees(Rs.),No,No,2.9,4
18264977,Giani's,1,Gurgaon,"Ice Cream, Desserts",400,Indian Rupees(Rs.),No,No,3.1,24
303859,Hangover,1,Gurgaon,"North Indian, Chinese",800,Indian Rupees(Rs.),Yes,No,2.7,11
5106,Sangam Sweets,1,Gurgaon,"Street Food, Mithai, South Indian, North Indian, Chinese",250,Indian Rupees(Rs.),No,Yes,2.5,9
308726,Shree Bikaner Misthan Bhandar,1,Gurgaon,"Mithai, Street Food, Chinese",300,Indian Rupees(Rs.),No,No,3.0,4
303209,Shree Shyam Rasoi,1,Gurgaon,North Indian,350,Indian Rupees(Rs.),No,No,3.1,12
18375401,Swad On Grill,1,Gurgaon,"Continental, Chinese, North Indian, Mughlai",400,Indian Rupees(Rs.),No,No,3.1,17
18396428,The Pepper's,1,Gurgaon,"North Indian, Mughlai, Chinese",250,Indian Rupees(Rs.),No,No,3.0,5
18396178,Anisha Restaurant,1,Gurgaon,"North Indian, Mughlai",400,Indian Rupees(Rs.),No,No,0.0,1
18346735,Annapoorna Foods,1,Gurgaon,"North Indian, Mughlai, South Indian",600,Indian Rupees(Rs.),No,No,0.0,1
303697,Bakelicious 18,1,Gurgaon,"Bakery, Desserts",450,Indian Rupees(Rs.),No,No,0.0,2
18463987,Bansiwala Bakery,1,Gurgaon,"Bakery, Fast Food",200,Indian Rupees(Rs.),No,No,0.0,0
18463989,Bansiwala Rasoi,1,Gurgaon,Street Food,300,Indian Rupees(Rs.),No,No,0.0,0
304771,Bansiwala Sweets,1,Gurgaon,"Street Food, Mithai",100,Indian Rupees(Rs.),No,No,0.0,1
311850,Best Pizza Hut,1,Gurgaon,Fast Food,350,Indian Rupees(Rs.),No,No,0.0,0
18471289,Bikaner Sweets & Restaurant,1,Gurgaon,"North Indian, Street Food, Mithai",200,Indian Rupees(Rs.),No,No,0.0,0
18324432,Chaska Food Corner,1,Gurgaon,"Chinese, North Indian",700,Indian Rupees(Rs.),No,No,0.0,1
18476508,Chulha,1,Gurgaon,"North Indian, Mughlai, Awadhi",500,Indian Rupees(Rs.),No,No,0.0,0
18350153,Dev Restaurant,1,Gurgaon,"North Indian, Chinese",600,Indian Rupees(Rs.),No,No,0.0,0
18472669,Dietpoint,1,Gurgaon,"Chinese, North Indian",600,Indian Rupees(Rs.),No,No,0.0,0
18463993,Gautam Bakery,1,Gurgaon,"Bakery, Fast Food",150,Indian Rupees(Rs.),No,No,0.0,0
18476498,Honey Hot & Spicy,1,Gurgaon,"North Indian, Chinese",250,Indian Rupees(Rs.),No,No,0.0,1
18471248,Hot & Spicy,1,Gurgaon,"North Indian, Chinese, South Indian, Fast Food",450,Indian Rupees(Rs.),No,No,0.0,0
18464002,Hot Fork,1,Gurgaon,"Chinese, Fast Food",400,Indian Rupees(Rs.),No,No,0.0,2
18478377,Icon Foods,1,Gurgaon,"North Indian, South Indian, Chinese",600,Indian Rupees(Rs.),No,No,0.0,0
18244261,Indochi Cafe & Restaurant,1,Gurgaon,"North Indian, Mughlai, Chinese",400,Indian Rupees(Rs.),No,No,0.0,1
18274332,Love to Wish,1,Gurgaon,"Bakery, Desserts",200,Indian Rupees(Rs.),No,No,0.0,2
18460280,M Cr?me,1,Gurgaon,"Bakery, Desserts",700,Indian Rupees(Rs.),No,No,0.0,0
18263500,Mamta Tiffin Service,1,Gurgaon,North Indian,150,Indian Rupees(Rs.),No,No,0.0,0
18463994,Panther Restaurant,1,Gurgaon,"North Indian, Chinese",600,Indian Rupees(Rs.),No,No,0.0,0
18449816,Pizza King,1,Gurgaon,"Pizza, Fast Food",600,Indian Rupees(Rs.),No,No,0.0,1
309341,Radha Swami Shudh Vaishno Dhaba,1,Gurgaon,North Indian,300,Indian Rupees(Rs.),No,No,0.0,2
18423904,RD's Authentic Aroma,1,Gurgaon,"North Indian, South Indian, Chinese",450,Indian Rupees(Rs.),No,No,0.0,2
18462613,Savour,1,Gurgaon,Biryani,250,Indian Rupees(Rs.),No,No,0.0,1
18396180,Sheetla Dhaba,1,Gurgaon,North Indian,400,Indian Rupees(Rs.),No,No,0.0,0
303865,Shree Bikaner Mishthan Bhandar,1,Gurgaon,Mithai,500,Indian Rupees(Rs.),No,No,0.0,2
7096,Shree Shyam Bhojnalaya,1,Gurgaon,North Indian,350,Indian Rupees(Rs.),No,No,0.0,3
18463972,Shristi Happy Eats,1,Gurgaon,Street Food,150,Indian Rupees(Rs.),No,No,0.0,0
18463996,Singh Terrace Grill,1,Gurgaon,North Indian,500,Indian Rupees(Rs.),No,No,0.0,0
18463992,Swami Vaishno Dhaba,1,Gurgaon,North Indian,300,Indian Rupees(Rs.),No,No,0.0,0
18393708,Wah Ji Wah,1,Gurgaon,North Indian,400,Indian Rupees(Rs.),No,No,0.0,1
306037,Cafe 55 - Park Inn,1,Gurgaon,"Continental, North Indian, Chinese",1500,Indian Rupees(Rs.),Yes,No,3.2,13
5720,New Town Lounge & Bar - Park Plaza,1,Gurgaon,"Continental, Finger Food",3000,Indian Rupees(Rs.),Yes,No,3.4,20
5721,New Town Pastry Shop - Park Plaza,1,Gurgaon,"Bakery, Desserts",1200,Indian Rupees(Rs.),No,No,3.2,26
1670,New Town Cafe - Park Plaza,1,Gurgaon,"Continental, American, North Indian, Chinese",2200,Indian Rupees(Rs.),Yes,No,3.7,176
7573,The Great Kabab Factory - Park Plaza,1,Gurgaon,"North Indian, Mughlai",3000,Indian Rupees(Rs.),Yes,No,3.7,340
3243,K2 Restaurant,1,Gurgaon,"Korean, Chinese",2000,Indian Rupees(Rs.),Yes,No,3.0,21
305171,Angels in my Kitchen,1,Gurgaon,"Bakery, Desserts, Fast Food",350,Indian Rupees(Rs.),No,Yes,3.1,84
3536,Barista,1,Gurgaon,Cafe,650,Indian Rupees(Rs.),No,No,3.3,41
6743,Cafe Coffee Day,1,Gurgaon,Cafe,450,Indian Rupees(Rs.),No,No,2.8,18
18458663,Cafe Naklee,1,Gurgaon,Cafe,400,Indian Rupees(Rs.),No,No,3.2,10
312269,Chacha's Take Away,1,Gurgaon,"North Indian, Mughlai",700,Indian Rupees(Rs.),No,Yes,2.8,16
308732,Colonel's Kababz,1,Gurgaon,"North Indian, Mughlai",900,Indian Rupees(Rs.),Yes,Yes,3.0,61
6747,Domino's Pizza,1,Gurgaon,"Pizza, Fast Food",700,Indian Rupees(Rs.),No,No,2.8,70
6804,Green Chick Chop,1,Gurgaon,"Raw Meats, North Indian, Fast Food",350,Indian Rupees(Rs.),No,No,2.8,16
301506,Naushi's Kitchenette,1,Gurgaon,"Bakery, Beverages",500,Indian Rupees(Rs.),No,No,3.4,57
1284,Sapra Pastry Treat,1,Gurgaon,"Bakery, Fast Food",250,Indian Rupees(Rs.),No,Yes,3.0,33
1313,Subway,1,Gurgaon,"American, Fast Food, Salad, Healthy Food",500,Indian Rupees(Rs.),No,Yes,3.2,92
301737,Sunny Sweets,1,Gurgaon,"Mithai, Street Food",200,Indian Rupees(Rs.),No,No,3.3,22
18455518,The Healthy Rasoi,1,Gurgaon,"Healthy Food, North Indian, Beverages",500,Indian Rupees(Rs.),No,No,3.7,25
18398606,Burger King,1,Gurgaon,"Burger, Fast Food",500,Indian Rupees(Rs.),No,Yes,3.0,71
309030,Hong Kong Express,1,Gurgaon,"Chinese, Thai",700,Indian Rupees(Rs.),No,Yes,3.2,100
3909,Viva Hyderabad,1,Gurgaon,"Biryani, North Indian",600,Indian Rupees(Rs.),No,Yes,2.3,32
4290,Cafe Rouge - Ramada,1,Gurgaon,"North Eastern, Continental, South Indian, Fast Food",1500,Indian Rupees(Rs.),Yes,No,3.5,194
1452,Shamji Sweets,1,Gurgaon,Mithai,200,Indian Rupees(Rs.),No,No,3.2,15
303779,Sialkoti Vaishno Dhaba,1,Gurgaon,North Indian,250,Indian Rupees(Rs.),No,No,3.1,16
554,Haldiram's,1,Gurgaon,"North Indian, South Indian, Chinese, Street Food, Fast Food, Mithai, Desserts",600,Indian Rupees(Rs.),No,No,3.6,315
3953,Club Prison,1,Gurgaon,Finger Food,1800,Indian Rupees(Rs.),No,No,2.4,53
18368009,Maa Bhagwati Tiffins,1,Gurgaon,North Indian,200,Indian Rupees(Rs.),No,No,3.0,4
305242,Spices & Sauces,1,Gurgaon,"North Indian, Continental",1500,Indian Rupees(Rs.),Yes,No,3.0,8
18419914,Indian Food Cafe,1,Gurgaon,North Indian,500,Indian Rupees(Rs.),No,No,0.0,1
303730,Assam Tea Corner,1,Gurgaon,"Chinese, Street Food",150,Indian Rupees(Rs.),No,No,2.8,6
18462214,Bakingo,1,Gurgaon,Bakery,400,Indian Rupees(Rs.),No,No,3.0,4
309272,Balaji Sweets & Snacks,1,Gurgaon,"North Indian, South Indian, Chinese",400,Indian Rupees(Rs.),No,No,2.9,6
18311957,Baxman Delivers,1,Gurgaon,"North Indian, Chinese, Fast Food, Desserts",800,Indian Rupees(Rs.),No,No,2.9,4
18218304,Burger Point,1,Gurgaon,"Burger, Fast Food",300,Indian Rupees(Rs.),No,No,3.2,20
18252419,Burger Xpress,1,Gurgaon,Fast Food,300,Indian Rupees(Rs.),No,No,3.1,20
606,Cafe Coffee Day,1,Gurgaon,Cafe,450,Indian Rupees(Rs.),No,No,2.8,34
18133490,Cake Factory,1,Gurgaon,"Bakery, Desserts",300,Indian Rupees(Rs.),No,Yes,3.3,36
18291476,Cake Maker,1,Gurgaon,"Street Food, Bakery",200,Indian Rupees(Rs.),No,No,3.0,5
2071,Captain's Table,1,Gurgaon,"Bakery, Desserts",200,Indian Rupees(Rs.),No,No,3.1,41
18445653,Carpedium,1,Gurgaon,"Bakery, Desserts",200,Indian Rupees(Rs.),No,No,3.1,7
18466800,Chef Sack Kitchen,1,Gurgaon,"Mexican, Lebanese, Italian, Continental, Thai",500,Indian Rupees(Rs.),No,No,3.1,7
303743,Chinar Junction,1,Gurgaon,"North Indian, Chinese",600,Indian Rupees(Rs.),No,No,2.8,8
300174,Frontier,1,Gurgaon,Bakery,200,Indian Rupees(Rs.),No,No,2.9,10
18461280,Ganpati Rasoi,1,Gurgaon,North Indian,200,Indian Rupees(Rs.),No,No,3.2,11
6709,Indian & Chinese Corner,1,Gurgaon,"North Indian, Chinese",400,Indian Rupees(Rs.),No,No,3.1,21
18070491,Juice Lounge,1,Gurgaon,"Beverages, Fast Food",350,Indian Rupees(Rs.),No,No,3.4,25
302907,KB's Kulfi & Icecream,1,Gurgaon,Ice Cream,200,Indian Rupees(Rs.),No,Yes,3.3,19
889,KB's Kulfi & Icecream,1,Gurgaon,Ice Cream,200,Indian Rupees(Rs.),No,Yes,3.3,43
18337904,Keventers,1,Gurgaon,Beverages,250,Indian Rupees(Rs.),No,No,2.6,18
18415355,KFC,1,Gurgaon,"American, Fast Food, Burger",500,Indian Rupees(Rs.),No,Yes,2.7,17
853,Madras Cafe,1,Gurgaon,"South Indian, North Indian, Chinese, Fast Food",300,Indian Rupees(Rs.),No,No,3.3,69
2620,Madurai Meenakshi Bhawan,1,Gurgaon,"South Indian, North Indian",300,Indian Rupees(Rs.),No,No,3.4,25
310155,Masala Fusion,1,Gurgaon,"North Indian, Chinese",600,Indian Rupees(Rs.),No,Yes,3.2,52
5061,Moti Mahal Delux Tandoori Trail,1,Gurgaon,"North Indian, Continental",800,Indian Rupees(Rs.),Yes,No,2.9,16
18460326,Mr. & Mrs. Idly,1,Gurgaon,"South Indian, Chinese",400,Indian Rupees(Rs.),No,No,3.0,5
18471259,Pind Bawarchi,1,Gurgaon,"North Indian, Chinese",600,Indian Rupees(Rs.),No,Yes,3.1,8
4122,Republic of Chicken,1,Gurgaon,"Raw Meats, Fast Food",400,Indian Rupees(Rs.),No,No,2.8,9
1140,Ridhi Sidhi,1,Gurgaon,"North Indian, Chinese, South Indian",500,Indian Rupees(Rs.),No,Yes,3.0,30
1145,Romi Da Dhaba,1,Gurgaon,North Indian,450,Indian Rupees(Rs.),No,No,3.2,34
887,Shamji Sweets,1,Gurgaon,"Mithai, South Indian, Chinese, Street Food, North Indian",600,Indian Rupees(Rs.),No,No,2.9,26
18461599,Six Pack Kitchen,1,Gurgaon,"Healthy Food, Continental",600,Indian Rupees(Rs.),No,No,3.2,13
18387990,Taste of Dilli 6,1,Gurgaon,"Chinese, North Indian",650,Indian Rupees(Rs.),No,Yes,2.7,9
9169,The Guls,1,Gurgaon,North Indian,650,Indian Rupees(Rs.),No,No,3.0,21
5129,The League Restaurant,1,Gurgaon,"North Indian, Chinese",900,Indian Rupees(Rs.),Yes,No,3.1,17
1131,The Plaza Solitaire,1,Gurgaon,"North Indian, Mughlai, Chinese, South Indian",900,Indian Rupees(Rs.),Yes,No,3.3,32
303747,Uttarakhand Fast Food,1,Gurgaon,North Indian,200,Indian Rupees(Rs.),No,No,2.9,6
329,Viva Hyderabad,1,Gurgaon,"Biryani, North Indian",600,Indian Rupees(Rs.),No,Yes,2.5,70
303765,Wahid Food Corner,1,Gurgaon,North Indian,400,Indian Rupees(Rs.),No,No,2.8,6
7225,Zync - Rosewood Hotel,1,Gurgaon,"North Indian, Chinese, Continental",1000,Indian Rupees(Rs.),Yes,No,3.0,5
18382626,Konetto Pizza,1,Gurgaon,Pizza,150,Indian Rupees(Rs.),No,No,3.5,32
5068,South Store,1,Gurgaon,South Indian,200,Indian Rupees(Rs.),No,No,3.5,64
18500628,Grill & Cafe,1,Gurgaon,"Chinese, Mughlai, North Indian",600,Indian Rupees(Rs.),No,No,0.0,3
18268726,Gurgaon Mughlai Chicken,1,Gurgaon,"North Indian, Mughlai",350,Indian Rupees(Rs.),No,No,0.0,2
6913,Mughal Chicken Corner,1,Gurgaon,"North Indian, Mughlai",500,Indian Rupees(Rs.),No,No,0.0,3
18398604,Oven Aroma,1,Gurgaon,Bakery,400,Indian Rupees(Rs.),No,Yes,0.0,3
300156,Radha Swami Shudh Vaishno Dhaba,1,Gurgaon,North Indian,350,Indian Rupees(Rs.),No,No,0.0,3
18241516,Special No.1 Biryani Corner,1,Gurgaon,Mughlai,700,Indian Rupees(Rs.),No,No,0.0,2
311166,Sun Sweets Restaurant,1,Gurgaon,"Street Food, Mithai, North Indian, South Indian, Chinese",400,Indian Rupees(Rs.),No,No,0.0,3
18025110,Captain Bill$ Deliverz,1,Gurgaon,"North Indian, Chinese, Fast Food",1000,Indian Rupees(Rs.),No,Yes,2.4,23
308223,China Hut,1,Gurgaon,"Chinese, Fast Food",300,Indian Rupees(Rs.),No,No,2.4,18
6832,G Dot,1,Gurgaon,"North Indian, South Indian, Chinese",400,Indian Rupees(Rs.),No,Yes,2.4,26
18286626,Cake2you,1,Gurgaon,"Bakery, Desserts",400,Indian Rupees(Rs.),No,No,3.0,4
311770,Delight Express,1,Gurgaon,"Chinese, North Indian",400,Indian Rupees(Rs.),No,No,2.9,6
301221,Empress,1,Gurgaon,"North Indian, Chinese",1000,Indian Rupees(Rs.),Yes,No,2.9,5
8833,Hotel DDR,1,Gurgaon,"North Indian, Chinese, Mughlai",500,Indian Rupees(Rs.),No,No,2.8,10
312438,Khan Kabab Corner,1,Gurgaon,"Mughlai, North Indian",500,Indian Rupees(Rs.),No,No,3.0,4
18153548,Kwality Cakes and Bakes,1,Gurgaon,"Bakery, Desserts, Fast Food",350,Indian Rupees(Rs.),No,No,3.2,12
18449792,Nite Bites,1,Gurgaon,"North Indian, Chinese, Continental",650,Indian Rupees(Rs.),No,Yes,2.9,4
18380639,Oriental Kitchen Express,1,Gurgaon,"Chinese, Thai",450,Indian Rupees(Rs.),No,Yes,3.3,14
17953920,Royal Mart,1,Gurgaon,"Bakery, Fast Food",300,Indian Rupees(Rs.),No,No,2.9,4
2154,Sikkim Fast Food,1,Gurgaon,Chinese,350,Indian Rupees(Rs.),No,No,2.7,36
18384112,ZASTY,1,Gurgaon,"Continental, North Indian, Asian",500,Indian Rupees(Rs.),No,No,3.5,28
9646,Maachh Bhaat,1,Gurgaon,Oriya,600,Indian Rupees(Rs.),No,Yes,3.4,256
18482069,ANTIDOTE,1,Gurgaon,Beverages,400,Indian Rupees(Rs.),No,No,0.0,0
18451168,Bablu Fast Food,1,Gurgaon,Chinese,300,Indian Rupees(Rs.),No,No,0.0,0
18492042,Bikaner Sweets Snacks & Restaurant,1,Gurgaon,"Bakery, Chinese, North Indian",250,Indian Rupees(Rs.),No,No,0.0,0
310632,Bikaner Sweets,1,Gurgaon,"North Indian, Street Food, Mithai",350,Indian Rupees(Rs.),No,No,0.0,0
18481290,Biryani & Rolls,1,Gurgaon,North Indian,400,Indian Rupees(Rs.),No,No,0.0,0
18469972,Cafe Coffee Day,1,Gurgaon,Cafe,450,Indian Rupees(Rs.),No,No,0.0,0
18342375,Chefy's Kitchen,1,Gurgaon,"Biryani, Pizza, Fast Food, Healthy Food",400,Indian Rupees(Rs.),No,No,0.0,1
310515,Delight Express,1,Gurgaon,"Raw Meats, North Indian, Chinese",400,Indian Rupees(Rs.),No,No,0.0,2
18449658,Dilli Rasoi,1,Gurgaon,North Indian,200,Indian Rupees(Rs.),No,No,0.0,0
18396426,Dujal Cafe,1,Gurgaon,Chinese,250,Indian Rupees(Rs.),No,No,0.0,0
18489522,Full Dabba,1,Gurgaon,"North Indian, South Indian",300,Indian Rupees(Rs.),No,No,0.0,1
18444299,HSI Food World,1,Gurgaon,"North Indian, Chinese",600,Indian Rupees(Rs.),No,No,0.0,0
18449785,Krishna Restaurant,1,Gurgaon,"North Indian, South Indian, Chinese, Fast Food",500,Indian Rupees(Rs.),No,No,0.0,1
18449662,Lajawaab House Cafe,1,Gurgaon,"North Indian, South Indian, Chinese",500,Indian Rupees(Rs.),No,No,0.0,0
18432664,Luncheon Box,1,Gurgaon,North Indian,150,Indian Rupees(Rs.),No,No,0.0,0
304793,Modern Sweets,1,Gurgaon,"Mithai, Street Food",100,Indian Rupees(Rs.),No,No,0.0,2
302256,Radha Swami Shudh Vaishno Dhaba,1,Gurgaon,North Indian,150,Indian Rupees(Rs.),No,No,0.0,1
18312631,Raju Vaishno Amritsari Dhaba,1,Gurgaon,North Indian,150,Indian Rupees(Rs.),No,No,0.0,0
18449666,Rustic Flavours,1,Gurgaon,North Indian,550,Indian Rupees(Rs.),No,No,0.0,2
18396191,VK Food Court,1,Gurgaon,"North Indian, Chinese",400,Indian Rupees(Rs.),No,No,0.0,0
302251,Domino's Pizza,1,Gurgaon,"Pizza, Fast Food",700,Indian Rupees(Rs.),No,No,3.3,32
18466943,GoGourmet,1,Gurgaon,"Healthy Food, Beverages",600,Indian Rupees(Rs.),No,No,3.2,8
18238248,Snack Shack,1,Gurgaon,Chinese,400,Indian Rupees(Rs.),No,Yes,2.7,15
18420426,West?ross,1,Gurgaon,"Italian, Mexican",400,Indian Rupees(Rs.),No,Yes,3.5,40
18466973,Fruitpro,1,Gurgaon,Beverages,150,Indian Rupees(Rs.),No,No,0.0,0
18446482,Konetto Pizza,1,Gurgaon,Pizza,150,Indian Rupees(Rs.),No,No,0.0,0
18372325,Tpot,1,Gurgaon,Cafe,800,Indian Rupees(Rs.),No,Yes,0.0,3
18291458,Cake Desire,1,Gurgaon,Bakery,400,Indian Rupees(Rs.),No,No,3.0,4
18485789,Burger Xpress,1,Gurgaon,Fast Food,300,Indian Rupees(Rs.),No,No,0.0,2
313477,Divine Bites,1,Gurgaon,Bakery,300,Indian Rupees(Rs.),No,Yes,0.0,0
18133515,Interaxis,1,Gurgaon,"Raw Meats, Fast Food",400,Indian Rupees(Rs.),No,No,0.0,0
18312451,Kwality wall's swirl's,1,Gurgaon,Ice Cream,200,Indian Rupees(Rs.),No,No,0.0,0
18312606,Milan Apna Dhaba,1,Gurgaon,North Indian,300,Indian Rupees(Rs.),No,No,0.0,0
18144444,R S Foods,1,Gurgaon,"Mughlai, North Indian",450,Indian Rupees(Rs.),No,No,0.0,0
18492641,Ronny Flavours,1,Gurgaon,"Fast Food, Beverages",300,Indian Rupees(Rs.),No,No,0.0,2
18463956,Shahi  Chicken Corner,1,Gurgaon,Mughlai,250,Indian Rupees(Rs.),No,No,0.0,0
18365988,Behrouz Biryani,1,Gurgaon,Biryani,600,Indian Rupees(Rs.),No,Yes,3.4,17
18463970,Biryani Art,1,Gurgaon,"Hyderabadi, North Indian, Biryani",1100,Indian Rupees(Rs.),Yes,Yes,3.3,8
309867,Daawat-e! Amritsar,1,Gurgaon,Mughlai,700,Indian Rupees(Rs.),No,Yes,2.9,27
18412887,Faasos,1,Gurgaon,"North Indian, Fast Food",600,Indian Rupees(Rs.),No,Yes,3.0,13
18423107,Ovenstory Pizza,1,Gurgaon,"Pizza, Fast Food",500,Indian Rupees(Rs.),No,Yes,3.3,15
4121,Pizza Hut Delivery,1,Gurgaon,"Italian, Pizza, Fast Food",800,Indian Rupees(Rs.),No,Yes,2.7,53
305072,Game n Grillz,1,Gurgaon,"North Indian, Chinese, Fast Food",850,Indian Rupees(Rs.),Yes,No,3.6,169
18421938,Hamoni Red: Play Cafe,1,Gurgaon,Cafe,900,Indian Rupees(Rs.),No,No,3.9,25
18481321,Firangi Bake,1,Gurgaon,Bakery,300,Indian Rupees(Rs.),No,Yes,0.0,0
18489829,Indochi,1,Gurgaon,"Chinese, Fast Food, North Indian",250,Indian Rupees(Rs.),No,No,0.0,0
18414487,Kettle & Kegs,1,Gurgaon,Tea,200,Indian Rupees(Rs.),No,Yes,0.0,3
18449656,The Food Garage,1,Gurgaon,"Chinese, North Indian",550,Indian Rupees(Rs.),No,No,0.0,2
313105,Machan,1,Gurgaon,"North Indian, Chinese",900,Indian Rupees(Rs.),Yes,No,3.3,88
300772,Mainland China,1,Gurgaon,Chinese,1800,Indian Rupees(Rs.),Yes,No,3.3,563
836,Pind Balluchi,1,Gurgaon,"North Indian, Mughlai",800,Indian Rupees(Rs.),No,Yes,3.4,1022
3606,Sagar Ratna,1,Gurgaon,"South Indian, North Indian, Chinese",600,Indian Rupees(Rs.),No,No,2.7,235
305996,Sasuraal,1,Gurgaon,"North Indian, Mughlai",1400,Indian Rupees(Rs.),Yes,Yes,3.3,586
18418247,feel ALIVE,1,Gurgaon,"North Indian, American, Asian, Biryani",1200,Indian Rupees(Rs.),Yes,No,4.7,69
18365987,Matchbox,1,Gurgaon,"Continental, North Indian, Chinese",1500,Indian Rupees(Rs.),Yes,No,4.8,245
18337894,Prankster,1,Gurgaon,"Modern Indian, North Indian",1500,Indian Rupees(Rs.),Yes,No,4.8,1478
4398,21 Gun Salute,1,Gurgaon,"North Indian, Mughlai, Asian, Continental",2000,Indian Rupees(Rs.),Yes,Yes,3.9,1365
18336483,Backyard Underground,1,Gurgaon,"Continental, Italian, North Indian, American",1400,Indian Rupees(Rs.),Yes,No,3.5,134
496,Bikanervala,1,Gurgaon,"Mithai, North Indian, South Indian, Fast Food, Street Food, Chinese",550,Indian Rupees(Rs.),No,Yes,3.8,966
4133,Chin Chin,1,Gurgaon,Chinese,1500,Indian Rupees(Rs.),Yes,Yes,3.5,429
5065,Domino's Pizza,1,Gurgaon,"Pizza, Fast Food",700,Indian Rupees(Rs.),No,No,3.6,146
313393,Eggjactly,1,Gurgaon,"American, Fast Food",500,Indian Rupees(Rs.),No,No,3.7,241
5052,Gola Sizzlers,1,Gurgaon,"Chinese, North Indian, Mughlai, Continental",1500,Indian Rupees(Rs.),Yes,No,3.5,853
18128900,Hunter Valley,1,Gurgaon,"Mexican, Italian, North Indian, Chinese",1600,Indian Rupees(Rs.),Yes,No,3.6,254
309339,Jungle Jamboree,1,Gurgaon,"Continental, Chinese, Thai, Mughlai, North Indian",1500,Indian Rupees(Rs.),Yes,No,3.8,1317
5104,McDonald's,1,Gurgaon,"Fast Food, Burger",500,Indian Rupees(Rs.),No,Yes,3.5,187
18254529,My Bar Headquarters By Dockyard,1,Gurgaon,"Continental, North Indian, Chinese, European, Asian",1500,Indian Rupees(Rs.),Yes,No,3.9,401
17953909,Punjabi by Nature,1,Gurgaon,North Indian,1500,Indian Rupees(Rs.),Yes,Yes,3.6,302
310203,Sandys Cocktails & Kitchen,1,Gurgaon,"Asian, European",1800,Indian Rupees(Rs.),Yes,Yes,3.9,297
18238250,Sense Of Spirits,1,Gurgaon,"North Indian, Chinese, Continental, Thai",1200,Indian Rupees(Rs.),Yes,No,3.9,280
305272,Starbucks,1,Gurgaon,Cafe,700,Indian Rupees(Rs.),No,No,3.7,269
1851,Swagath,1,Gurgaon,"North Indian, Chinese, South Indian, Seafood, Chettinad",1500,Indian Rupees(Rs.),Yes,No,3.6,289
18446415,The Old School Brew House,1,Gurgaon,"Continental, Burger, Pizza, North Indian, European, Finger Food",2000,Indian Rupees(Rs.),Yes,No,3.9,96
18261703,Barcelos,1,Gurgaon,"Portuguese, African, Lebanese",1400,Indian Rupees(Rs.),Yes,No,4.0,322
18241517,Boombox Brewstreet,1,Gurgaon,"North Indian, Italian, Chinese, American",1600,Indian Rupees(Rs.),Yes,No,4.4,391
18252386,BRONX Bar Exchange,1,Gurgaon,"Chinese, Continental, North Indian, Mexican",2100,Indian Rupees(Rs.),No,No,4.1,569
18281955,Djinggs,1,Gurgaon,"Asian, Seafood",1500,Indian Rupees(Rs.),No,No,4.1,105
4959,Downtown - Diners & Living Beer Cafe,1,Gurgaon,"North Indian, Chinese, Italian, Continental",1800,Indian Rupees(Rs.),No,No,4.4,3569
18037822,Drifters Cafe,1,Gurgaon,"Chinese, Thai, Asian",400,Indian Rupees(Rs.),No,No,4.1,208
3575,Gung The Palace,1,Gurgaon,Korean,2500,Indian Rupees(Rs.),Yes,Yes,4.2,327
18273972,Magadh and Awadh,1,Gurgaon,"Bihari, Lucknowi, North Indian",1200,Indian Rupees(Rs.),Yes,Yes,4.0,226
8430,Mamagoto,1,Gurgaon,"Asian, Thai, Chinese",1600,Indian Rupees(Rs.),Yes,Yes,4.1,875
18157413,Molecule Air Bar,1,Gurgaon,"Continental, North Indian, Italian, Chinese",1500,Indian Rupees(Rs.),Yes,No,4.2,1809
18422475,Nagai,1,Gurgaon,"Japanese, Sushi",3300,Indian Rupees(Rs.),No,No,4.3,56
18435794,PitStop BrewPub,1,Gurgaon,"Continental, Italian, North Indian, Mughlai",1250,Indian Rupees(Rs.),Yes,No,4.4,166
18429166,The Classroom,1,Gurgaon,"North Indian, Italian, Parsi, Asian, Kerala",1200,Indian Rupees(Rs.),Yes,No,4.4,146
18264995,bu?no,1,Gurgaon,"Healthy Food, Cafe, Desserts, Italian, Bakery",650,Indian Rupees(Rs.),No,Yes,3.8,99
18025114,Bottles and Barrels,1,Gurgaon,"North Indian, Asian, Italian",1850,Indian Rupees(Rs.),Yes,No,4.0,242
310799,A One Rasoi,1,Gurgaon,North Indian,500,Indian Rupees(Rs.),No,No,3.1,11
306719,Angeethi,1,Gurgaon,"North Indian, Chinese, Mughlai",450,Indian Rupees(Rs.),No,No,2.7,73
18285721,Burger Point,1,Gurgaon,"Burger, Fast Food",300,Indian Rupees(Rs.),No,No,2.7,7
598,Cafe Coffee Day,1,Gurgaon,Cafe,450,Indian Rupees(Rs.),No,No,3.1,23
300066,Cake Castle,1,Gurgaon,"Bakery, Fast Food",250,Indian Rupees(Rs.),No,Yes,3.2,23
18396412,CHA,1,Gurgaon,"Beverages, Fast Food",200,Indian Rupees(Rs.),No,No,3.2,7
18249121,Chai Point,1,Gurgaon,"Tea, Fast Food",200,Indian Rupees(Rs.),No,Yes,2.9,10
18241877,Fees - The Cloud Kitchen,1,Gurgaon,"North Indian, Mughlai",850,Indian Rupees(Rs.),No,No,2.9,5
310461,Food Ka Mood,1,Gurgaon,"North Indian, Chinese",500,Indian Rupees(Rs.),No,Yes,3.1,34
18385781,Frozen Factory,1,Gurgaon,"Desserts, Beverages",200,Indian Rupees(Rs.),No,No,3.1,7
18360098,Goli Vada Pav No. 1,1,Gurgaon,Street Food,150,Indian Rupees(Rs.),No,Yes,3.1,5
300491,Green Chick Chop,1,Gurgaon,"Raw Meats, North Indian, Fast Food",350,Indian Rupees(Rs.),No,No,3.1,14
307678,Harichatni.com,1,Gurgaon,"North Indian, Street Food",500,Indian Rupees(Rs.),No,No,2.9,7
18352295,Kk Chaap Express,1,Gurgaon,"Fast Food, North Indian",250,Indian Rupees(Rs.),No,No,3.3,8
18451594,Latenight.in,1,Gurgaon,"North Indian, Biryani, Chinese",600,Indian Rupees(Rs.),No,Yes,3.0,8
18391176,Mitran Da Junction,1,Gurgaon,North Indian,500,Indian Rupees(Rs.),No,No,2.7,7
313456,Mogambo Kitchen,1,Gurgaon,"North Indian, Fast Food",350,Indian Rupees(Rs.),No,No,3.1,9
304518,Mother Ringlet,1,Gurgaon,"North Indian, Chinese",450,Indian Rupees(Rs.),No,No,2.5,52
6896,Sna-X Point,1,Gurgaon,"Fast Food, Chinese",300,Indian Rupees(Rs.),No,No,3.2,39
18441701,Wow! Momo,1,Gurgaon,"Chinese, Tibetan",400,Indian Rupees(Rs.),No,No,2.9,9
4154,Yashna,1,Gurgaon,"North Indian, Mughlai",500,Indian Rupees(Rs.),No,Yes,2.8,73
18376925,Twigly,1,Gurgaon,"Asian, Continental, Fast Food",500,Indian Rupees(Rs.),No,Yes,4.5,76
2180,Bakers Oven,1,Gurgaon,"Bakery, Desserts",600,Indian Rupees(Rs.),No,Yes,3.6,183
18224532,Dilli 6 On Wheels,1,Gurgaon,"North Indian, Chinese",250,Indian Rupees(Rs.),No,Yes,3.8,142
18356357,La Pino'z Pizza,1,Gurgaon,"Pizza, Italian",650,Indian Rupees(Rs.),Yes,Yes,3.5,22
18175268,LeanBodyMeals,1,Gurgaon,"Healthy Food, Salad, Italian, Continental",600,Indian Rupees(Rs.),No,Yes,3.9,144
5004,Om Sweets & Snacks,1,Gurgaon,"North Indian, South Indian, Street Food, Mithai",500,Indian Rupees(Rs.),No,Yes,3.5,486
308617,Tasty Tweets,1,Gurgaon,Bakery,400,Indian Rupees(Rs.),No,Yes,3.9,104
304351,The Kathi Rolls,1,Gurgaon,Fast Food,400,Indian Rupees(Rs.),No,Yes,3.5,136
18354655,Bite N Sip,1,Gurgaon,"Fast Food, Chinese",350,Indian Rupees(Rs.),No,No,0.0,3
18391141,Burger Joint,1,Gurgaon,Fast Food,300,Indian Rupees(Rs.),No,No,0.0,1
18492062,Dilli Light,1,Gurgaon,"North Indian, Chinese",600,Indian Rupees(Rs.),No,No,0.0,0
18324806,Love Desserts,1,Gurgaon,Bakery,600,Indian Rupees(Rs.),No,No,0.0,0
18354665,Flying Cakes,1,Gurgaon,Bakery,350,Indian Rupees(Rs.),No,Yes,2.4,13
309543,Bikkgane Biryani,1,Gurgaon,"Biryani, North Indian, Hyderabadi",800,Indian Rupees(Rs.),Yes,Yes,4.0,530
18419875,Cafeast,1,Gurgaon,"North Indian, Chinese",500,Indian Rupees(Rs.),No,No,3.0,6
18358189,Yomo-Your Only Momo Outlet,1,Gurgaon,Fast Food,150,Indian Rupees(Rs.),No,No,3.0,5
18352250,Afghan Indian,1,Gurgaon,Afghani,500,Indian Rupees(Rs.),No,No,0.0,0
18435789,Al Fanoos,1,Gurgaon,"Afghani, North Indian",900,Indian Rupees(Rs.),No,No,0.0,0
308199,Alwar Sweets & Namkeen,1,Gurgaon,"Mithai, Street Food",150,Indian Rupees(Rs.),No,No,0.0,3
18393717,Baskin Robbins,1,Gurgaon,Ice Cream,300,Indian Rupees(Rs.),No,No,0.0,0
18458642,Bisht Food Court,1,Gurgaon,"Fast Food, Chinese",200,Indian Rupees(Rs.),No,No,0.0,0
18458635,Burj Al Arab,1,Gurgaon,Afghani,700,Indian Rupees(Rs.),No,No,0.0,0
18447121,Chinese Chilli Sizllers,1,Gurgaon,Chinese,250,Indian Rupees(Rs.),No,No,0.0,0
18313136,Costa Coffee,1,Gurgaon,Cafe,600,Indian Rupees(Rs.),No,No,0.0,0
18358175,Costa Coffee,1,Gurgaon,Cafe,600,Indian Rupees(Rs.),No,No,0.0,0
18357944,Desi Bites,1,Gurgaon,"North Indian, Fast Food",400,Indian Rupees(Rs.),No,No,0.0,2
18384132,Fresh Food,1,Gurgaon,North Indian,200,Indian Rupees(Rs.),No,No,0.0,0
18458643,Kwality Restaurant,1,Gurgaon,"North Indian, Chinese",400,Indian Rupees(Rs.),No,No,0.0,0
18292436,Kwality Wall's Swirl's,1,Gurgaon,Ice Cream,200,Indian Rupees(Rs.),No,No,0.0,1
18345759,Nehra's Food Point,1,Gurgaon,Chinese,350,Indian Rupees(Rs.),No,No,0.0,0
18352657,Orange Food Cart,1,Gurgaon,Chinese,200,Indian Rupees(Rs.),No,No,0.0,0
18458637,Royal Sweets,1,Gurgaon,"North Indian, Mithai, Chinese",500,Indian Rupees(Rs.),No,No,0.0,0
18352655,Shree Annapurna,1,Gurgaon,"Chinese, North Indian",200,Indian Rupees(Rs.),No,No,0.0,0
18458641,Underground Restaurant,1,Gurgaon,"Chinese, North Indian",600,Indian Rupees(Rs.),No,No,0.0,0
304142,Midnight Sutra,1,Gurgaon,"North Indian, Fast Food",600,Indian Rupees(Rs.),No,Yes,3.0,174
18433016,Paddy's - The Grub Grill,1,Gurgaon,"North Indian, Chinese, Fast Food",600,Indian Rupees(Rs.),No,Yes,3.2,11
312683,Sugar Rush By Saiba,1,Gurgaon,"Bakery, Desserts",400,Indian Rupees(Rs.),No,No,4.1,176
18037824,Bamboo House,1,Gurgaon,"Chinese, Thai",550,Indian Rupees(Rs.),No,Yes,3.4,64
303848,Burger Unlimited Kitchen,1,Gurgaon,"North Indian, Chinese, Fast Food",600,Indian Rupees(Rs.),No,Yes,3.2,41
18273536,Cafeteria Point,1,Gurgaon,Cafe,500,Indian Rupees(Rs.),No,Yes,3.2,24
18291450,Choudhary Gohana Famous Jalebi,1,Gurgaon,"Mithai, Street Food",200,Indian Rupees(Rs.),No,No,3.2,10
18345780,Curry N' Tandoor,1,Gurgaon,"Mughlai, North Indian",500,Indian Rupees(Rs.),No,No,3.2,18
18303712,Dawat-e-Ishq,1,Gurgaon,"North Indian, Chinese",600,Indian Rupees(Rs.),No,Yes,3.3,59
309021,Delish Bake N Choc,1,Gurgaon,"Bakery, Fast Food",250,Indian Rupees(Rs.),No,No,2.9,28
306477,Flavours,1,Gurgaon,"North Indian, Chinese, Mughlai",600,Indian Rupees(Rs.),No,No,3.3,74
18303698,Om Sweets & Snacks,1,Gurgaon,"North Indian, South Indian, Street Food, Mithai",500,Indian Rupees(Rs.),No,Yes,2.8,14
18381664,Om Sweets,1,Gurgaon,"Mithai, North Indian, South Indian, Chinese",300,Indian Rupees(Rs.),No,Yes,3.2,50
18161601,Raj Restaurant,1,Gurgaon,"North Indian, Mughlai",700,Indian Rupees(Rs.),No,No,3.1,11
18279913,Tasha's Artisan Foods,1,Gurgaon,"Bakery, Desserts",200,Indian Rupees(Rs.),No,No,3.2,10
18268733,Urban Kitchen,1,Gurgaon,"North Indian, Chinese, Mughlai",500,Indian Rupees(Rs.),No,Yes,3.2,88
18204811,Nite Bites,1,Gurgaon,"North Indian, Chinese, Continental",650,Indian Rupees(Rs.),No,Yes,3.7,427
18476542,Apna Dabba,1,Gurgaon,North Indian,200,Indian Rupees(Rs.),No,No,0.0,0
18279459,BiBo's Kitchen,1,Gurgaon,"Bengali, North Indian",350,Indian Rupees(Rs.),No,No,0.0,3
18409216,Burger Point,1,Gurgaon,"Burger, Fast Food",300,Indian Rupees(Rs.),No,No,0.0,1
313408,Cherry Crossing Foods,1,Gurgaon,North Indian,300,Indian Rupees(Rs.),No,No,0.0,3
18345770,Chinese Fast Food,1,Gurgaon,Chinese,250,Indian Rupees(Rs.),No,No,0.0,0
18499475,Chinese Food,1,Gurgaon,Chinese,200,Indian Rupees(Rs.),No,No,0.0,0
18034069,Chop Shop,1,Gurgaon,"Raw Meats, Fast Food",250,Indian Rupees(Rs.),No,No,0.0,0
18396431,Dhara,1,Gurgaon,"North Indian, Fast Food, South Indian",400,Indian Rupees(Rs.),No,No,0.0,1
18392211,Foody Goody,1,Gurgaon,North Indian,300,Indian Rupees(Rs.),No,No,0.0,0
18291213,Kehar Sweets And Snacks,1,Gurgaon,"Mithai, Street Food",100,Indian Rupees(Rs.),No,No,0.0,1
18350136,Muskan Chicken Biryani,1,Gurgaon,Biryani,200,Indian Rupees(Rs.),No,No,0.0,0
310454,Shakes Cakes 'n' More,1,Gurgaon,"Bakery, Desserts",150,Indian Rupees(Rs.),No,No,0.0,1
18446413,Shri Sai Kirpa Food,1,Gurgaon,North Indian,400,Indian Rupees(Rs.),No,No,0.0,0
18499471,Sufiya Hotel,1,Gurgaon,"Mughlai, North Indian",250,Indian Rupees(Rs.),No,No,0.0,0
18124387,The Breakfast Bite,1,Gurgaon,"North Indian, South Indian",300,Indian Rupees(Rs.),No,No,0.0,1
18499459,Veg Hut,1,Gurgaon,North Indian,350,Indian Rupees(Rs.),No,No,0.0,0
894,Raj Restaurant,1,Gurgaon,"Chinese, North Indian, Mughlai",700,Indian Rupees(Rs.),No,Yes,2.4,92
5079,Burger Hut,1,Gurgaon,"Burger, Fast Food, Chinese",300,Indian Rupees(Rs.),No,No,2.8,16
18289241,Dancing Turkeys,1,Gurgaon,Continental,800,Indian Rupees(Rs.),No,No,3.3,17
18352682,The Pack King,1,Gurgaon,North Indian,400,Indian Rupees(Rs.),No,No,0.0,3
18352658,Bikaner Misthan Bhandar,1,Gurgaon,"Mithai, Street Food",350,Indian Rupees(Rs.),No,No,0.0,0
18241896,Zizo,1,Gurgaon,"Lebanese, Mediterranean, Middle Eastern, Arabian",1600,Indian Rupees(Rs.),Yes,Yes,3.9,233
18363062,Grill King Kabab & Curries,1,Gurgaon,"North Indian, Chinese",500,Indian Rupees(Rs.),No,Yes,2.4,20
18380197,Aarush - A Mediterranean Kitchen,1,Gurgaon,Mediterranean,600,Indian Rupees(Rs.),No,No,3.2,6
18472639,Blossoms 4 U,1,Gurgaon,"Bakery, Desserts",300,Indian Rupees(Rs.),No,Yes,3.0,6
18351822,Breakfast@60,1,Gurgaon,"Chinese, North Indian, South Indian, Healthy Food",120,Indian Rupees(Rs.),No,No,3.1,6
18388168,Bunny Burgers,1,Gurgaon,"Fast Food, Burger",400,Indian Rupees(Rs.),No,Yes,3.3,15
18472449,Curry Haus,1,Gurgaon,North Indian,600,Indian Rupees(Rs.),No,Yes,3.1,4
18314053,Droolfi,1,Gurgaon,Desserts,100,Indian Rupees(Rs.),No,No,3.0,4
300654,Earthen Spices,1,Gurgaon,"North Indian, Mughlai, Chinese",600,Indian Rupees(Rs.),No,No,2.7,20
18144467,FatPlates,1,Gurgaon,North Indian,600,Indian Rupees(Rs.),No,No,3.0,18
18332527,Food4U!,1,Gurgaon,"North Indian, Chinese, Street Food",600,Indian Rupees(Rs.),No,Yes,3.2,18
18423797,Ghar Ki Handi,1,Gurgaon,North Indian,300,Indian Rupees(Rs.),No,No,3.0,6
18265424,Giani,1,Gurgaon,"Ice Cream, Desserts",300,Indian Rupees(Rs.),No,No,3.2,7
311534,Great Desserts Company,1,Gurgaon,"Bakery, Desserts",300,Indian Rupees(Rs.),No,No,3.3,14
18124345,Green Chick Chop,1,Gurgaon,"Raw Meats, Fast Food",350,Indian Rupees(Rs.),No,No,2.9,4
5190,Mughlai Treat,1,Gurgaon,"North Indian, Mughlai",500,Indian Rupees(Rs.),No,No,3.2,48
310235,Munch,1,Gurgaon,"North Indian, South Indian, Fast Food",700,Indian Rupees(Rs.),No,Yes,3.1,9
18251519,New Spice World,1,Gurgaon,"Chinese, Fast Food",600,Indian Rupees(Rs.),No,No,2.9,5
6764,Pure Bliss,1,Gurgaon,"North Indian, Chinese",500,Indian Rupees(Rs.),No,No,3.0,33
18345767,Puskar Raj Momos & Chinese Corner,1,Gurgaon,Chinese,200,Indian Rupees(Rs.),No,No,3.0,4
313401,Sai-Yo!,1,Gurgaon,"North Indian, Chinese",650,Indian Rupees(Rs.),No,Yes,3.1,37
307398,Shanghai Cafe,1,Gurgaon,Chinese,600,Indian Rupees(Rs.),No,Yes,2.6,17
309763,The Blaze,1,Gurgaon,"North Indian, Chinese",750,Indian Rupees(Rs.),Yes,No,2.9,8
18439540,Ullu Delivers,1,Gurgaon,"North Indian, Chinese",500,Indian Rupees(Rs.),No,Yes,2.8,5
5011,Yomo-Your Only Momo Outlet,1,Gurgaon,Fast Food,150,Indian Rupees(Rs.),No,No,3.0,6
18265720,Dimsum Democracy,1,Gurgaon,Chinese,500,Indian Rupees(Rs.),No,No,3.6,47
18444356,Midnight Hunger,1,Gurgaon,"Continental, North Indian",400,Indian Rupees(Rs.),No,No,3.8,46
18419894,The Punjab Kitchen,1,Gurgaon,North Indian,350,Indian Rupees(Rs.),No,Yes,3.9,37
18254541,Too Maach,1,Gurgaon,"Bengali, North Indian",800,Indian Rupees(Rs.),No,Yes,3.5,46
18393709,Apni Rasoi,1,Gurgaon,North Indian,150,Indian Rupees(Rs.),No,No,0.0,0
18421493,Bala Ji Sweets Corner,1,Gurgaon,"Mithai, Street Food",100,Indian Rupees(Rs.),No,No,0.0,0
18464628,Barista,1,Gurgaon,Cafe,650,Indian Rupees(Rs.),No,No,0.0,0
18398590,Biryani Express,1,Gurgaon,Biryani,300,Indian Rupees(Rs.),No,No,0.0,1
18476986,Cafe #22hours,1,Gurgaon,"North Indian, South Indian, Chinese, Healthy Food, Bakery",350,Indian Rupees(Rs.),No,No,0.0,0
312560,Cake Innovation,1,Gurgaon,"Bakery, Desserts",400,Indian Rupees(Rs.),No,No,0.0,1
18391166,Chawla's?,1,Gurgaon,"North Indian, Chinese",600,Indian Rupees(Rs.),No,No,0.0,1
18464624,China Gathering,1,Gurgaon,Chinese,600,Indian Rupees(Rs.),No,No,0.0,1
18464616,Chinese Hot Express,1,Gurgaon,Chinese,200,Indian Rupees(Rs.),No,No,0.0,0
18393725,Cookingo,1,Gurgaon,"Mughlai, North Indian, Chinese",350,Indian Rupees(Rs.),No,No,0.0,0
18438453,Firefly,1,Gurgaon,North Indian,300,Indian Rupees(Rs.),No,No,0.0,0
18365603,Foodie Xpress,1,Gurgaon,North Indian,200,Indian Rupees(Rs.),No,No,0.0,0
18388039,Go! Dimsum,1,Gurgaon,Chinese,100,Indian Rupees(Rs.),No,No,0.0,0
18495252,Kanha North & South Indian Veg.,1,Gurgaon,"North Indian, South Indian",200,Indian Rupees(Rs.),No,No,0.0,0
18421502,Kings Kulfi,1,Gurgaon,Ice Cream,150,Indian Rupees(Rs.),No,No,0.0,0
18464630,Lassi Cafe,1,Gurgaon,North Indian,300,Indian Rupees(Rs.),No,No,0.0,0
18335897,Marwadi Khana,1,Gurgaon,"North Indian, Rajasthani",500,Indian Rupees(Rs.),No,No,0.0,0
5935,Nukkadwala,1,Gurgaon,"Fast Food, Street Food",300,Indian Rupees(Rs.),No,No,0.0,3
18421476,Ravi Fast Food,1,Gurgaon,Fast Food,150,Indian Rupees(Rs.),No,No,0.0,0
305140,Shivalik Tiffin Corner,1,Gurgaon,North Indian,150,Indian Rupees(Rs.),No,No,0.0,2
18464618,Street Food By Punjab Grills,1,Gurgaon,North Indian,400,Indian Rupees(Rs.),No,No,0.0,0
18464626,Sweet Ginger Bakery,1,Gurgaon,Bakery,500,Indian Rupees(Rs.),No,No,0.0,0
18261727,The Rolling Stove,1,Gurgaon,Chinese,400,Indian Rupees(Rs.),No,No,0.0,0
18319384,Vijeta's Happy Kitchen,1,Gurgaon,North Indian,200,Indian Rupees(Rs.),No,No,0.0,1
306540,Chawla's?,1,Gurgaon,"North Indian, Mughlai, Chinese",800,Indian Rupees(Rs.),No,No,2.2,66
304524,Chy - Na Express,1,Gurgaon,Chinese,400,Indian Rupees(Rs.),No,Yes,2.2,46
2087,Kwality,1,Gurgaon,"Chinese, Mughlai, North Indian",650,Indian Rupees(Rs.),No,No,2.4,52
18439516,Brother's Snacks and Shakes,1,Gurgaon,Fast Food,300,Indian Rupees(Rs.),No,Yes,3.2,12
5588,Ginger Garlic,1,Gurgaon,Chinese,600,Indian Rupees(Rs.),No,Yes,2.8,106
311975,Arabicaa 9,1,Gurgaon,Lebanese,500,Indian Rupees(Rs.),No,No,3.3,22
6897,Burger Xpress,1,Gurgaon,Fast Food,300,Indian Rupees(Rs.),No,No,3.4,94
313122,Dilli Light,1,Gurgaon,"North Indian, Chinese",600,Indian Rupees(Rs.),No,Yes,2.6,16
306976,KB's Kulfi & Icecream,1,Gurgaon,Ice Cream,200,Indian Rupees(Rs.),No,Yes,2.8,11
308191,MyLoveBiryani.Com,1,Gurgaon,"North Indian, Biryani",350,Indian Rupees(Rs.),No,No,3.2,16
18336484,Tandoori Adda,1,Gurgaon,"North Indian, Mughlai, Chinese",450,Indian Rupees(Rs.),No,Yes,3.2,32
312665,Tiffins 4 U,1,Gurgaon,North Indian,200,Indian Rupees(Rs.),No,No,3.1,27
18357570,Cafe Cup of Life,1,Gurgaon,"Cafe, Fast Food, Chinese",550,Indian Rupees(Rs.),No,Yes,3.7,45
310829,DCK- Dana Choga's Kitchen,1,Gurgaon,"North Indian, Mughlai",800,Indian Rupees(Rs.),No,Yes,3.5,148
9852,Kishu Di Hatti Sweets,1,Gurgaon,Mithai,150,Indian Rupees(Rs.),No,No,3.6,20
18357912,KC Bakers,1,Gurgaon,Bakery,350,Indian Rupees(Rs.),No,Yes,3.2,13
311455,Sham Sweets,1,Gurgaon,"Mithai, Street Food",200,Indian Rupees(Rs.),No,No,2.8,7
18398839,Bake Cuddle,1,Gurgaon,Bakery,250,Indian Rupees(Rs.),No,No,0.0,3
1920,Gopala,1,Gurgaon,"Mithai, Street Food",250,Indian Rupees(Rs.),No,No,3.4,37
358,Halki Aanch,1,Gurgaon,"North Indian, Chinese",700,Indian Rupees(Rs.),No,Yes,3.3,64
5080,New Sukh Sagar,1,Gurgaon,Street Food,100,Indian Rupees(Rs.),No,No,3.2,16
1655,Sweets Corner,1,Gurgaon,"Mithai, North Indian, Chinese, Street Food",450,Indian Rupees(Rs.),No,No,2.7,28
18397469,Minus5degree,1,Gurgaon,"Desserts, Ice Cream",200,Indian Rupees(Rs.),No,No,3.6,28
1654,Qureshi's Kabab Corner,1,Gurgaon,"North Indian, Mughlai",650,Indian Rupees(Rs.),No,No,4.0,398
18462602,Delicious Food Corner,1,Gurgaon,North Indian,400,Indian Rupees(Rs.),No,No,0.0,0
18479007,Firangi Bake,1,Gurgaon,Bakery,300,Indian Rupees(Rs.),No,No,0.0,0
18409187,Kettle & Kegs,1,Gurgaon,Tea,200,Indian Rupees(Rs.),No,Yes,0.0,0
18357945,The Daily,1,Gurgaon,"Bakery, Fast Food",300,Indian Rupees(Rs.),No,No,0.0,0
313085,Burger Singh,1,Gurgaon,"Burger, Fast Food",500,Indian Rupees(Rs.),No,Yes,3.4,190
307502,Captain Bill$ Deliverz,1,Gurgaon,"North Indian, Chinese, Fast Food",1000,Indian Rupees(Rs.),No,Yes,2.5,65
18237318,Chaayos,1,Gurgaon,"Cafe, Tea",400,Indian Rupees(Rs.),No,Yes,3.3,39
18336504,Chai Point,1,Gurgaon,"Tea, Fast Food",200,Indian Rupees(Rs.),No,Yes,3.4,20
18277212,Cyber Adda 24,1,Gurgaon,"North Indian, Chinese, Fast Food",500,Indian Rupees(Rs.),No,No,3.3,17
18411846,Desi Thaat,1,Gurgaon,"North Indian, Chinese",400,Indian Rupees(Rs.),No,Yes,3.2,21
300938,Doughlicious,1,Gurgaon,"Bakery, Desserts, Fast Food",550,Indian Rupees(Rs.),No,Yes,3.3,175
309466,Dunkin' Donuts,1,Gurgaon,"Burger, Desserts, Fast Food",600,Indian Rupees(Rs.),No,Yes,3.4,138
303606,Gulshan Dhaba,1,Gurgaon,North Indian,150,Indian Rupees(Rs.),No,No,3.4,20
18441175,Karari Kurry,1,Gurgaon,"North Indian, Chinese, Fast Food",600,Indian Rupees(Rs.),No,Yes,3.4,51
18292438,Moti Mahal Delux,1,Gurgaon,"North Indian, Mughlai",1000,Indian Rupees(Rs.),Yes,Yes,3.2,32
301383,Needs Gourmet,1,Gurgaon,"North Indian, Chinese, Italian",750,Indian Rupees(Rs.),Yes,No,3.1,57
310500,Rao's Meeting Point,1,Gurgaon,"South Indian, North Indian, Chinese",300,Indian Rupees(Rs.),No,No,3.4,54
6867,Sadabahar Hotel,1,Gurgaon,North Indian,400,Indian Rupees(Rs.),No,No,2.9,41
301310,Sagar Ratna,1,Gurgaon,"South Indian, North Indian, Chinese",600,Indian Rupees(Rs.),No,Yes,2.5,188
18232128,Shri Ram Restaurant,1,Gurgaon,"North Indian, Street Food, Mithai",400,Indian Rupees(Rs.),No,No,3.1,68
4820,Shri Ram Restaurant,1,Gurgaon,"North Indian, Mithai, Street Food",400,Indian Rupees(Rs.),No,No,2.6,30
306883,Subway,1,Gurgaon,"American, Fast Food, Salad, Healthy Food",500,Indian Rupees(Rs.),No,Yes,2.9,58
4817,Subway,1,Gurgaon,"American, Fast Food, Salad, Healthy Food",500,Indian Rupees(Rs.),No,Yes,2.9,101
18423106,Sugarcraft Patisserie,1,Gurgaon,Bakery,800,Indian Rupees(Rs.),No,No,3.3,16
18161567,Tea Halt,1,Gurgaon,Cafe,500,Indian Rupees(Rs.),No,Yes,2.8,22
303003,The Golden Dragon,1,Gurgaon,"Chinese, Seafood, Japanese",1500,Indian Rupees(Rs.),Yes,Yes,2.6,83
309033,The Spice Room,1,Gurgaon,"North Indian, Chinese",1350,Indian Rupees(Rs.),Yes,Yes,3.4,155
18258571,The Tongue Twister,1,Gurgaon,"Chinese, North Indian, Mughlai",600,Indian Rupees(Rs.),No,No,3.4,40
18322684,56 Fresca,1,Gurgaon,Italian,750,Indian Rupees(Rs.),Yes,Yes,3.7,30
18261309,BreakfastBay,1,Gurgaon,"Healthy Food, Continental, North Indian, Salad",200,Indian Rupees(Rs.),No,Yes,3.5,30
304192,Cafe Maple Street,1,Gurgaon,"Cafe, Bakery, Desserts",500,Indian Rupees(Rs.),No,Yes,3.5,84
18381235,Fat Lulu's,1,Gurgaon,"Pizza, Italian",1250,Indian Rupees(Rs.),No,Yes,3.7,21
18365865,Fat Monk,1,Gurgaon,"Chinese, Asian",400,Indian Rupees(Rs.),No,Yes,3.9,22
18282037,First Eat,1,Gurgaon,"Healthy Food, North Indian",300,Indian Rupees(Rs.),No,No,3.6,57
18415385,Flying Tuk Tuk,1,Gurgaon,Asian,1100,Indian Rupees(Rs.),Yes,No,3.9,28
18180062,FreshMenu,1,Gurgaon,"Italian, Chinese, Continental, Thai, Mediterranean, Lebanese",600,Indian Rupees(Rs.),No,Yes,3.9,101
18368007,Little Skillet,1,Gurgaon,"North Indian, Chinese, Fast Food",500,Indian Rupees(Rs.),No,No,3.5,26
18383504,PKay,1,Gurgaon,"North Indian, Continental",1600,Indian Rupees(Rs.),Yes,No,3.7,28
17977749,Shama Chicken Corner,1,Gurgaon,Biryani,500,Indian Rupees(Rs.),No,No,3.6,35
312684,Starbucks,1,Gurgaon,Cafe,700,Indian Rupees(Rs.),No,No,3.7,51
18303696,Tandoori Nation,1,Gurgaon,"North Indian, Mughlai, Chinese",950,Indian Rupees(Rs.),No,Yes,3.5,39
303174,Truffle Tangles,1,Gurgaon,"Bakery, Desserts, North Indian, Bengali, South Indian",300,Indian Rupees(Rs.),No,No,3.5,37
6877,Domino's Pizza,1,Gurgaon,"Pizza, Fast Food",700,Indian Rupees(Rs.),No,No,2.3,70
306975,KB's Icecream & Kulfis,1,Gurgaon,Ice Cream,200,Indian Rupees(Rs.),No,Yes,2.3,26
18014135,Wah Ji Wah,1,Gurgaon,North Indian,450,Indian Rupees(Rs.),No,No,2.4,42
18306533,The Brewhouse,1,Gurgaon,Continental,2500,Indian Rupees(Rs.),Yes,No,4.1,56
18441539,Boozer's,1,Gurgaon,"Finger Food, North Indian, Chinese",800,Indian Rupees(Rs.),Yes,No,0.0,0
18340217,Cheffy's,1,Gurgaon,"North Indian, Mughlai",600,Indian Rupees(Rs.),No,No,0.0,0
18246068,Cake Point,1,Gurgaon,"Bakery, Desserts",600,Indian Rupees(Rs.),No,Yes,2.8,7
304564,Shyam Sweets,1,Gurgaon,"Street Food, Mithai",100,Indian Rupees(Rs.),No,No,2.8,9
312265,Uma Foodies' Hut,1,Gurgaon,"North Indian, Chinese, Mughlai",700,Indian Rupees(Rs.),No,No,3.1,33
18378807,AK Your Food,1,Gurgaon,North Indian,600,Indian Rupees(Rs.),No,No,0.0,0
18205653,Freshnfit.in,1,Gurgaon,Juices,250,Indian Rupees(Rs.),No,No,0.0,1
18458345,Shri Ram Bhojnalaya,1,Gurgaon,North Indian,150,Indian Rupees(Rs.),No,No,0.0,0
311428,Special O-cake-sions,1,Gurgaon,"Bakery, Desserts",300,Indian Rupees(Rs.),No,No,0.0,0
18435818,Tasteful Biryani,1,Gurgaon,Biryani,600,Indian Rupees(Rs.),No,No,0.0,0
313316,Bikanervala,1,Gurgaon,"North Indian, South Indian, Fast Food, Street Food, Chinese, Beverages, Desserts, Mithai",600,Indian Rupees(Rs.),No,Yes,3.4,178
7528,Indian Grill Room,1,Gurgaon,"North Indian, Mughlai",1800,Indian Rupees(Rs.),Yes,Yes,4.5,1262
1216,Oriental Fusion,1,Gurgaon,"Chinese, Thai, Malaysian, Indonesian",650,Indian Rupees(Rs.),Yes,Yes,3.3,199
305662,Purani Dilli's Al Karam Kebab House,1,Gurgaon,"North Indian, Mughlai, Biryani",950,Indian Rupees(Rs.),No,Yes,3.4,483
305792,Rollmaal,1,Gurgaon,"Fast Food, North Indian, Chinese",500,Indian Rupees(Rs.),No,Yes,3.4,346
305776,Speedy Chow,1,Gurgaon,"Chinese, Thai",850,Indian Rupees(Rs.),Yes,Yes,3.2,241
18355106,Arabian Nites,1,Gurgaon,Lebanese,450,Indian Rupees(Rs.),No,Yes,3.8,158
308274,Giani's,1,Gurgaon,"Ice Cream, Desserts",400,Indian Rupees(Rs.),No,Yes,3.7,92
3538,Giani,1,Gurgaon,"Ice Cream, Desserts",400,Indian Rupees(Rs.),No,Yes,3.6,115
18420450,Juste Miam,1,Gurgaon,"Bakery, Desserts, Fast Food",300,Indian Rupees(Rs.),No,Yes,3.9,94
306401,Patiala Shahi,1,Gurgaon,"North Indian, Mughlai",800,Indian Rupees(Rs.),No,Yes,3.5,118
18257542,The Kathis,1,Gurgaon,"North Indian, Street Food",300,Indian Rupees(Rs.),No,Yes,3.8,48
9290,Wai Yu Mun Ching,1,Gurgaon,"Chinese, Thai",800,Indian Rupees(Rs.),Yes,Yes,3.6,321
301499,Bernardo's,1,Gurgaon,Goan,2000,Indian Rupees(Rs.),Yes,Yes,4.0,429
18025103,Biryani Art,1,Gurgaon,"Hyderabadi, North Indian, Biryani",1100,Indian Rupees(Rs.),Yes,Yes,4.1,344
18424627,Nosh,1,Gurgaon,"North Indian, Mughlai",700,Indian Rupees(Rs.),No,Yes,4.1,103
18403465,Tandoor Express,1,Gurgaon,North Indian,500,Indian Rupees(Rs.),No,Yes,4.2,67
18372668,Tandoori KnockOuts,1,Gurgaon,"Fast Food, North Indian",500,Indian Rupees(Rs.),No,Yes,4.2,112
18224536,Udaipuri,1,Gurgaon,"North Indian, Rajasthani, Asian",700,Indian Rupees(Rs.),No,Yes,4.0,157
18128902,Begonia,1,Gurgaon,Bakery,500,Indian Rupees(Rs.),No,No,3.0,8
18138454,Cakes & Muffins,1,Gurgaon,Bakery,400,Indian Rupees(Rs.),No,No,3.3,21
4602,Halki Aanch,1,Gurgaon,"North Indian, Chinese",700,Indian Rupees(Rs.),No,Yes,2.7,39
18341082,Hungry Gopal,1,Gurgaon,"Bengali, Fast Food",450,Indian Rupees(Rs.),No,No,3.2,27
18382055,Kuzo,1,Gurgaon,"North Indian, Fast Food",300,Indian Rupees(Rs.),No,No,3.2,10
18391189,Lovecrumbs Bakery,1,Gurgaon,Bakery,1000,Indian Rupees(Rs.),No,No,3.4,16
311837,Organic Express,1,Gurgaon,"Healthy Food, North Indian, Italian, Salad",700,Indian Rupees(Rs.),No,Yes,3.4,20
254,Pizza Hut,1,Gurgaon,"Italian, Pizza, Fast Food",1000,Indian Rupees(Rs.),No,Yes,2.8,80
308113,Roti Te Boti,1,Gurgaon,North Indian,600,Indian Rupees(Rs.),No,Yes,2.8,42
18365890,Behrouz Biryani,1,Gurgaon,Biryani,600,Indian Rupees(Rs.),No,Yes,3.7,49
18354631,Caf? Burger BC,1,Gurgaon,Fast Food,300,Indian Rupees(Rs.),No,Yes,3.7,65
18336214,Dilli Darbar,1,Gurgaon,"North Indian, Mughlai, Chinese",550,Indian Rupees(Rs.),No,Yes,3.7,52
18265365,Fu.D,1,Gurgaon,"Cafe, Fast Food",250,Indian Rupees(Rs.),No,Yes,3.7,58
18363405,Jarfull,1,Gurgaon,"South Indian, Desserts, Beverages",200,Indian Rupees(Rs.),No,Yes,3.7,25
18322661,Mochamania,1,Gurgaon,Bakery,300,Indian Rupees(Rs.),No,No,3.7,50
18261725,Mukhtalif Biryanis,1,Gurgaon,"Mughlai, Biryani",600,Indian Rupees(Rs.),No,Yes,3.7,125
18157408,Mummy's Kitchen,1,Gurgaon,North Indian,150,Indian Rupees(Rs.),No,No,3.5,26
18429378,Ovenstory Pizza,1,Gurgaon,"Pizza, Fast Food",500,Indian Rupees(Rs.),No,Yes,3.7,23
18439519,The Godinho's,1,Gurgaon,"Goan, American, Portuguese",600,Indian Rupees(Rs.),No,No,3.8,23
18433295,Kujay's Spoon,1,Gurgaon,"North Indian, Mughlai, Chinese",500,Indian Rupees(Rs.),No,No,0.0,1
18391171,Lily Food's,1,Gurgaon,"North Indian, Chinese",600,Indian Rupees(Rs.),No,No,0.0,0
18400489,Mutton Mewar,1,Gurgaon,Rajasthani,800,Indian Rupees(Rs.),No,No,0.0,1
18411599,Tasty But Healthy,1,Gurgaon,"Fast Food, North Indian",250,Indian Rupees(Rs.),No,No,0.0,3
18265082,Teddy Choco Studio,1,Gurgaon,Desserts,250,Indian Rupees(Rs.),No,No,0.0,2
313275,Chin Chow,1,Gurgaon,Chinese,550,Indian Rupees(Rs.),No,No,2.4,38
18343001,Cafe Sante,1,Gurgaon,Cafe,1100,Indian Rupees(Rs.),No,No,4.3,62
18377905,Mughal Dine-Esty,1,Gurgaon,"North Indian, Mughlai",1500,Indian Rupees(Rs.),Yes,Yes,4.0,32
18406140,Nuterro,1,Gurgaon,"Healthy Food, Continental, Juices, Beverages, Italian, Salad, Lebanese",600,Indian Rupees(Rs.),No,Yes,4.0,101
18472606,Sandburg Shakes,1,Gurgaon,"Cafe, Pizza, Burger",750,Indian Rupees(Rs.),No,Yes,4.0,34
18451577,The Millionaire Express,1,Gurgaon,Continental,400,Indian Rupees(Rs.),No,Yes,4.0,53
312540,Ammu's South Indian Restaurant,1,Gurgaon,South Indian,250,Indian Rupees(Rs.),No,No,3.1,10
18386419,Elma's Delivers,1,Gurgaon,Bakery,500,Indian Rupees(Rs.),No,No,3.1,5
18412886,Faasos,1,Gurgaon,"North Indian, Fast Food",600,Indian Rupees(Rs.),No,Yes,3.2,12
18421029,Foodrath,1,Gurgaon,"North Indian, Chinese",400,Indian Rupees(Rs.),No,No,3.0,4
18332044,Hyderabad House,1,Gurgaon,Biryani,500,Indian Rupees(Rs.),No,Yes,2.7,7
18306553,Kake Da Hotel,1,Gurgaon,North Indian,700,Indian Rupees(Rs.),No,Yes,3.1,35
309451,Mitraao,1,Gurgaon,North Indian,650,Indian Rupees(Rs.),No,Yes,3.4,117
18203171,PomoDoro Bistro,1,Gurgaon,"Italian, Fast Food",700,Indian Rupees(Rs.),No,Yes,3.4,67
312570,Shri Shyam Ji Ke Mashhoor Chhole Bhature,1,Gurgaon,Street Food,200,Indian Rupees(Rs.),No,No,3.3,26
18273621,Spice Aangan Express,1,Gurgaon,Fast Food,400,Indian Rupees(Rs.),No,No,3.0,33
305919,Subway,1,Gurgaon,"American, Fast Food, Salad, Healthy Food",500,Indian Rupees(Rs.),No,No,3.3,59
304520,Swaad Ka Khazana,1,Gurgaon,"North Indian, Mughlai, Chinese",600,Indian Rupees(Rs.),No,No,2.6,11
18292458,The Toddy Shop,1,Gurgaon,"South Indian, Kerala",1200,Indian Rupees(Rs.),No,Yes,3.4,21
4215,Truffles,1,Gurgaon,Bakery,300,Indian Rupees(Rs.),No,Yes,3.2,15
18360143,Cafe Bonkerz,1,Gurgaon,"American, Fast Food",850,Indian Rupees(Rs.),No,Yes,3.6,41
18423890,Wrapchick,1,Gurgaon,"North Indian, Mughlai",650,Indian Rupees(Rs.),No,Yes,3.9,67
312555,WoW - Vada Pav & More,1,Gurgaon,"Street Food, Fast Food",300,Indian Rupees(Rs.),No,Yes,2.2,41
18420454,Me Kong Bowl,1,Gurgaon,Asian,700,Indian Rupees(Rs.),No,Yes,4.0,27
3961,Palmyra - The Bristol Hotel,1,Gurgaon,"Continental, North Indian",2500,Indian Rupees(Rs.),Yes,No,3.3,57
3288,Shanghai Bar & Lounge - The Bristol Hotel,1,Gurgaon,Finger Food,2400,Indian Rupees(Rs.),Yes,No,3.0,17
7231,Zaffran - The Bristol Hotel,1,Gurgaon,"Mughlai, Lucknowi, Awadhi",2000,Indian Rupees(Rs.),Yes,No,3.2,52
18291211,Zaffran - The Claremont,1,Gurgaon,"Mughlai, Lucknowi, Awadhi",2500,Indian Rupees(Rs.),Yes,No,3.0,4
5768,Clove - The Galgotias,1,Gurgaon,"Chinese, North Indian, Continental, Mexican",1500,Indian Rupees(Rs.),Yes,No,2.7,19
304276,Green Leaf,1,Gurgaon,"North Indian, South Indian",800,Indian Rupees(Rs.),Yes,No,3.0,6
304279,Tokyo,1,Gurgaon,Japanese,1600,Indian Rupees(Rs.),Yes,No,3.0,10
5717,Cigar Lounge - The Oberoi,1,Gurgaon,Finger Food,3000,Indian Rupees(Rs.),No,No,3.2,17
7496,Melange - The Pllazio Hotel,1,Gurgaon,"North Indian, Continental, Chinese",2500,Indian Rupees(Rs.),Yes,No,3.6,94
309377,Qureshi's Kabab Corner,1,Gurgaon,"North Indian, Mughlai",650,Indian Rupees(Rs.),No,No,3.3,96
5042,EEST - The Westin Gurgaon,1,Gurgaon,"Japanese, Chinese, Thai",3000,Indian Rupees(Rs.),Yes,No,3.9,272
5044,Prego - The Westin Gurgaon,1,Gurgaon,Italian,3000,Indian Rupees(Rs.),Yes,No,3.8,390
5046,Seasonal Tastes - The Westin Gurgaon,1,Gurgaon,"North Indian, Asian",3000,Indian Rupees(Rs.),Yes,No,3.9,394
310700,Xiao Chi - The Westin Sohna Resort & Spa,1,Gurgaon,Chinese,3000,Indian Rupees(Rs.),Yes,No,3.4,22
310699,The Living Room - The Westin Sohna Resort & Spa,1,Gurgaon,Continental,3000,Indian Rupees(Rs.),No,No,3.7,45
2711,The Bar - Trident Gurgaon,1,Gurgaon,Finger Food,2000,Indian Rupees(Rs.),No,No,3.3,36
2710,Konomi - Trident Gurgaon,1,Gurgaon,Japanese,3000,Indian Rupees(Rs.),No,No,3.5,27
18285736,L'Opera,1,Gurgaon,"Bakery, Desserts, Fast Food",400,Indian Rupees(Rs.),No,Yes,3.7,16
18291200,Town Hall,1,Gurgaon,"Japanese, Thai, Italian, Asian",2500,Indian Rupees(Rs.),Yes,No,3.5,13
18291198,Whisky Samba,1,Gurgaon,"Italian, Burger, Charcoal Grill",2500,Indian Rupees(Rs.),Yes,No,3.8,127
18446404,Chokola,1,Gurgaon,"Bakery, Desserts, Bakery",700,Indian Rupees(Rs.),No,No,3.1,6
6690,Citrus Cafe - Lemon Tree Hotel,1,Gurgaon,Cafe,2000,Indian Rupees(Rs.),No,No,2.7,27
306032,Green Hut,1,Gurgaon,"North Indian, Chinese, Fast Food",600,Indian Rupees(Rs.),No,No,2.8,23
18216898,My Plate,1,Gurgaon,North Indian,200,Indian Rupees(Rs.),No,No,3.1,6
310487,PiccoLicko,1,Gurgaon,Desserts,200,Indian Rupees(Rs.),No,Yes,3.3,12
18352277,Pind Balluchi,1,Gurgaon,"North Indian, Mughlai",1000,Indian Rupees(Rs.),No,Yes,2.7,7
4185,Raj Xpresso,1,Gurgaon,"North Indian, Chinese",650,Indian Rupees(Rs.),No,No,2.9,13
18374686,Riders Hub,1,Gurgaon,"Chinese, Continental, North Indian",800,Indian Rupees(Rs.),Yes,No,3.1,11
310870,Shivani Catering Services,1,Gurgaon,"North Indian, Chinese",500,Indian Rupees(Rs.),No,No,3.1,17
18435802,The Diet Kitchen,1,Gurgaon,"Continental, Healthy Food",700,Indian Rupees(Rs.),No,Yes,3.3,7
311788,The Gr8 Taste of India,1,Gurgaon,"North Indian, Fast Food",400,Indian Rupees(Rs.),No,Yes,3.0,10
312301,World Art Cafe,1,Gurgaon,Cafe,500,Indian Rupees(Rs.),No,No,3.3,10
18175242,XLNC Bakers,1,Gurgaon,Bakery,150,Indian Rupees(Rs.),No,No,2.9,4
18350142,Adventure Food,1,Gurgaon,Fast Food,150,Indian Rupees(Rs.),No,No,0.0,0
18463967,Baba Da Dhaba,1,Gurgaon,North Indian,500,Indian Rupees(Rs.),No,No,0.0,0
18463954,Bandhani Fast Food,1,Gurgaon,North Indian,300,Indian Rupees(Rs.),No,No,0.0,0
18463969,Bhai Ji Dhaba,1,Gurgaon,North Indian,500,Indian Rupees(Rs.),No,No,0.0,0
18350144,Bikaner Sweets,1,Gurgaon,"North Indian, South Indian, Chinese",300,Indian Rupees(Rs.),No,No,0.0,2
18466414,Cafe Coffee Day,1,Gurgaon,Cafe,450,Indian Rupees(Rs.),No,No,0.0,0
18332976,Cake 24x7,1,Gurgaon,"Bakery, Desserts",450,Indian Rupees(Rs.),No,Yes,0.0,2
18412860,Chaayos,1,Gurgaon,"Cafe, Tea",400,Indian Rupees(Rs.),No,Yes,0.0,3
18391133,Chauhan Hotel,1,Gurgaon,North Indian,200,Indian Rupees(Rs.),No,No,0.0,0
18311952,Costa Coffee,1,Gurgaon,Cafe,600,Indian Rupees(Rs.),No,No,0.0,2
18350138,Dheeraj Vaishno Dhaba,1,Gurgaon,North Indian,200,Indian Rupees(Rs.),No,No,0.0,0
313078,Domino's Pizza,1,Gurgaon,"Pizza, Fast Food",700,Indian Rupees(Rs.),No,No,0.0,3
18265716,Food Ka Adda,1,Gurgaon,"North Indian, Chinese, South Indian",400,Indian Rupees(Rs.),No,No,0.0,3
18382370,iKitchen,1,Gurgaon,"North Indian, Chinese, Italian",650,Indian Rupees(Rs.),No,Yes,0.0,2
18421451,Knights Kitchen,1,Gurgaon,North Indian,200,Indian Rupees(Rs.),No,No,0.0,0
18427204,Ku-Kukdu-Ku,1,Gurgaon,North Indian,250,Indian Rupees(Rs.),No,No,0.0,0
18352171,Mogambo Kitchen,1,Gurgaon,North Indian,200,Indian Rupees(Rs.),No,No,0.0,0
18458633,Noore-e-Seva,1,Gurgaon,"Mughlai, Biryani",150,Indian Rupees(Rs.),No,No,0.0,0
18306504,Premier Bite,1,Gurgaon,"North Indian, Chinese, South Indian",400,Indian Rupees(Rs.),No,No,0.0,1
18458319,Renu Sweets & Restaurant,1,Gurgaon,North Indian,300,Indian Rupees(Rs.),No,No,0.0,0
18463955,Street Foods by Punjab Grill,1,Gurgaon,"Street Food, North Indian",600,Indian Rupees(Rs.),No,No,0.0,1
18337883,Tpot,1,Gurgaon,Cafe,400,Indian Rupees(Rs.),No,Yes,0.0,1
18391145,Uttrakhand Bohra Bhojnalaya & Fast Food,1,Gurgaon,North Indian,200,Indian Rupees(Rs.),No,No,0.0,0
18277216,Uttrakhand Dhaba,1,Gurgaon,North Indian,200,Indian Rupees(Rs.),No,No,0.0,0
312592,Tea Halt,1,Gurgaon,Cafe,400,Indian Rupees(Rs.),No,Yes,3.1,82
9273,Dunkin' Donuts,1,Gurgaon,"Burger, Desserts, Fast Food",600,Indian Rupees(Rs.),No,Yes,3.5,302
309134,Indian Bistro Company,1,Gurgaon,North Indian,750,Indian Rupees(Rs.),No,No,3.7,276
18458638,Department of Food and Social Affair,1,Gurgaon,Fast Food,300,Indian Rupees(Rs.),No,No,0.0,0
18337882,Tpot,1,Gurgaon,Cafe,800,Indian Rupees(Rs.),No,Yes,0.0,3
18237342,Anaaj,1,Gurgaon,"North Indian, Fast Food",500,Indian Rupees(Rs.),No,No,2.9,7
18383550,Au Bon Pain,1,Gurgaon,"Cafe, Bakery",600,Indian Rupees(Rs.),No,No,2.8,8
302243,Cafe Coffee Day,1,Gurgaon,Cafe,450,Indian Rupees(Rs.),No,No,3.1,10
18294576,Cafe Friends,1,Gurgaon,"Cafe, Fast Food, Street Food",600,Indian Rupees(Rs.),No,No,3.2,31
18233603,Chinese Bistro,1,Gurgaon,Chinese,600,Indian Rupees(Rs.),No,No,2.9,5
304182,Dunkin' Donuts,1,Gurgaon,"Burger, Desserts, Fast Food",600,Indian Rupees(Rs.),No,No,3.4,87
18396424,Madras Coffee House,1,Gurgaon,South Indian,300,Indian Rupees(Rs.),No,No,3.0,4
9967,McDonald's,1,Gurgaon,"Fast Food, Burger",500,Indian Rupees(Rs.),No,No,3.3,35
18350125,Nukkadwala,1,Gurgaon,"Fast Food, Street Food",300,Indian Rupees(Rs.),No,No,3.2,25
302248,Salad Chef,1,Gurgaon,"Healthy Food, Fast Food, Salad",400,Indian Rupees(Rs.),No,Yes,3.2,44
310531,Subway,1,Gurgaon,"American, Fast Food, Salad, Healthy Food",500,Indian Rupees(Rs.),No,No,3.3,27
312708,Tea Halt,1,Gurgaon,Cafe,400,Indian Rupees(Rs.),No,Yes,2.7,14
18175288,The Kachori Co.,1,Gurgaon,Street Food,200,Indian Rupees(Rs.),No,No,2.5,11
18124368,Urban Dhaba,1,Gurgaon,North Indian,700,Indian Rupees(Rs.),No,Yes,3.2,11
18371415,A Piece of Paris,1,Gurgaon,"Desserts, Bakery",600,Indian Rupees(Rs.),No,Yes,3.9,43
305687,Chaayos,1,Gurgaon,"Cafe, Tea",400,Indian Rupees(Rs.),No,Yes,3.8,127
309642,Doughlicious,1,Gurgaon,"Bakery, Desserts, Fast Food",550,Indian Rupees(Rs.),No,No,3.6,60
18273546,Eggers Madhouse,1,Gurgaon,Fast Food,500,Indian Rupees(Rs.),No,Yes,3.7,51
18349911,Live Wok,1,Gurgaon,"Chinese, Asian, Thai",500,Indian Rupees(Rs.),Yes,No,3.6,45
300652,Orange Chopsticks,1,Gurgaon,"Chinese, Thai, Asian",1300,Indian Rupees(Rs.),Yes,Yes,3.5,200
302239,Pizzoccheri,1,Gurgaon,"Fast Food, Pizza",800,Indian Rupees(Rs.),Yes,No,3.6,76
18458317,Creamy Innovation,1,Gurgaon,Bakery,500,Indian Rupees(Rs.),No,No,0.0,0
18237348,Dosa Republic,1,Gurgaon,South Indian,300,Indian Rupees(Rs.),No,No,0.0,1
18311959,Giani's,1,Gurgaon,"Ice Cream, Desserts",250,Indian Rupees(Rs.),No,No,0.0,2
309308,Chai Point,1,Gurgaon,"Tea, Fast Food",200,Indian Rupees(Rs.),No,Yes,2.4,49
301559,Latitude - Vivanta By Taj,1,Gurgaon,"North Indian, Mediterranean, European, Asian, Chinese, Pizza",3500,Indian Rupees(Rs.),Yes,No,3.8,305
301562,Thai Pavilion - Vivanta By Taj,1,Gurgaon,"Thai, Asian",4000,Indian Rupees(Rs.),Yes,No,4.0,219
311480,3H Kitchen,1,Gurgaon,"North Indian, Chinese",600,Indian Rupees(Rs.),No,No,2.9,15
303866,Manish Sweets & Bakers,1,Gurgaon,"Mithai, Bakery, Street Food",200,Indian Rupees(Rs.),No,No,2.8,5
4188,Oasis Kitchen,1,Gurgaon,"Chinese, North Indian",250,Indian Rupees(Rs.),No,No,2.9,6
311844,Ramchandra Chinese Food,1,Gurgaon,"Chinese, Fast Food",250,Indian Rupees(Rs.),No,Yes,2.7,10
308681,Sona Chinese,1,Gurgaon,Chinese,400,Indian Rupees(Rs.),No,No,2.8,14
2817,The Pastry Hut,1,Gurgaon,"Bakery, Desserts",150,Indian Rupees(Rs.),No,Yes,2.9,13
5927,Aggarwal Sweets & Restaurant,1,Gurgaon,Mithai,100,Indian Rupees(Rs.),No,No,0.0,0
301734,Bhoomika,1,Gurgaon,"Bakery, Desserts",250,Indian Rupees(Rs.),No,No,2.9,6
309851,FoodZilla,1,Gurgaon,"Chinese, Assamese",700,Indian Rupees(Rs.),No,Yes,3.3,153
300097,Goli Vada Pav No. 1,1,Gurgaon,Street Food,150,Indian Rupees(Rs.),No,Yes,3.4,151
18466966,Indo Chinese,1,Gurgaon,"North Indian, Chinese",200,Indian Rupees(Rs.),No,No,3.2,12
306524,Kathi Junction,1,Gurgaon,Fast Food,400,Indian Rupees(Rs.),No,Yes,3.0,89
1453,Romi da Dhaba,1,Gurgaon,North Indian,550,Indian Rupees(Rs.),No,Yes,3.1,122
1451,Shamji Snacks,1,Gurgaon,"Mithai, Street Food, South Indian, Chinese, North Indian",400,Indian Rupees(Rs.),No,No,2.7,83
300082,The Lunch Break,1,Gurgaon,North Indian,200,Indian Rupees(Rs.),No,No,2.9,7
313479,Veg O Non,1,Gurgaon,North Indian,650,Indian Rupees(Rs.),No,No,3.1,21
9122,Alwar Sweets,1,Gurgaon,"Mithai, Street Food",200,Indian Rupees(Rs.),No,No,3.5,66
3559,Bakers Oven,1,Gurgaon,"Bakery, Desserts",600,Indian Rupees(Rs.),No,Yes,3.6,69
18265678,Burgzz Bee,1,Gurgaon,"Burger, Fast Food",250,Indian Rupees(Rs.),No,Yes,3.6,60
2165,Chinese Corner,1,Gurgaon,"Chinese, Thai",500,Indian Rupees(Rs.),No,Yes,3.6,369
6769,Iroha,1,Gurgaon,"Bakery, Fast Food",400,Indian Rupees(Rs.),No,No,3.7,63
18441791,Chaudhary Burfi Wala,1,Gurgaon,"Mithai, Street Food",150,Indian Rupees(Rs.),No,No,0.0,2
1454,Curry 'n' Phulka,1,Gurgaon,"North Indian, Chinese",400,Indian Rupees(Rs.),No,Yes,2.4,83
6775,Wah Ji Wah,1,Gurgaon,North Indian,400,Indian Rupees(Rs.),No,Yes,2.2,142
306043,Woods Spice,1,Gurgaon,"Continental, North Indian",1300,Indian Rupees(Rs.),Yes,No,3.2,36
2100712,Mocha,1,Guwahati,"Cafe, Italian",800,Indian Rupees(Rs.),No,No,4.6,394
2100478,Terra Mayaa Restaurant and Lounge,1,Guwahati,"North Indian, Continental, Italian, Chinese",1400,Indian Rupees(Rs.),No,No,3.9,360
18384506,The Basement Caf?,1,Guwahati,Cafe,600,Indian Rupees(Rs.),No,No,4.7,126
2100108,Strawberry Fields,1,Guwahati,Cafe,500,Indian Rupees(Rs.),No,No,4.1,290
2100921,Brooklyn Blues,1,Guwahati,"Continental, European",1400,Indian Rupees(Rs.),No,No,4.2,110
2100565,Confucius,1,Guwahati,"Chinese, Thai",750,Indian Rupees(Rs.),No,No,4.1,304
2100870,The Woking Mama,1,Guwahati,"Chinese, Thai, Japanese, Asian",1300,Indian Rupees(Rs.),No,No,4.4,129
2100861,Underdoggs Sports Bar & Grill,1,Guwahati,"North Indian, Continental",1650,Indian Rupees(Rs.),No,No,4.4,222
18381932,The Zouq : Resto-Cafe,1,Guwahati,"Cafe, North Indian, Italian",500,Indian Rupees(Rs.),No,No,4.1,124
18397909,BrewBakes,1,Guwahati,"Cafe, Continental, Chinese",500,Indian Rupees(Rs.),No,No,4.0,28
2100702,Barbeque Nation,1,Guwahati,North Indian,1500,Indian Rupees(Rs.),No,No,4.9,774
2100101,Yo! China,1,Guwahati,Chinese,800,Indian Rupees(Rs.),No,No,3.6,327
2100322,4 Seasons,1,Guwahati,"Chinese, North Indian",300,Indian Rupees(Rs.),No,No,3.6,142
2100784,11th Avenue Cafe Bistro,1,Guwahati,"Cafe, American, Italian, Continental",400,Indian Rupees(Rs.),No,No,4.1,377
2100849,Caf? Riverrun,1,Guwahati,"Continental, Juices, Cafe, Desserts, Salad, Italian",500,Indian Rupees(Rs.),No,No,4.2,99
18480196,Fat Belly,1,Guwahati,"Asian, Chinese, Tibetan",500,Indian Rupees(Rs.),No,No,4.1,25
2100719,The Corner Cafe,1,Guwahati,"Cafe, Continental",850,Indian Rupees(Rs.),No,No,4.1,179
2100676,Chung Fa,1,Guwahati,Chinese,600,Indian Rupees(Rs.),No,No,4.3,369
2100074,Shanghai Salsa,1,Guwahati,"Continental, Fast Food, Chinese, Charcoal Grill, Mexican",1000,Indian Rupees(Rs.),No,No,4.0,256
18224282,Three Guys,1,Guwahati,"Continental, North Indian, Chinese, Arabian, Thai",700,Indian Rupees(Rs.),No,No,4.3,233
2100776,Ziya,1,Guwahati,"Continental, Chinese",700,Indian Rupees(Rs.),No,No,4.3,96
90744,Exotica,1,Hyderabad,"Mughlai, North Indian, Chinese",1500,Indian Rupees(Rs.),Yes,Yes,4.3,3374
18452864,AB's - Absolute Barbecues,1,Hyderabad,"European, Mediterranean, North Indian",1500,Indian Rupees(Rs.),No,No,4.9,200
97824,Chili's,1,Hyderabad,"Mexican, American, Tex-Mex, Burger",1800,Indian Rupees(Rs.),Yes,Yes,4.7,1932
18443506,The Fisherman's Wharf,1,Hyderabad,"Seafood, Continental, Goan, Asian, Andhra",1500,Indian Rupees(Rs.),Yes,No,3.8,144
90847,Chili's,1,Hyderabad,"Mexican, American, Tex-Mex, Burger",1800,Indian Rupees(Rs.),No,Yes,4.6,2553
18280329,Pine & Dine,1,Hyderabad,"North Indian, South Indian, Chinese",700,Indian Rupees(Rs.),Yes,Yes,4.0,682
96626,Jonathan's Kitchen - Holiday Inn Express & Suites,1,Hyderabad,"North Indian, Japanese, Italian",1900,Indian Rupees(Rs.),Yes,No,4.3,860
94286,AB's - Absolute Barbecues,1,Hyderabad,"European, Mediterranean, North Indian",1500,Indian Rupees(Rs.),No,No,4.9,5434
96776,Con?u,1,Hyderabad,"Bakery, Desserts",600,Indian Rupees(Rs.),No,No,4.8,1023
18418733,Dock Forty Five,1,Hyderabad,"Continental, Asian",1400,Indian Rupees(Rs.),No,No,4.2,79
18418730,Mocha Bar,1,Hyderabad,"North Indian, Continental, Italian",1200,Indian Rupees(Rs.),Yes,No,4.2,221
93766,Olive Bistro,1,Hyderabad,"Mediterranean, Italian, European",2000,Indian Rupees(Rs.),Yes,Yes,4.4,2218
18356469,Prost Brew Pub,1,Hyderabad,"Italian, Continental, Chinese",1200,Indian Rupees(Rs.),Yes,No,4.1,594
97503,United Kitchens of India,1,Hyderabad,"North Indian, Andhra, Chettinad, Bengali, Mughlai, Chinese",1100,Indian Rupees(Rs.),Yes,No,4.1,1431
92577,Heart Cup Coffee,1,Hyderabad,"Cafe, Continental, North Indian, Chinese",1800,Indian Rupees(Rs.),No,Yes,4.2,1859
18307251,Churrolto,1,Hyderabad,"Desserts, Cafe, Mexican",500,Indian Rupees(Rs.),No,No,4.7,344
18313013,The Grand Trunk Road,1,Hyderabad,"North Indian, Chinese",1100,Indian Rupees(Rs.),No,Yes,3.9,616
18312984,Sahib?? Barbeque by Ohri??,1,Hyderabad,"Hyderabadi, Awadhi",1400,Indian Rupees(Rs.),Yes,No,4.1,571
1401756,KYRO,1,Indore,"North Indian, Chinese, Continental, Mediterranean, Asian",1300,Indian Rupees(Rs.),No,No,3.7,238
1400544,JAL - A Jungle Restaurant,1,Indore,"North Indian, Chinese",850,Indian Rupees(Rs.),No,No,4.1,100
18254231,Oye24,1,Indore,"North Indian, Chinese, South Indian",250,Indian Rupees(Rs.),No,No,4.1,152
1402314,Hobnob Gourmet Caf?bar,1,Indore,"Italian, Continental",1950,Indian Rupees(Rs.),No,No,4.1,37
1400466,Mangosteen Cafe,1,Indore,"Cafe, Fast Food, Italian, Mexican",700,Indian Rupees(Rs.),No,No,3.9,430
1401934,Mama Loca,1,Indore,"Greek, Lebanese",1000,Indian Rupees(Rs.),No,No,4.2,304
1401548,Vidorra,1,Indore,"North Indian, Chinese",1200,Indian Rupees(Rs.),No,No,4.0,404
1400460,Cafe Palette,1,Indore,"Cafe, Lebanese, Italian",800,Indian Rupees(Rs.),No,No,3.8,214
1400056,Nafees Restaurant,1,Indore,"North Indian, Mughlai",850,Indian Rupees(Rs.),No,No,4.0,496
1400169,The Creative Kitchen - Radisson Blu Hotel,1,Indore,"North Indian, Continental, Mexican, Italian",2000,Indian Rupees(Rs.),No,No,3.8,209
1400186,Square - Sayaji Hotel,1,Indore,"North Indian, Chinese, Italian",1500,Indian Rupees(Rs.),No,No,4.3,334
1402335,Freito,1,Indore,"Mexican, Italian",650,Indian Rupees(Rs.),No,No,3.1,26
1400555,Cafe Terazza,1,Indore,"Cafe, Italian, Mexican, Chinese",700,Indian Rupees(Rs.),No,No,3.9,502
1401948,Cafe Yolo,1,Indore,"Cafe, Fast Food",650,Indian Rupees(Rs.),No,No,3.8,69
18395137,Just My Bakes,1,Indore,"Cafe, Bakery",500,Indian Rupees(Rs.),No,No,3.9,69
1400121,10 Downing Street,1,Indore,"North Indian, Chinese",1500,Indian Rupees(Rs.),No,No,4.0,413
1402028,Cakesmith's Alley,1,Indore,"Bakery, Cafe, Fast Food",400,Indian Rupees(Rs.),No,No,4.3,87
1401857,The Yellow Chilli,1,Indore,"North Indian, Mughlai, Seafood",1100,Indian Rupees(Rs.),No,No,4.1,181
1402089,Waffle House,1,Indore,"Cafe, Fast Food",500,Indian Rupees(Rs.),No,No,4.3,171
1402050,Mocha,1,Indore,"Cafe, Continental, Italian, Street Food",800,Indian Rupees(Rs.),No,No,4.0,341
101212,Tapri Central,1,Jaipur,"Cafe, Fast Food, Street Food",750,Indian Rupees(Rs.),No,Yes,4.7,1469
101834,Blackout,1,Jaipur,"North Indian, European, Continental, Finger Food",1650,Indian Rupees(Rs.),No,No,3.9,676
101884,Mamu's Infusion,1,Jaipur,"Italian, Chinese, Mexican, Thai, North Indian",1400,Indian Rupees(Rs.),No,Yes,4.0,582
102813,Nibs Cafe,1,Jaipur,"Cafe, Italian, Continental",750,Indian Rupees(Rs.),No,Yes,4.4,389
101259,On The House,1,Jaipur,"Italian, Continental, Mexican, Cafe, Bakery",1300,Indian Rupees(Rs.),No,Yes,4.4,843
103065,WTF,1,Jaipur,"Continental, Italian, North Indian, Lebanese, Thai",1000,Indian Rupees(Rs.),No,No,4.0,212
100080,Chokhi Dhani,1,Jaipur,Rajasthani,1600,Indian Rupees(Rs.),No,No,4.3,1478
103147,Meraaki Kitchen,1,Jaipur,"Modern Indian, Asian",1500,Indian Rupees(Rs.),No,No,3.9,67
101311,Taruveda Bistro,1,Jaipur,"Cafe, Italian, Japanese, Continental",1000,Indian Rupees(Rs.),No,Yes,4.2,633
100305,The Forresta Kitchen & Bar,1,Jaipur,"Continental, Mexican, Beverages, Desserts, North Indian, Chinese, Rajasthani",1800,Indian Rupees(Rs.),No,No,4.0,916
102215,Monarch Restaurant - Holiday Inn Jaipur City Centre,1,Jaipur,"North Indian, Chinese, Continental, Rajasthani",2300,Indian Rupees(Rs.),No,No,4.5,420
102216,Chao Chinese Bistro - Holiday Inn Jaipur City Centre,1,Jaipur,"Chinese, Asian",2500,Indian Rupees(Rs.),No,No,4.3,308
18209498,Zolocrust - Hotel Clarks Amer,1,Jaipur,"Italian, Bakery, Continental",2000,Indian Rupees(Rs.),No,Yes,4.9,322
103019,Mutual's,1,Jaipur,"Cafe, Mexican, Italian, North Indian, Fast Food",650,Indian Rupees(Rs.),No,Yes,4.2,198
103090,O2- The Plant Cafe,1,Jaipur,Continental,700,Indian Rupees(Rs.),No,No,4.1,148
102531,Cafe LazyMojo,1,Jaipur,"Cafe, Mexican, Italian, Continental",800,Indian Rupees(Rs.),No,Yes,4.3,798
100306,Replay,1,Jaipur,"North Indian, Continental, Chinese, Italian, Mexican",1500,Indian Rupees(Rs.),No,No,4.3,1121
18454586,Sky Beach,1,Jaipur,"North Indian, Continental, Chinese, Mexican, Italian, Desserts",1000,Indian Rupees(Rs.),No,No,2.6,46
102504,Decked Up By Garden Cafe,1,Jaipur,"Cafe, Fast Food, North Indian",1200,Indian Rupees(Rs.),No,Yes,3.9,310
102867,Calzone- Dine & Rooftop Lounge,1,Jaipur,"Continental, Mexican, North Indian, Chinese",800,Indian Rupees(Rs.),No,Yes,3.7,112
2300061,Hucka,1,Kanpur,"Chinese, Fast Food",550,Indian Rupees(Rs.),No,No,3.3,148
2300483,The Zaffran,1,Kanpur,"North Indian, Continental, Asian",800,Indian Rupees(Rs.),No,No,3.3,51
2300065,Gyan Vaishnav,1,Kanpur,North Indian,400,Indian Rupees(Rs.),No,No,3.9,97
18377936,Liquid,1,Kanpur,"Finger Food, North Indian, Continental, Italian, Mediterranean",1000,Indian Rupees(Rs.),No,No,4.0,24
2300188,Royal Dine - Hotel Royal Cliff,1,Kanpur,"North Indian, Chinese",1500,Indian Rupees(Rs.),No,No,4.0,54
18407105,Urban Crave Express,1,Kanpur,"Cafe, Italian",600,Indian Rupees(Rs.),No,No,3.5,43
2300497,Atmosphere Grill Cafe Sheesha,1,Kanpur,"Indian, Chinese, Continental",0,Indian Rupees(Rs.),No,No,3.6,34
2300183,Mr Brown,1,Kanpur,"Bakery, Desserts, Fast Food",500,Indian Rupees(Rs.),No,No,3.9,97
2300476,Dunkin Donuts,1,Kanpur,"Desserts, Fast Food",500,Indian Rupees(Rs.),No,No,4.1,87
2300018,Little Chef,1,Kanpur,"North Indian, Fast Food",1000,Indian Rupees(Rs.),No,No,4.1,158
18312106,UrbanCrave,1,Kanpur,"Cafe, Continental, Desserts, Ice Cream, Italian, Beverages",0,Indian Rupees(Rs.),No,No,3.9,127
2300042,Chin Mi,1,Kanpur,Chinese,1500,Indian Rupees(Rs.),No,No,3.9,86
2300048,Tadka,1,Kanpur,North Indian,1000,Indian Rupees(Rs.),No,No,3.8,97
2300058,Dhuaan,1,Kanpur,"North Indian, Mexican, Italian",1500,Indian Rupees(Rs.),No,No,4.3,155
2300162,Upper Crust,1,Kanpur,"Bakery, Fast Food",350,Indian Rupees(Rs.),No,No,3.4,49
2300003,Anaicha's Food Joint,1,Kanpur,"Chinese, North Indian, Continental",850,Indian Rupees(Rs.),No,No,3.6,106
2300176,Aromas,1,Kanpur,Fast Food,350,Indian Rupees(Rs.),No,No,4.1,171
2300187,Waterside - The Landmark Hotel,1,Kanpur,"North Indian, Chinese",3000,Indian Rupees(Rs.),No,No,3.9,113
2300009,Verandah,1,Kanpur,"Chinese, Italian, Fast Food",1500,Indian Rupees(Rs.),No,No,3.7,160
18391601,Barbeque Nation,1,Kanpur,"North Indian, Mughlai, Lebanese, Arabian, Mediterranean",1400,Indian Rupees(Rs.),No,No,4.0,41
900682,Nawras Seafood Restaurant,1,Kochi,Seafood,1000,Indian Rupees(Rs.),No,No,4.6,289
95361,Ifthar,1,Kochi,Kerala,350,Indian Rupees(Rs.),No,No,3.8,281
95421,Dhe Puttu,1,Kochi,Kerala,600,Indian Rupees(Rs.),No,Yes,4.4,662
95256,Kashi Art Cafe,1,Kochi,"European, Cafe",600,Indian Rupees(Rs.),No,No,4.2,659
95286,Grand Hotel Restaurant,1,Kochi,"North Indian, Kerala, Chinese, Continental",1000,Indian Rupees(Rs.),No,No,4.2,394
900969,Barbeque Nation,1,Kochi,"European, North Indian, Mediterranean, American",1500,Indian Rupees(Rs.),No,No,4.5,213
95333,Chiyang,1,Kochi,"Chinese, Continental",800,Indian Rupees(Rs.),No,No,3.7,277
900547,Slice of Spice,1,Kochi,"Fast Food, Biryani",400,Indian Rupees(Rs.),No,Yes,4.0,246
901089,Mustake Multicuisine Restaurant,1,Kochi,"Chinese, Thai, North Indian, South Indian",1000,Indian Rupees(Rs.),No,Yes,3.7,145
901035,Palaaram,1,Kochi,"Kerala, Fast Food",550,Indian Rupees(Rs.),No,No,3.7,105
900561,Tonico Cafe,1,Kochi,Cafe,400,Indian Rupees(Rs.),No,No,4.0,406
900524,Cafe 17,1,Kochi,"Cafe, Continental, Italian",700,Indian Rupees(Rs.),No,Yes,4.4,333
900800,ChaiCofi,1,Kochi,"Cafe, Continental, Italian",800,Indian Rupees(Rs.),No,No,4.0,160
95304,Bloomsbury's Boutique Cafe and Artisan Bakery,1,Kochi,"Cafe, Bakery, Desserts",650,Indian Rupees(Rs.),No,Yes,4.2,482
900533,Paragon,1,Kochi,"Kerala, South Indian, Continental, North Indian, Seafood, Chinese",900,Indian Rupees(Rs.),No,No,4.3,722
901004,Aangan - Downtown Multicuisine Restaurant,1,Kochi,"Chinese, Seafood, North Indian, Biryani",650,Indian Rupees(Rs.),No,No,4.2,146
900111,Ali Baba & 41 Dishes,1,Kochi,"Kerala, South Indian, Chinese, Biryani",400,Indian Rupees(Rs.),No,No,3.5,348
95331,Cocoa Tree,1,Kochi,"Italian, Seafood, Mediterranean, Desserts, Cafe",1000,Indian Rupees(Rs.),No,No,4.3,658
900032,French Toast,1,Kochi,"Continental, Cafe, Desserts, Bakery",700,Indian Rupees(Rs.),No,No,4.3,312
900282,Thakkaaram,1,Kochi,"Kerala, South Indian",600,Indian Rupees(Rs.),No,No,3.6,361
18217475,Asia Kitchen by Mainland China,1,Kolkata,"Asian, Chinese",1400,Indian Rupees(Rs.),No,Yes,4.6,945
18249144,Hoppipola,1,Kolkata,"Italian, Mexican, American, Mediterranean",1200,Indian Rupees(Rs.),No,Yes,4.2,1103
18017612,Spice Kraft,1,Kolkata,"Continental, Middle Eastern, Asian",1200,Indian Rupees(Rs.),No,No,4.8,1424
18377112,Nawwarah,1,Kolkata,"Chinese, Cafe, North Indian, Desserts",1000,Indian Rupees(Rs.),No,No,3.9,326
20002,6 Ballygunge Place,1,Kolkata,Bengali,1000,Indian Rupees(Rs.),Yes,Yes,4.4,1778
18343731,Mumbai Local,1,Kolkata,"North Indian, Chinese, Street Food",1200,Indian Rupees(Rs.),Yes,No,4.2,704
25664,Gabbar's Bar & Kitchen,1,Kolkata,"North Indian, Chinese, Mexican, Italian",1400,Indian Rupees(Rs.),Yes,No,4.4,1484
25587,TGI Friday's,1,Kolkata,"Tex-Mex, American",1800,Indian Rupees(Rs.),Yes,Yes,4.0,911
24530,Santa's Fantasea,1,Kolkata,"Seafood, Chinese",800,Indian Rupees(Rs.),No,No,4.2,2584
20747,India Restaurant,1,Kolkata,"Biryani, North Indian, Chinese, Mughlai",800,Indian Rupees(Rs.),Yes,Yes,4.6,1219
21220,Flame & Grill,1,Kolkata,"North Indian, Continental",1500,Indian Rupees(Rs.),Yes,No,3.9,1064
25570,Barbeque Nation,1,Kolkata,"North Indian, Chinese",1600,Indian Rupees(Rs.),No,No,4.9,1753
20350,Mocambo,1,Kolkata,"Continental, Italian, North Indian",1050,Indian Rupees(Rs.),No,Yes,3.5,4464
20870,BarBQ,1,Kolkata,"Chinese, North Indian",900,Indian Rupees(Rs.),No,Yes,4.2,5288
20404,Peter Cat,1,Kolkata,"Continental, North Indian",1000,Indian Rupees(Rs.),No,Yes,4.3,7574
24286,The Irish House,1,Kolkata,"European, American",1900,Indian Rupees(Rs.),No,No,4.4,2224
20842,Barbeque Nation,1,Kolkata,"North Indian, Chinese",1600,Indian Rupees(Rs.),No,No,4.9,5966
18259462,Ocean Grill,1,Kolkata,"Continental, Seafood, North Indian, Asian",1500,Indian Rupees(Rs.),Yes,No,3.6,1040
24452,Sigree Global Grill,1,Kolkata,North Indian,1600,Indian Rupees(Rs.),Yes,No,4.1,1616
18017615,What's Up,1,Kolkata,"Cafe, Chinese, Continental",1000,Indian Rupees(Rs.),Yes,No,4.0,1126
800468,Grandson of Tunday Kababi,1,Lucknow,"Mughlai, Lucknowi",300,Indian Rupees(Rs.),No,No,4.9,1057
801675,Frozen Factory,1,Lucknow,"Desserts, Ice Cream",200,Indian Rupees(Rs.),No,No,4.5,144
801690,Mocha,1,Lucknow,"Cafe, Italian, Continental",800,Indian Rupees(Rs.),No,No,4.6,567
801684,Chemistry Caf?,1,Lucknow,"Cafe, Continental, Chinese",650,Indian Rupees(Rs.),No,No,3.5,147
18296995,Homeys Cafe,1,Lucknow,"Cafe, Fast Food",450,Indian Rupees(Rs.),No,No,3.9,217
800237,Percussion,1,Lucknow,"Continental, North Indian, Asian",1000,Indian Rupees(Rs.),No,No,3.7,514
800273,The Urban Terrace,1,Lucknow,"North Indian, Continental",1100,Indian Rupees(Rs.),No,No,3.9,268
18375866,Free Spirit,1,Lucknow,"Cafe, Italian",450,Indian Rupees(Rs.),No,No,4.3,106
801170,Spice Caves,1,Lucknow,"North Indian, Chinese, Mughlai",1200,Indian Rupees(Rs.),No,No,4.2,691
801636,The Chocolate Heaven,1,Lucknow,"Cafe, Italian, Desserts",400,Indian Rupees(Rs.),No,No,4.1,165
18385021,The Pebbles Bistro,1,Lucknow,European,1000,Indian Rupees(Rs.),No,No,4.1,80
801640,Underdoggs Sports Bar & Grill,1,Lucknow,"Mediterranean, Italian, American",1300,Indian Rupees(Rs.),No,No,4.3,124
801269,Vintage Machine,1,Lucknow,"Italian, American, Lebanese",1000,Indian Rupees(Rs.),No,No,4.3,887
801693,Bar Bar,1,Lucknow,"Cafe, Chinese, Thai, North Indian, Continental",1000,Indian Rupees(Rs.),No,No,4.0,79
800483,Dastarkhwan,1,Lucknow,Mughlai,400,Indian Rupees(Rs.),No,No,4.4,818
800891,The Cherry Tree Cafe,1,Lucknow,"Cafe, Bakery",400,Indian Rupees(Rs.),No,No,4.1,288
800326,Royal Sky,1,Lucknow,"North Indian, Mughlai, Chinese, Continental",1100,Indian Rupees(Rs.),No,No,4.2,762
801384,L 14 - Renaissance Lucknow Hotel,1,Lucknow,"North Indian, Continental, South Indian, Chinese, Thai, Asian",2000,Indian Rupees(Rs.),No,No,4.2,149
800089,Barbeque Nation,1,Lucknow,North Indian,1600,Indian Rupees(Rs.),No,No,4.7,1069
801247,Colours by Royal Cafe - Royal Inn,1,Lucknow,"North Indian, Mughlai, Chinese",1000,Indian Rupees(Rs.),No,No,4.2,411
800576,Cappuccino Blast,1,Lucknow,"Cafe, Fast Food",700,Indian Rupees(Rs.),No,No,4.0,587
15239,Basant Restaurant,1,Ludhiana,"North Indian, Chinese, Fast Food",800,Indian Rupees(Rs.),No,No,3.6,93
18444271,Hawai Adda,1,Ludhiana,"North Indian, Chinese, Continental",1500,Indian Rupees(Rs.),No,No,3.5,17
15005,Indian Summer,1,Ludhiana,"North Indian, Chinese",1400,Indian Rupees(Rs.),No,No,4.1,191
15221,Basant,1,Ludhiana,"North Indian, Chinese, South Indian, Fast Food",400,Indian Rupees(Rs.),No,No,3.9,109
15292,Bistro 226,1,Ludhiana,"Italian, Continental, North Indian, Cafe",1400,Indian Rupees(Rs.),No,No,4.2,217
15309,Mocha,1,Ludhiana,Cafe,800,Indian Rupees(Rs.),No,No,3.7,153
18400368,Pirates Of Grill,1,Ludhiana,"North Indian, Mughlai",1300,Indian Rupees(Rs.),No,No,3.9,41
15132,Bistro Flamme Bois,1,Ludhiana,"Italian, Continental, Mexican, Lebanese",1500,Indian Rupees(Rs.),No,No,4.1,178
15705,Kitchen At 95 - Hyatt Regency,1,Ludhiana,"Mediterranean, Chinese, Continental",2000,Indian Rupees(Rs.),No,No,4.3,87
15078,Domino's Pizza,1,Ludhiana,"Pizza, Fast Food",700,Indian Rupees(Rs.),No,No,3.6,86
15104,Nando's,1,Ludhiana,"Portuguese, African",1200,Indian Rupees(Rs.),No,No,3.8,156
15774,Belfrance Luxury Chocolates,1,Ludhiana,"Cafe, Continental, Italian, Bakery",1100,Indian Rupees(Rs.),No,No,4.4,138
15008,Hot Breads,1,Ludhiana,"Continental, Chinese, Italian, Bakery",800,Indian Rupees(Rs.),No,No,4.2,261
15321,The Yellow Chilli,1,Ludhiana,"Mughlai, North Indian, Chinese",1200,Indian Rupees(Rs.),No,No,4.4,325
15368,Spice Cube,1,Ludhiana,"North Indian, Chinese, Continental",1000,Indian Rupees(Rs.),No,No,3.5,116
15853,Barbeque Nation,1,Ludhiana,"North Indian, Chinese, Continental",1400,Indian Rupees(Rs.),No,No,3.9,80
15497,Nik Bakers,1,Ludhiana,"Cafe, Bakery, Desserts",800,Indian Rupees(Rs.),No,No,4.2,210
15091,Aman Chicken,1,Ludhiana,"North Indian, Mughlai",800,Indian Rupees(Rs.),No,No,4.6,196
15777,District 6,1,Ludhiana,"European, Chinese",1600,Indian Rupees(Rs.),No,No,3.8,53
15717,The BrewMaster - The Mix Fine Dine,1,Ludhiana,"North Indian, Continental",1500,Indian Rupees(Rs.),No,No,3.9,154
3100446,#45,1,Mangalore,Cafe,600,Indian Rupees(Rs.),No,No,3.6,209
3100159,Crave Desserts & Bakes,1,Mangalore,"Desserts, Bakery",200,Indian Rupees(Rs.),No,No,3.9,196
3100010,Diesel Cafe,1,Mangalore,"American, Italian",900,Indian Rupees(Rs.),No,No,3.8,196
3100145,Froth On Top,1,Mangalore,"Chinese, Mangalorean",700,Indian Rupees(Rs.),No,No,3.7,355
3100013,Hao Ming,1,Mangalore,Chinese,600,Indian Rupees(Rs.),No,No,3.5,280
3100143,Kobe Sizzlers,1,Mangalore,"Continental, American",1000,Indian Rupees(Rs.),No,No,3.7,104
3100033,Liquid Lounge,1,Mangalore,"Finger Food, Continental, North Indian",800,Indian Rupees(Rs.),No,No,3.8,290
3100153,Maharaja Restaurant,1,Mangalore,"South Indian, North Indian",700,Indian Rupees(Rs.),No,No,3.6,275
3100142,Giri Manja's,1,Mangalore,Seafood,500,Indian Rupees(Rs.),No,No,4.2,281
3100030,Kabab Studio,1,Mangalore,"North Indian, Mughlai",1500,Indian Rupees(Rs.),No,No,3.5,183
18237384,Brio Cafe and Grill,1,Mangalore,"Cafe, Continental",500,Indian Rupees(Rs.),No,No,3.6,84
3100008,Gajalee Sea Food,1,Mangalore,"Seafood, North Indian",750,Indian Rupees(Rs.),No,No,3.9,257
3100148,Smoke N Oven,1,Mangalore,"Pizza, Italian",600,Indian Rupees(Rs.),No,No,3.5,127
3100044,Village Restaurant,1,Mangalore,"Chinese, Continental, North Indian, Mughlai",1000,Indian Rupees(Rs.),No,No,3.7,260
3100441,Barbeque Nation,1,Mangalore,"North Indian, Chinese",1600,Indian Rupees(Rs.),No,No,3.7,193
3100302,Machali,1,Mangalore,Seafood,800,Indian Rupees(Rs.),No,No,4.1,245
3100422,Punjab Da Pind,1,Mangalore,"North Indian, Mughlai, Chinese, Mangalorean",1000,Indian Rupees(Rs.),No,No,3.7,173
3100014,Sizzler's Ranch,1,Mangalore,Continental,700,Indian Rupees(Rs.),No,No,3.8,328
3100448,Spindrift,1,Mangalore,"North Indian, Italian, Finger Food",700,Indian Rupees(Rs.),No,No,3.9,156
3100017,Sagar Ratna,1,Mangalore,"South Indian, North Indian, Chinese",500,Indian Rupees(Rs.),No,No,3.7,175
18424018,The Shooters Cafe,1,Mohali,"Continental, North Indian",550,Indian Rupees(Rs.),No,Yes,4.3,99
35217,Joey's Pizza,1,Mumbai,Pizza,800,Indian Rupees(Rs.),No,No,4.0,5145
18447068,Cafe Hydro,1,Mumbai,Asian,1000,Indian Rupees(Rs.),No,No,4.0,156
18458563,The American Joint,1,Mumbai,"Healthy Food, American, Burger, Salad",850,Indian Rupees(Rs.),Yes,No,3.4,170
18075122,The Fusion Kitchen,1,Mumbai,"North Indian, Italian, Chinese, Mexican",1000,Indian Rupees(Rs.),Yes,Yes,4.7,2083
18233317,145 Kala Ghoda,1,Mumbai,"Fast Food, Beverages, Desserts",1500,Indian Rupees(Rs.),No,No,4.2,1606
18237753,Tea Villa Cafe,1,Mumbai,"Cafe, Italian, Desserts, Fast Food, Chinese, Tea",1000,Indian Rupees(Rs.),Yes,Yes,4.1,2040
18388642,Grandmama's Cafe,1,Mumbai,"Continental, Italian",1100,Indian Rupees(Rs.),No,No,3.8,617
18463285,Mumbai Vibe,1,Mumbai,"Cafe, Continental, North Indian, Italian, Chinese, Bakery, Desserts, Finger Food",1000,Indian Rupees(Rs.),Yes,No,3.8,146
16527711,The Rolling Pin,1,Mumbai,"Bakery, Desserts, Cafe",700,Indian Rupees(Rs.),No,Yes,3.9,2076
18313566,Farzi Cafe,1,Mumbai,Modern Indian,1500,Indian Rupees(Rs.),No,No,4.3,1240
49003,SpiceKlub,1,Mumbai,North Indian,1500,Indian Rupees(Rs.),No,Yes,4.2,3370
18441580,Tea Villa Cafe,1,Mumbai,"Cafe, Italian, Desserts, Fast Food, Chinese, Tea",1000,Indian Rupees(Rs.),Yes,No,3.9,317
34757,Joey's Pizza,1,Mumbai,Pizza,800,Indian Rupees(Rs.),No,Yes,4.5,2662
18408295,Stacks And Racks,1,Mumbai,"American, Burger, Fast Food",500,Indian Rupees(Rs.),No,No,4.6,413
18216876,The English Department Bar & Diner,1,Mumbai,"Italian, Continental, Mexican, Japanese, American, British",1500,Indian Rupees(Rs.),Yes,No,3.9,885
17806994,Mirchi And Mime,1,Mumbai,"North Indian, South Indian, Mughlai",1500,Indian Rupees(Rs.),No,No,4.9,3244
18435740,38 Degree East,1,Mumbai,"North Indian, Chinese, Thai",1000,Indian Rupees(Rs.),Yes,No,3.8,181
18318116,R' ADDA,1,Mumbai,"Street Food, Burger, Desserts, Italian, Pizza, North Indian, European, Finger Food",1200,Indian Rupees(Rs.),No,No,4.0,536
18270976,Tea Villa Cafe,1,Mumbai,"Cafe, Italian, Desserts, Fast Food, Chinese, Tea",1000,Indian Rupees(Rs.),Yes,Yes,4.1,1295
49486,Tea Villa Cafe,1,Mumbai,"Cafe, Italian, Desserts, Fast Food, Chinese, Tea",1000,Indian Rupees(Rs.),Yes,Yes,3.6,1515
3600252,Hotel RRR Mysore,1,Mysore,Andhra,290,Indian Rupees(Rs.),No,No,3.4,139
3600265,Jalpaan Dining Saga,1,Mysore,"North Indian, Chinese, Italian",900,Indian Rupees(Rs.),No,No,3.7,172
3600375,The Old House,1,Mysore,Italian,800,Indian Rupees(Rs.),No,No,3.9,264
3600015,Vinayaka Mylari,1,Mysore,South Indian,300,Indian Rupees(Rs.),No,No,4.2,392
3600012,Empire Restaurant,1,Mysore,"North Indian, Andhra, Mughlai",500,Indian Rupees(Rs.),No,No,3.7,393
3600013,Green Leaf,1,Mysore,"North Indian, Chinese, South Indian",400,Indian Rupees(Rs.),No,No,3.5,214
3600071,Pakva Lounge,1,Mysore,"Italian, North Indian, South Indian",650,Indian Rupees(Rs.),No,No,3.7,262
3600192,Spring - Radisson Blu Plaza,1,Mysore,"Continental, North Indian, South Indian",1700,Indian Rupees(Rs.),No,No,3.8,162
3600119,Big Chicken,1,Mysore,"North Indian, Chinese",500,Indian Rupees(Rs.),No,No,3.5,160
3600352,Barbeque Nation,1,Mysore,"North Indian, European, Mediterranean",1600,Indian Rupees(Rs.),No,No,4.0,286
3600009,Pizza Hut,1,Mysore,"Pizza, Italian",700,Indian Rupees(Rs.),No,No,4.0,304
3600361,Tandooriwala,1,Mysore,North Indian,700,Indian Rupees(Rs.),No,No,3.5,127
3600148,Jungle The Restaurant,1,Mysore,"North Indian, Continental, Chinese",1000,Indian Rupees(Rs.),No,No,3.7,132
3600436,The Barge Restaurant,1,Mysore,"Continental, Chinese, North Indian",1500,Indian Rupees(Rs.),No,No,3.3,11
3600008,By The Way,1,Mysore,"North Indian, Chinese, South Indian",650,Indian Rupees(Rs.),No,No,3.6,190
3600354,Cafe Cornucopia,1,Mysore,"Cafe, Continental, European, Beverages",700,Indian Rupees(Rs.),No,No,3.6,140
3600285,Mezzaluna,1,Mysore,"Continental, South Indian",650,Indian Rupees(Rs.),No,No,3.8,249
3600072,Nanking,1,Mysore,"Chinese, Thai",550,Indian Rupees(Rs.),No,No,3.7,208
3600022,Oyster Bay,1,Mysore,"North Indian, Asian, Continental",1000,Indian Rupees(Rs.),No,No,3.6,270
3600014,Purple Haze,1,Mysore,Finger Food,1200,Indian Rupees(Rs.),No,No,3.7,183
3301308,House of Caffeine,1,Nagpur,Fast Food,500,Indian Rupees(Rs.),No,No,3.3,27
3300780,Hide Out The Street Cafe,1,Nagpur,Cafe,250,Indian Rupees(Rs.),No,No,3.8,73
3301236,Tapri The Chai Books Cafe,1,Nagpur,"Continental, Fast Food, Tea",250,Indian Rupees(Rs.),No,No,3.9,26
3300369,Eat Street Express,1,Nagpur,"North Indian, Chinese",500,Indian Rupees(Rs.),No,Yes,4.0,103
3301013,Zaikart,1,Nagpur,"North Indian, Mughlai",550,Indian Rupees(Rs.),No,Yes,4.3,88
3300741,Cafe Zinea,1,Nagpur,"Cafe, Chinese, Fast Food, Italian",400,Indian Rupees(Rs.),No,Yes,3.7,201
3300138,Checker's,1,Nagpur,"Fast Food, Chinese",550,Indian Rupees(Rs.),No,Yes,4.0,185
3300949,The B.A.W.A,1,Nagpur,Cafe,600,Indian Rupees(Rs.),No,Yes,4.2,164
3300065,FSB,1,Nagpur,"Continental, North Indian, Thai, Chinese",1100,Indian Rupees(Rs.),No,No,4.3,270
3300416,NESCAF? Illusions,1,Nagpur,Cafe,350,Indian Rupees(Rs.),No,No,3.9,140
3301169,Nineties,1,Nagpur,"Cafe, Fast Food",250,Indian Rupees(Rs.),No,Yes,3.9,19
3300061,Mocha,1,Nagpur,"Cafe, Continental",750,Indian Rupees(Rs.),No,Yes,4.0,284
3300107,The Zuree Urban Kitchen,1,Nagpur,"North Indian, Italian, Continental",1200,Indian Rupees(Rs.),No,Yes,4.4,257
3300058,The Breakfast Story,1,Nagpur,Cafe,600,Indian Rupees(Rs.),No,No,4.5,520
3300057,Ten Downing Street Restaurant & Bar,1,Nagpur,"Chinese, Continental, North Indian",1000,Indian Rupees(Rs.),No,No,4.0,306
3300041,Ashoka Restaurant,1,Nagpur,"North Indian, Chinese, Continental",1300,Indian Rupees(Rs.),No,Yes,4.2,275
3300958,Barbeque Nation,1,Nagpur,"North Indian, European, Mediterranean",1600,Indian Rupees(Rs.),No,No,4.9,226
3300707,KFC,1,Nagpur,"American, Fast Food",550,Indian Rupees(Rs.),No,Yes,2.2,147
3300070,Moksh The Restro Lounge,1,Nagpur,"Seafood, Chinese, Thai",1000,Indian Rupees(Rs.),No,No,4.0,100
3301035,Mainland China,1,Nagpur,Chinese,1000,Indian Rupees(Rs.),No,No,3.8,45
1600227,Divtya Budhlya Wada Restaurant,1,Nashik,Maharashtrian,400,Indian Rupees(Rs.),No,No,3.8,76
1600280,Spice Route,1,Nashik,"North Indian, Maharashtrian",1000,Indian Rupees(Rs.),No,No,3.6,91
1600169,Veg Aroma,1,Nashik,North Indian,600,Indian Rupees(Rs.),No,No,3.6,125
1600109,Eastern Spice,1,Nashik,North Indian,800,Indian Rupees(Rs.),No,No,3.5,140
1600108,The Bake Studio,1,Nashik,"Cafe, Desserts",400,Indian Rupees(Rs.),No,No,3.6,86
1600258,Barbeque Nation,1,Nashik,"North Indian, European, Mediterranean, Asian",1500,Indian Rupees(Rs.),No,No,3.8,117
1600252,Chai Tapri,1,Nashik,Cafe,150,Indian Rupees(Rs.),No,No,3.4,86
1600007,Curry Leaves,1,Nashik,"North Indian, Chinese, Fast Food",600,Indian Rupees(Rs.),No,No,3.4,162
1600053,Enter The Dragon,1,Nashik,Chinese,700,Indian Rupees(Rs.),No,No,3.4,177
1600326,The Cafe Katta,1,Nashik,Cafe,600,Indian Rupees(Rs.),No,No,3.3,15
1600307,White X Sky Lounge,1,Nashik,North Indian,800,Indian Rupees(Rs.),No,No,3.4,24
1600219,12212,1,Nashik,Fast Food,400,Indian Rupees(Rs.),No,No,3.5,80
1600067,Al Arabian Express,1,Nashik,Mughlai,500,Indian Rupees(Rs.),No,No,3.7,162
1600039,RiverDine Restaurant & Bar,1,Nashik,"North Indian, Chinese",500,Indian Rupees(Rs.),No,No,3.5,166
1600029,Barbeque Ville,1,Nashik,North Indian,1100,Indian Rupees(Rs.),No,No,3.8,164
1600292,Little Italy,1,Nashik,Italian,800,Indian Rupees(Rs.),No,No,3.0,25
1600298,Soma at Sula,1,Nashik,North Indian,1000,Indian Rupees(Rs.),No,No,3.3,33
1600095,Hotel Radhakrishna,1,Nashik,"Malwani, North Indian, Chinese, Seafood",400,Indian Rupees(Rs.),No,No,3.5,77
1600205,Sadhana Restaurant,1,Nashik,Maharashtrian,100,Indian Rupees(Rs.),No,No,3.9,218
1600212,House Of Flavours,1,Nashik,"North Indian, Chinese, Continental",900,Indian Rupees(Rs.),No,No,3.4,71
18287358,Food Cloud,1,New Delhi,Cuisine Varies,500,Indian Rupees(Rs.),No,No,0.0,2
18216944,Burger.in,1,New Delhi,Fast Food,350,Indian Rupees(Rs.),No,Yes,3.2,46
313333,Days of the Raj,1,New Delhi,"North Indian, Seafood, Continental",1500,Indian Rupees(Rs.),Yes,Yes,3.4,45
18384127,Dilli Ka Dhaba,1,New Delhi,"South Indian, North Indian",500,Indian Rupees(Rs.),No,No,2.6,11
582,Govardhan,1,New Delhi,"South Indian, North Indian, Chinese",500,Indian Rupees(Rs.),No,Yes,3.4,238
18414465,Mezbaan Grills,1,New Delhi,Mughlai,400,Indian Rupees(Rs.),No,No,3.1,8
304243,Say Cheese,1,New Delhi,Fast Food,400,Indian Rupees(Rs.),No,Yes,2.7,64
3554,Southy,1,New Delhi,South Indian,450,Indian Rupees(Rs.),No,Yes,2.6,113
18369872,Monosoz,1,New Delhi,Pizza,300,Indian Rupees(Rs.),No,Yes,3.7,66
948,Waves,1,New Delhi,"North Indian, Chinese",1500,Indian Rupees(Rs.),Yes,Yes,3.5,141
2853,Delhi Darbar,1,New Delhi,"Chinese, North Indian",500,Indian Rupees(Rs.),No,No,2.2,77
18433900,Chateau,1,New Delhi,"Mediterranean, Italian",1600,Indian Rupees(Rs.),Yes,No,4.0,40
18425159,Nariyal Cafe,1,New Delhi,"Continental, Seafood, Goan, Andhra, Kerala, Thai",1200,Indian Rupees(Rs.),Yes,No,4.2,46
310958,Rustom's Parsi Bhonu,1,New Delhi,Parsi,1500,Indian Rupees(Rs.),Yes,Yes,4.2,665
18334443,BarShala,1,New Delhi,Finger Food,600,Indian Rupees(Rs.),No,No,3.2,31
18255141,Chawla's?,1,New Delhi,"North Indian, Mughlai",800,Indian Rupees(Rs.),Yes,Yes,3.4,32
197,Domino's Pizza,1,New Delhi,"Pizza, Fast Food",700,Indian Rupees(Rs.),No,No,2.8,83
308235,Sultanat,1,New Delhi,"North Indian, Chinese, Continental",1000,Indian Rupees(Rs.),Yes,Yes,3.7,288
18258757,Bella Italia,1,New Delhi,"Fast Food, Italian, Pizza",550,Indian Rupees(Rs.),No,No,3.2,33
307383,Clever Fox Cafe,1,New Delhi,"North Indian, Continental, Chinese",900,Indian Rupees(Rs.),Yes,No,3.2,26
18386746,365 Naturals,1,New Delhi,"Continental, North Indian, Fast Food, Street Food, South Indian",600,Indian Rupees(Rs.),No,No,0.0,2
18337885,Tpot,1,New Delhi,Cafe,800,Indian Rupees(Rs.),No,No,0.0,0
310491,4 on 44 Restaurant & Bar,1,New Delhi,"North Indian, Chinese",1000,Indian Rupees(Rs.),Yes,Yes,2.6,49
18337789,Rambhog,1,New Delhi,"Street Food, Mithai",200,Indian Rupees(Rs.),No,No,3.3,13
18222573,Selfie Lounge Restro & Bar,1,New Delhi,"North Indian, Chinese",1500,Indian Rupees(Rs.),Yes,Yes,3.2,64
3370,BTW,1,New Delhi,"Street Food, South Indian, Mithai",400,Indian Rupees(Rs.),No,No,3.4,167
307439,Chilli Pepper,1,New Delhi,"North Indian, Chinese",900,Indian Rupees(Rs.),Yes,Yes,3.3,99
1078,Pizza Hut,1,New Delhi,"Italian, Pizza, Fast Food",1000,Indian Rupees(Rs.),No,Yes,2.6,125
9340,Puri Bakers,1,New Delhi,"Bakery, Fast Food",300,Indian Rupees(Rs.),No,No,3.7,124
306761,Jaiveer Naan & Chaap,1,New Delhi,"North Indian, Fast Food",500,Indian Rupees(Rs.),No,Yes,2.2,79
7580,Aggarwal's Sweets Paradise,1,New Delhi,"Mithai, North Indian, South Indian, Street Food",400,Indian Rupees(Rs.),No,No,2.9,8
7584,Bikaner Sweets,1,New Delhi,"Mithai, Street Food",200,Indian Rupees(Rs.),No,No,3.3,20
7582,Cafe Coffee Day,1,New Delhi,Cafe,450,Indian Rupees(Rs.),No,No,3.2,23
18351495,Cakeophony By Sonali,1,New Delhi,Bakery,400,Indian Rupees(Rs.),No,No,3.4,19
7594,Chandra Sweets,1,New Delhi,"Mithai, North Indian, South Indian, Street Food",400,Indian Rupees(Rs.),No,No,3.0,7
7583,Chhotu Mashhoor Kathi Roll,1,New Delhi,Fast Food,150,Indian Rupees(Rs.),No,No,2.7,11
7610,Green Chick Chop,1,New Delhi,"Raw Meats, North Indian, Fast Food",350,Indian Rupees(Rs.),No,No,3.2,35
18412603,Lazeez Restaurant,1,New Delhi,"Chinese, North Indian, Italian, Mughlai",600,Indian Rupees(Rs.),No,Yes,3.0,11
7639,Madhuvan Chinese Fast Food,1,New Delhi,Chinese,300,Indian Rupees(Rs.),No,Yes,2.5,32
18441545,Mr Wong,1,New Delhi,"Chinese, Thai",800,Indian Rupees(Rs.),No,Yes,3.2,10
9971,Mughlai Shahi Rasoi,1,New Delhi,"North Indian, Mughlai",600,Indian Rupees(Rs.),No,No,3.2,23
18451572,Mumbai Central Street Food,1,New Delhi,"Street Food, Fast Food, Beverages",400,Indian Rupees(Rs.),No,No,3.1,7
7593,Neha's Treat,1,New Delhi,Chinese,450,Indian Rupees(Rs.),No,No,2.9,42
301440,New Bakers Shoppee,1,New Delhi,"Bakery, Fast Food",200,Indian Rupees(Rs.),No,No,3.2,21
7585,Pant  Ice Cream Parlour,1,New Delhi,"Desserts, Ice Cream",150,Indian Rupees(Rs.),No,No,3.3,16
306531,PM 2 AM Food Bank,1,New Delhi,North Indian,500,Indian Rupees(Rs.),No,Yes,2.5,37
18354658,Punjabi Chaap Corner,1,New Delhi,North Indian,250,Indian Rupees(Rs.),No,No,2.9,4
18337782,Sartaj Food Corner,1,New Delhi,"North Indian, South Indian, Chinese",500,Indian Rupees(Rs.),No,Yes,2.8,7
18258759,The Sugar Therapy,1,New Delhi,"Bakery, Desserts",450,Indian Rupees(Rs.),No,No,3.4,22
18057805,Biryani Binge,1,New Delhi,"North Indian, Biryani",600,Indian Rupees(Rs.),No,Yes,3.9,97
3428,City of Joy,1,New Delhi,Bengali,800,Indian Rupees(Rs.),No,No,3.9,452
18425771,Letz Roll,1,New Delhi,"Ice Cream, Desserts",250,Indian Rupees(Rs.),No,No,3.6,14
18304836,Nukkad,1,New Delhi,"Chinese, Mughlai, North Indian",650,Indian Rupees(Rs.),No,Yes,3.6,82
18311951,#InstaFreeze,1,New Delhi,Ice Cream,300,Indian Rupees(Rs.),No,No,0.0,2
18401128,Aahar Meat and Chicken Shop,1,New Delhi,"Raw Meats, Fast Food",400,Indian Rupees(Rs.),No,No,0.0,0
18354667,Food Cafe,1,New Delhi,"South Indian, North Indian, Chinese",350,Indian Rupees(Rs.),No,No,0.0,0
18431379,Lazeez Restaurant,1,New Delhi,"Chinese, North Indian, Mughlai, Pizza",500,Indian Rupees(Rs.),No,No,0.0,1
18311953,Lemon Chick,1,New Delhi,North Indian,500,Indian Rupees(Rs.),No,Yes,0.0,2
18361522,Punjabi Chaap Corner,1,New Delhi,"Fast Food, North Indian",400,Indian Rupees(Rs.),No,No,0.0,0
18425780,Purani Dilli Foods,1,New Delhi,Mughlai,600,Indian Rupees(Rs.),No,No,0.0,1
18489513,Tandoori Kebab,1,New Delhi,North Indian,400,Indian Rupees(Rs.),No,No,0.0,0
306795,Shree Rathnam,1,New Delhi,"South Indian, North Indian, Chinese",800,Indian Rupees(Rs.),No,Yes,2.4,31
7249,Alaturka,1,New Delhi,Turkish,600,Indian Rupees(Rs.),No,Yes,2.5,100
7246,Amici Gourmet Pizza,1,New Delhi,"Pizza, Italian",800,Indian Rupees(Rs.),No,Yes,3.1,230
310723,Burger King,1,New Delhi,"Burger, Fast Food",500,Indian Rupees(Rs.),No,Yes,3.2,458
7253,Kylin Express,1,New Delhi,"Asian, Chinese",700,Indian Rupees(Rs.),No,No,2.6,176
18180041,Big Fat Sandwich,1,New Delhi,American,800,Indian Rupees(Rs.),Yes,Yes,3.5,232
18434414,Fashion Tv Cafe,1,New Delhi,"Continental, Chinese, North Indian",2200,Indian Rupees(Rs.),Yes,No,3.6,27
4905,Kylin Skybar,1,New Delhi,"Chinese, Japanese, Thai, Malaysian, Vietnamese, Asian",2200,Indian Rupees(Rs.),Yes,No,3.6,210
18421232,Lemon Drops,1,New Delhi,"North Indian, South Indian",500,Indian Rupees(Rs.),No,No,3.9,44
7228,Punjabi By Nature Express,1,New Delhi,"North Indian, Street Food, Mughlai",600,Indian Rupees(Rs.),No,No,3.5,206
7068,Red Mango,1,New Delhi,"Cafe, Desserts",700,Indian Rupees(Rs.),No,Yes,3.7,185
302152,Starbucks,1,New Delhi,Cafe,700,Indian Rupees(Rs.),No,No,3.7,256
312300,Peninsular Kitchen,1,New Delhi,"Seafood, South Indian, Andhra, Hyderabadi, Goan",1500,Indian Rupees(Rs.),Yes,Yes,4.2,336
5565,Mithapur,1,New Delhi,"Chinese, Fast Food, North Indian, South Indian",450,Indian Rupees(Rs.),No,No,3.4,280
307113,Diggin,1,New Delhi,"Italian, Continental, Cafe",1400,Indian Rupees(Rs.),Yes,Yes,4.2,2131
6258,Aggarwal Sweet India,1,New Delhi,"Fast Food, North Indian, Chinese, Desserts",200,Indian Rupees(Rs.),No,No,2.8,13
6094,Banzara's,1,New Delhi,"Chinese, Fast Food",400,Indian Rupees(Rs.),No,No,3.1,38
304592,Bobby Tikki Wala,1,New Delhi,Street Food,150,Indian Rupees(Rs.),No,No,2.8,69
18421481,Chennai Junction,1,New Delhi,South Indian,500,Indian Rupees(Rs.),No,No,3.3,11
310874,Chicken Bite,1,New Delhi,Fast Food,200,Indian Rupees(Rs.),No,No,3.1,6
18313972,Chocolate Dreams,1,New Delhi,"Bakery, Desserts",400,Indian Rupees(Rs.),No,No,3.0,4
18128860,Dial n Dine,1,New Delhi,"North Indian, Chinese",650,Indian Rupees(Rs.),No,No,3.4,80
310877,Fresh n Refresh,1,New Delhi,Fast Food,500,Indian Rupees(Rs.),No,No,3.4,24
304687,Garden Hut,1,New Delhi,"Chinese, Fast Food",250,Indian Rupees(Rs.),No,No,3.1,13
312444,Giani,1,New Delhi,"Ice Cream, Desserts",400,Indian Rupees(Rs.),No,Yes,3.3,12
18337975,Jugnu Gaming Zone and Cafe,1,New Delhi,"Cafe, North Indian, Fast Food",600,Indian Rupees(Rs.),No,No,2.9,4
18124373,Keventer's South Indian & Chinese Food,1,New Delhi,"Chinese, South Indian",200,Indian Rupees(Rs.),No,No,2.8,9
305913,KTS,1,New Delhi,Fast Food,250,Indian Rupees(Rs.),No,No,3.3,18
310447,Mandarin,1,New Delhi,Chinese,600,Indian Rupees(Rs.),No,No,2.8,14
310858,Penguin Bakers & Shakers,1,New Delhi,Fast Food,400,Indian Rupees(Rs.),No,No,2.8,9
18332083,Rollmates,1,New Delhi,"Fast Food, North Indian, Chinese",200,Indian Rupees(Rs.),No,No,3.2,16
18361241,Tandoori Nights,1,New Delhi,"Mughlai, North Indian",650,Indian Rupees(Rs.),No,No,3.0,5
305630,Burger Dominion,1,New Delhi,Fast Food,500,Indian Rupees(Rs.),No,Yes,3.6,251
18034049,Cafe Gainz,1,New Delhi,Healthy Food,350,Indian Rupees(Rs.),No,Yes,3.5,42
6092,Chaskaa,1,New Delhi,"Chinese, North Indian, Italian",650,Indian Rupees(Rs.),No,Yes,3.5,220
18124361,Fabulous Cake Bites,1,New Delhi,"Bakery, Desserts, Fast Food, Pizza, Burger, Continental",400,Indian Rupees(Rs.),No,Yes,3.6,34
6088,Hangout - A House Of Kathis,1,New Delhi,Street Food,250,Indian Rupees(Rs.),No,No,3.7,103
18394366,Malais By Anands,1,New Delhi,"North Indian, Chinese, South Indian, Fast Food",300,Indian Rupees(Rs.),No,No,3.7,46
18354639,Panchwati Rasoi,1,New Delhi,"North Indian, Chinese",250,Indian Rupees(Rs.),No,No,3.8,62
311657,Sprinkles Cup & Cake,1,New Delhi,"Bakery, Desserts",300,Indian Rupees(Rs.),No,No,3.6,42
18350112,Target Ice Cream & Bakers,1,New Delhi,"Desserts, Bakery, Pizza, Burger, Continental",350,Indian Rupees(Rs.),No,Yes,3.6,58
18377924,The Sweeet Jar,1,New Delhi,"Cafe, Bakery",1000,Indian Rupees(Rs.),No,Yes,3.9,106
18428216,Amar Bakery,1,New Delhi,"Bakery, Desserts, Fast Food, Mithai",500,Indian Rupees(Rs.),No,No,0.0,0
18421050,Cafe Brewbug,1,New Delhi,"Fast Food, Beverages",350,Indian Rupees(Rs.),No,No,0.0,1
18377887,Chilll House Kafe,1,New Delhi,Cafe,500,Indian Rupees(Rs.),No,No,0.0,1
18421693,Cookie Shookie,1,New Delhi,Bakery,100,Indian Rupees(Rs.),No,No,0.0,0
18418263,Fabulous Cake,1,New Delhi,Bakery,300,Indian Rupees(Rs.),No,No,0.0,0
18421457,Jai Maa Shaarde Samose Wala,1,New Delhi,Street Food,100,Indian Rupees(Rs.),No,No,0.0,0
18421463,Madaan Confectionery,1,New Delhi,Bakery,150,Indian Rupees(Rs.),No,No,0.0,0
18268361,Magic Masala,1,New Delhi,"Chinese, South Indian, North Indian",500,Indian Rupees(Rs.),No,No,0.0,1
18445804,Sikka Chinese Fast Food,1,New Delhi,"Chinese, Fast Food",300,Indian Rupees(Rs.),No,No,0.0,0
18347812,Teedo's Cake Inn,1,New Delhi,"Cafe, Bakery",500,Indian Rupees(Rs.),No,No,0.0,0
18377920,Thalaiva Cafe,1,New Delhi,"South Indian, Chinese",400,Indian Rupees(Rs.),No,No,0.0,2
311544,The Cake Affairs,1,New Delhi,"Bakery, Desserts",500,Indian Rupees(Rs.),No,No,0.0,0
18377915,Tulsi Ram Chinese Hut,1,New Delhi,Chinese,200,Indian Rupees(Rs.),No,No,0.0,0
18421058,V. K. Pasta,1,New Delhi,"Italian, Fast Food",600,Indian Rupees(Rs.),No,No,0.0,0
18335692,Xpert Bakers,1,New Delhi,Bakery,250,Indian Rupees(Rs.),No,No,0.0,0
18429396,Juniper Bar - Andaz Delhi,1,New Delhi,"North Indian, European",1500,Indian Rupees(Rs.),Yes,No,3.0,4
179,McDonald's,1,New Delhi,"Fast Food, Burger",500,Indian Rupees(Rs.),No,Yes,3.4,48
307843,Pizza Hut Delivery,1,New Delhi,"Italian, Pizza, Fast Food",800,Indian Rupees(Rs.),No,Yes,3.2,51
18421042,The Arena,1,New Delhi,"Continental, Asian, North Indian",1600,Indian Rupees(Rs.),Yes,No,3.4,19
3295,Restaurant De Seoul,1,New Delhi,"Japanese, Korean",2500,Indian Rupees(Rs.),Yes,No,3.6,59
18414499,Taksim,1,New Delhi,Continental,1500,Indian Rupees(Rs.),Yes,No,3.9,188
18441775,Jom Jom Malay,1,New Delhi,"Malaysian, Indonesian",1800,Indian Rupees(Rs.),No,No,4.4,77
18427565,Kofuku,1,New Delhi,"Japanese, Asian",1500,Indian Rupees(Rs.),No,Yes,4.0,46
18395381,The Sky High,1,New Delhi,"Continental, North Indian, Mughlai, Italian",1400,Indian Rupees(Rs.),No,No,4.1,387
310281,Haldiram's,1,New Delhi,"North Indian, South Indian, Chinese, Mithai, Fast Food",500,Indian Rupees(Rs.),No,No,3.1,117
18207831,Jux Pux - The Dreamer's Cafe,1,New Delhi,"Beverages, Fast Food",350,Indian Rupees(Rs.),No,No,3.1,7
5452,Pizzaon,1,New Delhi,"Pizza, Fast Food",500,Indian Rupees(Rs.),No,No,3.0,10
18374418,FFC Restaurant,1,New Delhi,Fast Food,250,Indian Rupees(Rs.),No,No,0.0,1
18258778,"34, Chowringhee Lane",1,New Delhi,Fast Food,350,Indian Rupees(Rs.),No,Yes,2.8,7
6560,Aapni Dhani,1,New Delhi,"North Indian, Street Food",200,Indian Rupees(Rs.),No,No,2.8,23
3322,Bengal Sweet Corner,1,New Delhi,"North Indian, South Indian, Chinese, Fast Food, Mithai",500,Indian Rupees(Rs.),No,No,2.8,102
18249102,Chicken Vicken,1,New Delhi,"North Indian, Chinese",600,Indian Rupees(Rs.),No,No,3.4,19
18241609,Cup-a-licious,1,New Delhi,Bakery,200,Indian Rupees(Rs.),No,No,3.2,15
8743,Frontier,1,New Delhi,Bakery,200,Indian Rupees(Rs.),No,No,3.0,10
5294,Metro Fast Food,1,New Delhi,"Chinese, Fast Food",400,Indian Rupees(Rs.),No,No,2.7,17
4651,Nagpal's,1,New Delhi,Street Food,200,Indian Rupees(Rs.),No,Yes,3.4,135
5315,Nile Restro & Bar,1,New Delhi,"North Indian, Chinese",1000,Indian Rupees(Rs.),Yes,No,2.7,35
6577,Popular Chicken,1,New Delhi,"North Indian, Mughlai, Chinese",450,Indian Rupees(Rs.),No,No,3.0,5
309395,Sardar A Pure Meat Shop,1,New Delhi,"Raw Meats, Fast Food, North Indian",150,Indian Rupees(Rs.),No,No,3.4,22
300784,Shankar Fast Food,1,New Delhi,"Chinese, Fast Food",300,Indian Rupees(Rs.),No,No,3.2,74
18430692,Singh's Zaika ,1,New Delhi,"North Indian, Chinese, Mughlai",500,Indian Rupees(Rs.),No,No,3.0,4
309503,The Mirch Masala,1,New Delhi,"North Indian, Chinese",700,Indian Rupees(Rs.),No,No,3.0,7
3326,The Mirch Masala,1,New Delhi,North Indian,650,Indian Rupees(Rs.),No,No,3.2,22
309384,Uncle Cake Shop,1,New Delhi,"Bakery, Desserts, Fast Food",300,Indian Rupees(Rs.),No,No,3.1,9
3079,Kays Bar-Be-Que,1,New Delhi,"North Indian, Mughlai",700,Indian Rupees(Rs.),No,Yes,3.5,191
303093,Master Bakers,1,New Delhi,"Bakery, Desserts, Chinese, Fast Food",350,Indian Rupees(Rs.),No,Yes,3.7,199
309375,The Master's Fast Food Centre,1,New Delhi,"Fast Food, Chinese, Bakery",400,Indian Rupees(Rs.),No,No,3.5,60
18441672,6 Pack Momos,1,New Delhi,Chinese,300,Indian Rupees(Rs.),No,No,0.0,1
18446423,Al Noor Foods,1,New Delhi,"North Indian, Mughlai",500,Indian Rupees(Rs.),No,No,0.0,0
18462588,Avon Kitchen,1,New Delhi,"North Indian, Mughlai, Chinese",700,Indian Rupees(Rs.),No,No,0.0,0
18460330,Bhasad Cafe,1,New Delhi,"Fast Food, Chinese",500,Indian Rupees(Rs.),No,No,0.0,1
18361739,Bikaner Kesarvala,1,New Delhi,Mithai,100,Indian Rupees(Rs.),No,No,0.0,2
312338,De Bone Chicken,1,New Delhi,"Raw Meats, Fast Food",400,Indian Rupees(Rs.),No,No,0.0,0
18057828,Indian Fresh Meat Shop,1,New Delhi,"Raw Meats, Fast Food",300,Indian Rupees(Rs.),No,No,0.0,1
18361700,JD's Food Court,1,New Delhi,"North Indian, Chinese",550,Indian Rupees(Rs.),No,No,0.0,3
18383541,Keventers,1,New Delhi,Beverages,400,Indian Rupees(Rs.),No,No,0.0,3
18248970,Malhotra Bakery,1,New Delhi,"Bakery, Chinese",300,Indian Rupees(Rs.),No,No,0.0,1
18395538,Matthi Wala,1,New Delhi,"Mithai, Street Food",150,Indian Rupees(Rs.),No,No,0.0,0
18446396,Nirula's Ice Cream,1,New Delhi,"Ice Cream, Desserts",250,Indian Rupees(Rs.),No,No,0.0,0
313193,Punjabi Chaap Corner,1,New Delhi,"Fast Food, Chinese",400,Indian Rupees(Rs.),No,Yes,0.0,1
18457050,Puran Dhaba,1,New Delhi,North Indian,200,Indian Rupees(Rs.),No,No,0.0,0
18375413,Rama Desi Ghee Meat Wala,1,New Delhi,North Indian,650,Indian Rupees(Rs.),No,No,0.0,0
18458325,VadaPav 'n' Frankie,1,New Delhi,Fast Food,100,Indian Rupees(Rs.),No,No,0.0,0
5296,Chhabra Sweets,1,New Delhi,Mithai,100,Indian Rupees(Rs.),No,No,2.4,15
310802,Kanwarji's,1,New Delhi,"Street Food, Chinese, North Indian, Mithai",300,Indian Rupees(Rs.),No,Yes,2.9,29
310777,Pizza Hut,1,New Delhi,"Italian, Pizza, Fast Food",1000,Indian Rupees(Rs.),No,Yes,3.4,35
309,Sagar Ratna,1,New Delhi,"South Indian, North Indian, Chinese",600,Indian Rupees(Rs.),No,Yes,2.7,278
18390678,Smelling Salts,1,New Delhi,"North Indian, Chinese",1200,Indian Rupees(Rs.),Yes,No,3.3,53
3329,Wah Ji Wah,1,New Delhi,"North Indian, Chinese",350,Indian Rupees(Rs.),No,Yes,2.6,142
18216896,Wheelyz,1,New Delhi,"North Indian, Chinese, Fast Food",550,Indian Rupees(Rs.),No,Yes,2.5,41
307767,Bell Pepperz,1,New Delhi,"Chinese, Italian, North Indian",1300,Indian Rupees(Rs.),Yes,Yes,3.9,492
3332,Bharat Sweets,1,New Delhi,"Mithai, Street Food",250,Indian Rupees(Rs.),No,No,3.5,28
980,Invitation,1,New Delhi,"North Indian, Chinese",1300,Indian Rupees(Rs.),Yes,No,3.6,457
18232098,Mystique Melange,1,New Delhi,"North Indian, Mughlai, Chinese, Continental",1800,Indian Rupees(Rs.),Yes,No,3.9,173
6574,Pandit Ji Paranthe Wale,1,New Delhi,North Indian,200,Indian Rupees(Rs.),No,No,3.7,131
2379,Raju Chat Palace,1,New Delhi,Street Food,200,Indian Rupees(Rs.),No,No,3.9,123
309390,Seasonings - The Spice Mysteries,1,New Delhi,"North Indian, Mughlai, Chinese, Italian",1200,Indian Rupees(Rs.),Yes,Yes,3.9,274
300809,SGF - Spice Grill Flame,1,New Delhi,"North Indian, Chinese",500,Indian Rupees(Rs.),No,Yes,3.5,87
1192,Apni Rasoi,1,New Delhi,North Indian,300,Indian Rupees(Rs.),No,No,3.0,78
310803,Bablu Kabab Shop,1,New Delhi,"North Indian, Mughlai",500,Indian Rupees(Rs.),No,No,3.1,10
18250797,Cake o' Cuisine,1,New Delhi,Bakery,300,Indian Rupees(Rs.),No,No,3.3,26
198,Domino's Pizza,1,New Delhi,"Pizza, Fast Food",700,Indian Rupees(Rs.),No,No,3.2,101
18449782,Hunger Flames,1,New Delhi,"Pizza, Fast Food, Chinese",500,Indian Rupees(Rs.),No,No,3.4,17
18057820,Puran Chand Ambala Wale Di Hatti,1,New Delhi,"North Indian, Mughlai",600,Indian Rupees(Rs.),No,No,3.3,34
310215,The Cake Gallery,1,New Delhi,Bakery,500,Indian Rupees(Rs.),No,No,3.3,12
306841,Bablu Chic Inn,1,New Delhi,"Mughlai, North Indian",750,Indian Rupees(Rs.),No,No,3.6,34
18412952,Masala Basket,1,New Delhi,"North Indian, South Indian, Street Food",400,Indian Rupees(Rs.),No,Yes,3.6,46
18432191,Udta Punjab,1,New Delhi,"North Indian, Mughlai",600,Indian Rupees(Rs.),No,No,3.5,31
18375420,Munch Nation,1,New Delhi,"Fast Food, Italian, Chinese",350,Indian Rupees(Rs.),No,Yes,4.0,96
6286,Bengali Pastry Shop & Snack Bar,1,New Delhi,"North Indian, South Indian, Chinese",550,Indian Rupees(Rs.),No,No,3.2,70
1914,Bhimsain's Bengali Sweet House,1,New Delhi,"North Indian, South Indian, Chinese, Street Food, Mithai",400,Indian Rupees(Rs.),No,Yes,3.4,560
18163907,Cafe Coffee Day,1,New Delhi,Cafe,450,Indian Rupees(Rs.),No,No,2.9,4
18344490,Colonel's Kababz,1,New Delhi,"North Indian, Fast Food",600,Indian Rupees(Rs.),No,Yes,3.4,38
18412878,Faasos,1,New Delhi,"North Indian, Fast Food",600,Indian Rupees(Rs.),No,Yes,2.8,11
18294263,Karachi Bakery,1,New Delhi,"Bakery, Mithai",200,Indian Rupees(Rs.),No,No,3.0,4
588,Nathu's Sweets,1,New Delhi,"North Indian, South Indian, Street Food, Mithai",600,Indian Rupees(Rs.),No,Yes,3.3,421
7150,Sachdeva Confectioners,1,New Delhi,"North Indian, Chinese",550,Indian Rupees(Rs.),No,Yes,3.1,68
18264634,Bengali Sweet House,1,New Delhi,"North Indian, Street Food, Chinese, South Indian, Mithai",400,Indian Rupees(Rs.),No,No,3.6,85
301534,Bijoli Grill,1,New Delhi,"Bengali, North Indian, Chinese",800,Indian Rupees(Rs.),Yes,No,3.7,343
8340,Nathu's Pastry Shop,1,New Delhi,"Bakery, Desserts, Fast Food",300,Indian Rupees(Rs.),No,No,3.8,120
18400739,Balaji Dhaba,1,New Delhi,North Indian,200,Indian Rupees(Rs.),No,No,0.0,3
304954,Bhagat Ji,1,New Delhi,Fast Food,100,Indian Rupees(Rs.),No,No,0.0,2
18400737,Hangout Kathi Rolls,1,New Delhi,Fast Food,200,Indian Rupees(Rs.),No,No,0.0,2
18382583,Makers & Bakers,1,New Delhi,"Bakery, Desserts",350,Indian Rupees(Rs.),No,No,0.0,0
18249122,Habibi Express,1,New Delhi,"Lebanese, Arabian, Moroccan",750,Indian Rupees(Rs.),No,Yes,2.3,55
7354,Cafe Coffee Day,1,New Delhi,Cafe,450,Indian Rupees(Rs.),No,No,3.2,49
9267,China Town,1,New Delhi,"Chinese, Fast Food",400,Indian Rupees(Rs.),No,No,2.9,7
7352,Domino's Pizza,1,New Delhi,"Pizza, Fast Food",700,Indian Rupees(Rs.),No,No,3.3,90
304211,High Street Kitchen & Bar,1,New Delhi,North Indian,1200,Indian Rupees(Rs.),Yes,No,2.9,11
262,Pizza Hut,1,New Delhi,"Italian, Pizza, Fast Food",1000,Indian Rupees(Rs.),No,Yes,3.1,161
4621,Sugar & Spice - Le Marche,1,New Delhi,"Bakery, Fast Food",800,Indian Rupees(Rs.),No,No,3.0,67
2134,The Kathis,1,New Delhi,"Fast Food, North Indian",300,Indian Rupees(Rs.),No,Yes,2.8,23
303472,The Kylin Experience,1,New Delhi,"Japanese, Chinese, Malaysian, Thai, Vietnamese",1700,Indian Rupees(Rs.),No,Yes,3.3,60
758,Arabian Nites,1,New Delhi,Lebanese,450,Indian Rupees(Rs.),No,Yes,3.5,239
7217,Asia Kitchen,1,New Delhi,"Chinese, Thai, North Indian",1300,Indian Rupees(Rs.),Yes,Yes,3.7,137
307054,Dunkin' Donuts,1,New Delhi,"Burger, Desserts, Fast Food",600,Indian Rupees(Rs.),No,Yes,3.7,212
771,Krips Restaurant,1,New Delhi,"North Indian, Chinese",1000,Indian Rupees(Rs.),Yes,Yes,3.5,193
171,McDonald's,1,New Delhi,"Fast Food, Burger",500,Indian Rupees(Rs.),No,Yes,3.5,202
304675,Yo! China,1,New Delhi,Chinese,1300,Indian Rupees(Rs.),Yes,Yes,3.5,332
3269,RPM,1,New Delhi,Finger Food,1800,Indian Rupees(Rs.),Yes,No,2.4,92
3935,By The Way - Bellagio,1,New Delhi,"Italian, Continental",1000,Indian Rupees(Rs.),Yes,Yes,2.9,120
4166,Red - Bellagio,1,New Delhi,Chinese,1500,Indian Rupees(Rs.),Yes,Yes,3.4,137
3936,Soul Curry - Bellagio,1,New Delhi,"North Indian, Mughlai",1100,Indian Rupees(Rs.),Yes,Yes,3.6,158
5227,Alpha 63,1,New Delhi,"North Indian, Chinese, Continental",1500,Indian Rupees(Rs.),Yes,No,2.7,9
1862,Bite-N-Sip,1,New Delhi,"North Indian, Street Food",300,Indian Rupees(Rs.),No,Yes,2.6,38
819,Lotus Garden,1,New Delhi,"Chinese, Japanese, Thai",2000,Indian Rupees(Rs.),Yes,No,3.2,59
2236,Meethas Sweets,1,New Delhi,"Mithai, North Indian",200,Indian Rupees(Rs.),No,No,2.8,4
4150,Nirula's,1,New Delhi,"Fast Food, North Indian, Desserts, Ice Cream",1100,Indian Rupees(Rs.),No,Yes,2.5,98
6394,Punjabi Tadka,1,New Delhi,North Indian,250,Indian Rupees(Rs.),No,No,2.8,11
1867,Snack Bar,1,New Delhi,"North Indian, Mughlai",250,Indian Rupees(Rs.),No,No,3.0,11
2608,South Indian Food,1,New Delhi,South Indian,150,Indian Rupees(Rs.),No,No,3.1,14
8388,Domino's Pizza,1,New Delhi,"Pizza, Fast Food",700,Indian Rupees(Rs.),No,No,2.4,71
3465,Southy,1,New Delhi,South Indian,400,Indian Rupees(Rs.),No,Yes,2.4,33
301581,Coffee Shop - Centaur Hotel,1,New Delhi,Cafe,1500,Indian Rupees(Rs.),No,No,0.0,2
823,Al Kuresh,1,New Delhi,"Chinese, North Indian",850,Indian Rupees(Rs.),No,Yes,3.3,85
18421499,Angan Bakery & Cafe,1,New Delhi,"Bakery, Italian, Fast Food, Chinese, Continental",600,Indian Rupees(Rs.),No,No,2.9,10
846,Bamboo Chopstix,1,New Delhi,"Chinese, North Indian",700,Indian Rupees(Rs.),No,No,2.7,8
816,Bawarchis,1,New Delhi,"Chinese, North Indian",700,Indian Rupees(Rs.),No,No,2.9,16
4055,Bikanervala,1,New Delhi,"North Indian, South Indian, Fast Food, Street Food, Chinese, Beverages, Desserts, Mithai",450,Indian Rupees(Rs.),No,No,3.4,113
18312487,Cafe Coffee Day,1,New Delhi,Cafe,450,Indian Rupees(Rs.),No,No,3.0,4
1630,Chanakya Bar-Be-Que,1,New Delhi,"Chinese, North Indian",800,Indian Rupees(Rs.),Yes,No,3.2,17
308261,Chattisgarh Bhawan,1,New Delhi,"North Indian, South Indian",450,Indian Rupees(Rs.),No,No,2.7,33
2587,Chimney,1,New Delhi,Chinese,800,Indian Rupees(Rs.),Yes,No,2.9,66
849,China Town Sizzlers,1,New Delhi,Chinese,800,Indian Rupees(Rs.),No,No,3.4,34
848,Chinese Bite,1,New Delhi,"Chinese, North Indian, Seafood",700,Indian Rupees(Rs.),No,No,2.8,31
852,Chinese Garden,1,New Delhi,Chinese,900,Indian Rupees(Rs.),Yes,No,3.2,17
312194,Costa Coffee,1,New Delhi,Cafe,600,Indian Rupees(Rs.),No,No,3.0,4
7643,Food Point,1,New Delhi,Fast Food,200,Indian Rupees(Rs.),No,No,2.8,5
3238,Ikko,1,New Delhi,"North Indian, Mughlai",1650,Indian Rupees(Rs.),Yes,No,2.9,10
18396184,Jammu And Kashmir House,1,New Delhi,"Kashmiri, North Indian",500,Indian Rupees(Rs.),No,No,2.9,4
847,Laguna,1,New Delhi,"Chinese, North Indian",900,Indian Rupees(Rs.),No,No,3.4,60
7575,Momo Point,1,New Delhi,"Chinese, North Indian",700,Indian Rupees(Rs.),No,No,3.2,14
850,New Zaika,1,New Delhi,"Chinese, North Indian",700,Indian Rupees(Rs.),No,No,3.1,10
311856,Organic Express,1,New Delhi,"Cafe, Healthy Food, North Indian",700,Indian Rupees(Rs.),No,No,3.0,7
851,Tamil Nadu House Canteen,1,New Delhi,"South Indian, Chettinad, North Indian, Chinese",600,Indian Rupees(Rs.),No,No,3.4,161
18228885,The Chocolate Avenue,1,New Delhi,Bakery,300,Indian Rupees(Rs.),No,No,3.4,28
824,Chimney Sizzlers,1,New Delhi,Chinese,800,Indian Rupees(Rs.),Yes,Yes,3.7,137
301102,Gujarat Bhawan Restaurant,1,New Delhi,"Gujarati, South Indian, North Indian",400,Indian Rupees(Rs.),No,No,3.7,203
18238246,It?? Sinful,1,New Delhi,"Bakery, Desserts",450,Indian Rupees(Rs.),No,No,3.5,20
6003,Jakoi,1,New Delhi,"Assamese, Chinese",600,Indian Rupees(Rs.),No,No,3.5,218
18469659,Arunachal Bhawan,1,New Delhi,North Eastern,350,Indian Rupees(Rs.),No,No,0.0,0
18288994,Hotel New Tamil Nadu,1,New Delhi,"South Indian, North Indian, Chinese",300,Indian Rupees(Rs.),No,No,0.0,1
845,Milan Food,1,New Delhi,"Chinese, North Indian",650,Indian Rupees(Rs.),No,No,0.0,2
18466422,Playboy Club,1,New Delhi,Finger Food,3000,Indian Rupees(Rs.),No,No,0.0,3
815,Moti Mahal Delux,1,New Delhi,"North Indian, Mughlai",1600,Indian Rupees(Rs.),Yes,No,2.4,164
305296,The Treat,1,New Delhi,"North Indian, Mughlai, Chinese",500,Indian Rupees(Rs.),No,No,2.1,138
6079,Break Fast Point,1,New Delhi,North Indian,200,Indian Rupees(Rs.),No,No,3.3,21
6117,Breakfast Corner,1,New Delhi,North Indian,150,Indian Rupees(Rs.),No,No,3.1,6
18082202,Domino's Pizza,1,New Delhi,"Pizza, Fast Food",700,Indian Rupees(Rs.),No,No,3.0,10
308574,Frontier,1,New Delhi,Bakery,200,Indian Rupees(Rs.),No,No,3.2,10
6123,Prince Cafe,1,New Delhi,"South Indian, Chinese, Fast Food",300,Indian Rupees(Rs.),No,No,2.9,6
312157,Spicy Eleven,1,New Delhi,"North Indian, South Indian, Chinese",500,Indian Rupees(Rs.),No,No,3.1,15
302490,Vaishno Punjabi Dhaba,1,New Delhi,North Indian,400,Indian Rupees(Rs.),No,No,3.0,12
304697,Adarsh Bhojnalaya,1,New Delhi,North Indian,300,Indian Rupees(Rs.),No,No,3.4,29
307713,Al Haj Bakery,1,New Delhi,Bakery,150,Indian Rupees(Rs.),No,No,3.0,9
18384137,Anmol Chicken,1,New Delhi,Mughlai,300,Indian Rupees(Rs.),No,No,3.1,4
5459,Babu Ram Paranthe Wale,1,New Delhi,North Indian,150,Indian Rupees(Rs.),No,No,3.2,225
311703,Bhaijaan Kababs,1,New Delhi,Mughlai,100,Indian Rupees(Rs.),No,No,3.2,8
308006,Bhikharam's,1,New Delhi,"Mithai, Fast Food",300,Indian Rupees(Rs.),No,No,3.0,5
4053,Bikanervala,1,New Delhi,"North Indian, South Indian, Fast Food, Street Food, Chinese, Desserts, Mithai",550,Indian Rupees(Rs.),No,No,2.8,42
5468,Brijwasi Bhoj,1,New Delhi,North Indian,200,Indian Rupees(Rs.),No,No,3.1,16
5453,Brijwasi Restaurant,1,New Delhi,"North Indian, Fast Food, Chinese, South Indian",400,Indian Rupees(Rs.),No,No,3.2,39
681,Comesum,1,New Delhi,"North Indian, Street Food, Chinese, South Indian",350,Indian Rupees(Rs.),No,No,2.5,49
308008,Inderpuri Restaurant,1,New Delhi,North Indian,250,Indian Rupees(Rs.),No,No,3.0,20
18272386,Kamdhenu Family Corner,1,New Delhi,"North Indian, South Indian",300,Indian Rupees(Rs.),No,No,2.8,4
306380,Khalsa Hindu Hotel,1,New Delhi,North Indian,450,Indian Rupees(Rs.),No,No,2.9,5
312936,Mahalaxmi Mishthan Bhandar,1,New Delhi,"Mithai, Street Food",100,Indian Rupees(Rs.),No,No,3.3,16
6698,McDonald's,1,New Delhi,"Fast Food, Burger",500,Indian Rupees(Rs.),No,No,3.0,57
9961,McDonald's,1,New Delhi,"Fast Food, Burger",500,Indian Rupees(Rs.),No,No,3.0,42
312925,Natraj Cafe,1,New Delhi,"North Indian, Fast Food, South Indian",300,Indian Rupees(Rs.),No,No,3.4,21
18342132,Padam Chaat Corner,1,New Delhi,Street Food,100,Indian Rupees(Rs.),No,No,3.0,4
18323461,Pandit Ved Prakash Lemon Wale,1,New Delhi,"Beverages, Street Food",50,Indian Rupees(Rs.),No,No,3.2,11
5466,Pt. Babu Ram Devi Dayal Paranthe Wale,1,New Delhi,North Indian,150,Indian Rupees(Rs.),No,No,3.0,53
18232088,Rabri Bhandar,1,New Delhi,Mithai,150,Indian Rupees(Rs.),No,No,3.2,7
304743,Ram Parshad Makhan Lal,1,New Delhi,Mithai,100,Indian Rupees(Rs.),No,No,3.4,23
18128897,Rambhoj,1,New Delhi,"North Indian, South Indian",150,Indian Rupees(Rs.),No,No,2.9,4
18211151,Rehmatullah's Hotel,1,New Delhi,Mughlai,100,Indian Rupees(Rs.),No,No,3.0,5
5460,Sharma Bhojnalay,1,New Delhi,North Indian,100,Indian Rupees(Rs.),No,No,3.0,9
311492,Shree Balaji Chaat Bhandar,1,New Delhi,Street Food,100,Indian Rupees(Rs.),No,No,3.2,16
303643,Shri Duli Chand Naresh Gupta,1,New Delhi,Desserts,100,Indian Rupees(Rs.),No,No,3.4,18
9156,Shri Hari Sharnam,1,New Delhi,"North Indian, South Indian",400,Indian Rupees(Rs.),No,No,3.1,14
9160,Sindhi Chicken,1,New Delhi,North Indian,400,Indian Rupees(Rs.),No,No,2.9,7
18235302,Soni Bhojnalaya,1,New Delhi,North Indian,300,Indian Rupees(Rs.),No,No,3.0,4
9157,Super Restaurant,1,New Delhi,North Indian,250,Indian Rupees(Rs.),No,No,2.9,5
9159,Tiwari Ji Confectioner,1,New Delhi,Street Food,100,Indian Rupees(Rs.),No,No,3.1,5
6706,Wah Ji Wah,1,New Delhi,"North Indian, Chinese",450,Indian Rupees(Rs.),No,No,2.8,59
18082089,Zaika Mughlai Foods,1,New Delhi,"Mughlai, Biryani",550,Indian Rupees(Rs.),No,No,3.3,10
312693,Al Yousuf,1,New Delhi,Mughlai,200,Indian Rupees(Rs.),No,No,3.7,30
308209,Amritsari Lassi Wala,1,New Delhi,Beverages,100,Indian Rupees(Rs.),No,No,3.8,112
306017,Annapurna Bhandar,1,New Delhi,Mithai,100,Indian Rupees(Rs.),No,No,3.8,59
304737,Bishan Swaroop Chaat Bhandar,1,New Delhi,Street Food,150,Indian Rupees(Rs.),No,No,3.7,40
308318,Gole Hatti,1,New Delhi,North Indian,150,Indian Rupees(Rs.),No,No,3.8,116
552,Haldiram's,1,New Delhi,"North Indian, South Indian, Chinese, Street Food, Fast Food, Mithai, Desserts",600,Indian Rupees(Rs.),No,No,3.9,444
6704,Kanwarji's,1,New Delhi,"Street Food, Chinese, North Indian, Mithai",300,Indian Rupees(Rs.),No,No,3.9,163
309722,Kedarnath Prem Chand Halwai,1,New Delhi,"Mithai, Street Food",100,Indian Rupees(Rs.),No,No,3.7,19
18286206,Keventers,1,New Delhi,Beverages,400,Indian Rupees(Rs.),No,No,3.7,63
308894,Khan Omelette Corner,1,New Delhi,Fast Food,150,Indian Rupees(Rs.),No,No,3.6,43
7545,Natraj Dahi Bhalle Wala,1,New Delhi,Street Food,100,Indian Rupees(Rs.),No,No,3.9,1487
9165,Old Famous Jalebi Wala,1,New Delhi,"Mithai, Street Food",100,Indian Rupees(Rs.),No,No,3.9,752
5458,Pt. Gaya Prasad Shiv Charan Paranthe Wale,1,New Delhi,North Indian,150,Indian Rupees(Rs.),No,No,3.6,437
5467,Pt.Kanhaiyalal & Durga Prasad Dixit Paranthe Wale,1,New Delhi,North Indian,150,Indian Rupees(Rs.),No,No,3.6,297
9161,Shiv Misthan Bhandar,1,New Delhi,"Mithai, Street Food",100,Indian Rupees(Rs.),No,No,3.8,76
302869,Special Jalebi Wala,1,New Delhi,Mithai,100,Indian Rupees(Rs.),No,No,3.5,21
1889,Tewari Bros Confectioners,1,New Delhi,"Street Food, North Indian, South Indian, Mithai",200,Indian Rupees(Rs.),No,No,3.5,51
18466395,Annapurna Chaat & Sweets,1,New Delhi,Street Food,100,Indian Rupees(Rs.),No,No,0.0,1
18469682,Delhi-6 The Chicken Planet,1,New Delhi,"Biryani, Mughlai",300,Indian Rupees(Rs.),No,No,0.0,0
18466396,Dessi Food,1,New Delhi,Street Food,100,Indian Rupees(Rs.),No,No,0.0,0
18466402,Foody Dragon,1,New Delhi,Chinese,300,Indian Rupees(Rs.),No,No,0.0,0
302859,Grover Eating Point,1,New Delhi,North Indian,200,Indian Rupees(Rs.),No,No,0.0,1
308533,Hotel 121 Shakahari,1,New Delhi,North Indian,300,Indian Rupees(Rs.),No,No,0.0,2
18462596,Lala Chaap Corner,1,New Delhi,Fast Food,200,Indian Rupees(Rs.),No,No,0.0,0
18333489,Meghraj & Sons,1,New Delhi,"Street Food, Mithai",200,Indian Rupees(Rs.),No,No,0.0,3
18408052,Old Kheer Shop,1,New Delhi,Desserts,100,Indian Rupees(Rs.),No,No,0.0,3
302871,Punjabi Chicken,1,New Delhi,North Indian,400,Indian Rupees(Rs.),No,No,0.0,0
18425711,Ratan Singh,1,New Delhi,Mithai,50,Indian Rupees(Rs.),No,No,0.0,0
310678,Shri Bhujia Bhandar,1,New Delhi,"Street Food, Mithai",100,Indian Rupees(Rs.),No,No,0.0,2
300178,Chaina Ram Sindhi Confectioners,1,New Delhi,"Mithai, Street Food",200,Indian Rupees(Rs.),No,No,4.2,382
1155,Giani's di Hatti,1,New Delhi,"Ice Cream, Mithai, North Indian, Street Food",150,Indian Rupees(Rs.),No,No,4.3,521
9166,Jung Bahadur Kachori Wala,1,New Delhi,Street Food,50,Indian Rupees(Rs.),No,Yes,4.1,405
18264992,Lakhori - Haveli Dharampura,1,New Delhi,"Mughlai, Street Food",3000,Indian Rupees(Rs.),No,No,4.4,305
18282012,Milk n More,1,New Delhi,"Desserts, Street Food",100,Indian Rupees(Rs.),No,No,3.1,6
303642,Kuremal Mohan Lal Kulfi Wale,1,New Delhi,Ice Cream,200,Indian Rupees(Rs.),No,No,4.5,545
18281967,Hira Chaat Corner,1,New Delhi,Street Food,100,Indian Rupees(Rs.),No,No,3.6,18
18082228,Kuremal Mahavir Prasad Kulfi Wale,1,New Delhi,Ice Cream,300,Indian Rupees(Rs.),No,No,3.9,36
301287,Shakahari Restaurant,1,New Delhi,North Indian,300,Indian Rupees(Rs.),No,No,3.6,185
308192,Shri Gujrat Namkeen Bhandar,1,New Delhi,"Street Food, Mithai",100,Indian Rupees(Rs.),No,No,3.6,27
306015,Standard Sweets,1,New Delhi,"Mithai, North Indian",200,Indian Rupees(Rs.),No,No,3.6,31
311002,Sudarshan,1,New Delhi,"Street Food, Beverages",150,Indian Rupees(Rs.),No,No,3.7,54
313511,Ustad Moinuddin Kebab,1,New Delhi,Fast Food,100,Indian Rupees(Rs.),No,No,3.7,21
311022,Ashok Chaat Corner,1,New Delhi,Street Food,100,Indian Rupees(Rs.),No,No,4.1,118
303644,Jain Coffee House,1,New Delhi,"Fast Food, Beverages",150,Indian Rupees(Rs.),No,No,4.1,169
307218,Shyam Sweets,1,New Delhi,"Mithai, Street Food",150,Indian Rupees(Rs.),No,No,4.1,200
304018,Spicy Food Court,1,New Delhi,"North Indian, Mughlai, Chinese",500,Indian Rupees(Rs.),No,Yes,2.7,23
18239781,Aristocrat Sweet Shop,1,New Delhi,"Mithai, Bakery",300,Indian Rupees(Rs.),No,No,3.1,7
18364354,Balluchi's - The Royal Cuisine,1,New Delhi,"North Indian, Mughlai, Chinese",800,Indian Rupees(Rs.),Yes,No,3.0,4
18175256,Bunty Dhaba,1,New Delhi,"North Indian, Chinese",500,Indian Rupees(Rs.),No,No,3.2,26
7623,Gopal's Restaurant & Caterer's,1,New Delhi,"North Indian, Fast Food",300,Indian Rupees(Rs.),No,No,2.7,22
17953899,Horn Please,1,New Delhi,"North Indian, Mughlai, Chinese",1000,Indian Rupees(Rs.),Yes,Yes,3.0,70
309756,Khatey Raho,1,New Delhi,"North Indian, Mughlai, Fast Food, South Indian",250,Indian Rupees(Rs.),No,No,3.3,26
2595,Kolkata Biryani House,1,New Delhi,"North Indian, Mughlai, Biryani",500,Indian Rupees(Rs.),No,Yes,3.4,404
7620,Kolkata Hot Kathi Roll,1,New Delhi,Fast Food,150,Indian Rupees(Rs.),No,No,3.2,35
309161,Madly Bangalee,1,New Delhi,"Mughlai, North Indian, Bengali, Continental",400,Indian Rupees(Rs.),No,No,2.7,135
18249081,Oh! China,1,New Delhi,"Chinese, Thai",600,Indian Rupees(Rs.),No,Yes,2.9,16
3632,Punjabi Zaika,1,New Delhi,"Chinese, Mughlai, North Indian",500,Indian Rupees(Rs.),No,Yes,2.9,39
7602,Rabi Snacks Corner,1,New Delhi,Fast Food,300,Indian Rupees(Rs.),No,No,3.4,18
1712,Republic of Chicken,1,New Delhi,"Raw Meats, Fast Food",400,Indian Rupees(Rs.),No,No,2.7,29
300984,Roll n Roast,1,New Delhi,"North Indian, Chinese",250,Indian Rupees(Rs.),No,No,3.3,27
18429374,Roller's High,1,New Delhi,"North Indian, Mughlai",500,Indian Rupees(Rs.),No,No,3.2,13
18354627,Royal Chick 'N',1,New Delhi,"Mughlai, North Indian, Chinese",300,Indian Rupees(Rs.),No,Yes,3.3,18
301522,Royal Kolkata Biryani,1,New Delhi,"North Indian, Chinese, Biryani",500,Indian Rupees(Rs.),No,No,2.7,14
4973,Sameer's Restaurant,1,New Delhi,"North Indian, Mughlai, Chinese",600,Indian Rupees(Rs.),No,Yes,2.5,59
3504,Sanjha Chulha,1,New Delhi,"North Indian, Mughlai",550,Indian Rupees(Rs.),No,No,2.7,70
18459885,Shepherd's,1,New Delhi,Fast Food,250,Indian Rupees(Rs.),No,No,3.1,9
301405,Soya King,1,New Delhi,North Indian,350,Indian Rupees(Rs.),No,Yes,2.6,71
18457499,Tasty Tonight,1,New Delhi,"North Indian, Mughlai, Chinese",1000,Indian Rupees(Rs.),No,No,3.1,5
18445801,The Mustard,1,New Delhi,Bengali,500,Indian Rupees(Rs.),No,Yes,2.9,7
18355107,Tibb's Frankie,1,New Delhi,Fast Food,250,Indian Rupees(Rs.),No,No,3.2,16
18175328,Wazwaan Restaurant,1,New Delhi,"North Indian, Kashmiri",1200,Indian Rupees(Rs.),Yes,No,3.2,14
7613,Yummi Kolkataa,1,New Delhi,Mithai,150,Indian Rupees(Rs.),No,No,3.2,17
7599,Annapurna Sweet House,1,New Delhi,"Mithai, Street Food",150,Indian Rupees(Rs.),No,No,3.7,55
302936,Ashirbad,1,New Delhi,Fast Food,100,Indian Rupees(Rs.),No,No,3.6,46
4608,Chocolatiers - The Chocolate Boutique,1,New Delhi,Desserts,100,Indian Rupees(Rs.),No,Yes,3.8,112
7636,Dadu Cutlet Shop,1,New Delhi,Fast Food,100,Indian Rupees(Rs.),No,No,3.7,99
18373691,Dogs & Wiches,1,New Delhi,"Continental, American, Fast Food",600,Indian Rupees(Rs.),No,Yes,3.9,109
7634,Maa Tara,1,New Delhi,"Bengali, North Indian",500,Indian Rupees(Rs.),No,Yes,3.6,458
306028,My Spice Kitchen,1,New Delhi,"North Indian, Mughlai, Biryani, Bengali",650,Indian Rupees(Rs.),No,Yes,3.5,443
311637,The Singing Tree,1,New Delhi,Beverages,100,Indian Rupees(Rs.),No,No,3.7,33
18396171,Baba Chicken Ludhiana Wale,1,New Delhi,North Indian,400,Indian Rupees(Rs.),No,No,0.0,0
18282004,Bengal Snacks,1,New Delhi,Fast Food,300,Indian Rupees(Rs.),No,No,0.0,2
17989134,Brownies & More,1,New Delhi,"Bakery, Fast Food",100,Indian Rupees(Rs.),No,No,0.0,2
18371396,Cafe Coffee Day,1,New Delhi,Cafe,450,Indian Rupees(Rs.),No,No,0.0,1
18396942,Craving Cure,1,New Delhi,Chinese,300,Indian Rupees(Rs.),No,No,0.0,2
18311930,Cuisine,1,New Delhi,"North Indian, Mughlai, Chinese",1500,Indian Rupees(Rs.),Yes,No,0.0,1
18481320,Food Nation,1,New Delhi,"North Indian, Chinese",400,Indian Rupees(Rs.),No,No,0.0,0
7635,Kamala Fast Food & Chinese,1,New Delhi,"Fast Food, Chinese",300,Indian Rupees(Rs.),No,No,0.0,2
7601,Lokenath Sweets,1,New Delhi,Mithai,150,Indian Rupees(Rs.),No,No,0.0,2
18471314,Me and My Cake,1,New Delhi,"Bakery, Desserts",500,Indian Rupees(Rs.),No,No,0.0,0
309080,Chulha Punjabi Da,1,New Delhi,"North Indian, Chinese, Fast Food",600,Indian Rupees(Rs.),No,Yes,2.4,41
1358,Viva Hyderabad,1,New Delhi,"Biryani, North Indian",600,Indian Rupees(Rs.),No,Yes,2.3,38
5890,Metro Grill,1,New Delhi,"North Indian, Mughlai, Chinese",1200,Indian Rupees(Rs.),Yes,No,3.4,134
306513,Cafe Cruise,1,New Delhi,"Continental, North Indian, Chinese",1300,Indian Rupees(Rs.),Yes,Yes,2.8,153
3089,Etal The Lounge Bar,1,New Delhi,"North Indian, Italian, Fast Food",2000,Indian Rupees(Rs.),Yes,No,3.2,455
7061,"Game of Legends - Sports Bar, Grill, & Lounge",1,New Delhi,"North Indian, Chinese, Continental, Italian",1450,Indian Rupees(Rs.),Yes,No,3.5,609
18466981,Al-raaya,1,New Delhi,"Mughlai, North Indian",600,Indian Rupees(Rs.),No,Yes,3.1,6
311093,Authentique Bites,1,New Delhi,"Bakery, Desserts",300,Indian Rupees(Rs.),No,No,3.2,17
1055,Embassy,1,New Delhi,"Chinese, North Indian, Mughlai",1200,Indian Rupees(Rs.),Yes,Yes,3.0,126
18144470,Narang's Bake 'n' Cake,1,New Delhi,"Bakery, Desserts, Fast Food",400,Indian Rupees(Rs.),No,No,3.0,4
4089,New Darvesh,1,New Delhi,"Chinese, South Indian",150,Indian Rupees(Rs.),No,No,3.0,14
311030,1UP,1,New Delhi,"Cafe, Italian, Continental",1200,Indian Rupees(Rs.),Yes,No,3.5,282
9927,Gujarati Samaj Santushti,1,New Delhi,Gujarati,300,Indian Rupees(Rs.),No,No,3.6,95
18261146,Hind Bakery & Chinese Fast Food,1,New Delhi,Fast Food,150,Indian Rupees(Rs.),No,No,0.0,0
18424867,Hot Pot,1,New Delhi,Chinese,150,Indian Rupees(Rs.),No,No,0.0,0
18361206,Punjabi Flavour,1,New Delhi,North Indian,100,Indian Rupees(Rs.),No,No,0.0,0
18424863,Saras Fast Food Feast,1,New Delhi,"North Indian, South Indian",300,Indian Rupees(Rs.),No,No,0.0,0
18361208,Shama Chicken Corner,1,New Delhi,"Biryani, Mughlai",300,Indian Rupees(Rs.),No,No,0.0,0
18398580,The Night Owl,1,New Delhi,Chinese,450,Indian Rupees(Rs.),No,No,0.0,1
18424871,Wimpy Sweets And Confectioners,1,New Delhi,"Bakery, Mithai",150,Indian Rupees(Rs.),No,No,0.0,1
18245298,Boa Village,1,New Delhi,"Chinese, Japanese, Korean, Asian",1500,Indian Rupees(Rs.),Yes,No,4.0,225
2578,Anand Ji Restaurant,1,New Delhi,"Chinese, North Indian, Street Food",400,Indian Rupees(Rs.),No,No,3.1,28
709,Baskin Robbins,1,New Delhi,Ice Cream,300,Indian Rupees(Rs.),No,Yes,3.3,38
1530,Bhoj Restaurant,1,New Delhi,"North Indian, Mughlai",600,Indian Rupees(Rs.),No,No,2.8,54
1401,Brijwasi Restaurant,1,New Delhi,"North Indian, Chinese",400,Indian Rupees(Rs.),No,No,2.8,32
602,Cafe Coffee Day - The Lounge,1,New Delhi,Cafe,750,Indian Rupees(Rs.),No,No,3.2,42
18175255,Cafe Coffee Day,1,New Delhi,Cafe,450,Indian Rupees(Rs.),No,No,2.9,10
2245,Chaat Tadka,1,New Delhi,"North Indian, Street Food, Mithai",300,Indian Rupees(Rs.),No,No,2.8,27
2585,Chawla's Unique Chicken Corner,1,New Delhi,"North Indian, Mughlai",600,Indian Rupees(Rs.),No,Yes,3.2,35
908,Dawat Khana,1,New Delhi,"North Indian, Mughlai, Chinese",1600,Indian Rupees(Rs.),Yes,Yes,2.5,82
924,Eat n Joy,1,New Delhi,"North Indian, Mughlai",500,Indian Rupees(Rs.),No,No,3.2,24
7715,Khan Chicken Biryani,1,New Delhi,North Indian,500,Indian Rupees(Rs.),No,No,2.9,14
9476,Kolkata Roll,1,New Delhi,Fast Food,200,Indian Rupees(Rs.),No,No,2.8,16
7686,R. Ahmad Food,1,New Delhi,North Indian,450,Indian Rupees(Rs.),No,No,3.0,11
305621,Sab Ke Khatir,1,New Delhi,"North Indian, Mughlai",600,Indian Rupees(Rs.),No,No,3.1,14
1324,Bon Bon Pastry Shop,1,New Delhi,"Bakery, Desserts, Fast Food",150,Indian Rupees(Rs.),No,No,3.5,91
927,Moksha,1,New Delhi,North Indian,1400,Indian Rupees(Rs.),Yes,Yes,3.7,110
929,Pebble Street,1,New Delhi,"Italian, Tex-Mex, Continental, North Indian",2400,Indian Rupees(Rs.),Yes,Yes,3.9,886
18256780,Kebab Gallery,1,New Delhi,"North Indian, Lucknowi",400,Indian Rupees(Rs.),No,No,0.0,3
53,Amber,1,New Delhi,"North Indian, Chinese, Mughlai",1800,Indian Rupees(Rs.),Yes,Yes,2.6,152
307271,Attitude Kitchen & Bar,1,New Delhi,"North Indian, Continental, Italian",1300,Indian Rupees(Rs.),Yes,No,2.9,140
596,Cafe Coffee Day,1,New Delhi,Cafe,450,Indian Rupees(Rs.),No,Yes,3.4,277
1127,Castle 9,1,New Delhi,"Finger Food, Continental, North Indian, Chinese",1350,Indian Rupees(Rs.),Yes,No,3.1,1099
4237,Costa Coffee,1,New Delhi,Cafe,600,Indian Rupees(Rs.),No,No,3.4,76
6357,Delhi Darbar Dhaba,1,New Delhi,"North Indian, Chinese",400,Indian Rupees(Rs.),No,Yes,3.2,89
18124357,Garam Dharam,1,New Delhi,North Indian,1300,Indian Rupees(Rs.),No,Yes,3.4,1523
2913,Gola Sizzlers,1,New Delhi,"Chinese, North Indian, Mughlai, Continental",1600,Indian Rupees(Rs.),No,Yes,3.0,671
3506,Indian Coffee House,1,New Delhi,Fast Food,200,Indian Rupees(Rs.),No,No,3.3,1300
6957,My Bar Lounge & Restaurant,1,New Delhi,"North Indian, Chinese, Italian, Continental",1000,Indian Rupees(Rs.),No,No,2.7,2460
304154,My Bar Square,1,New Delhi,"North Indian, Chinese, Italian, Continental",1000,Indian Rupees(Rs.),No,No,2.5,1096
320,Sagar Ratna,1,New Delhi,"South Indian, North Indian, Chinese",600,Indian Rupees(Rs.),No,Yes,3.4,499
310097,The Immigrant Cafe,1,New Delhi,"North Indian, Italian, Continental",1100,Indian Rupees(Rs.),Yes,No,3.2,563
18418277,MOB Brewpub,1,New Delhi,"Continental, Italian, Asian, Indian",1500,Indian Rupees(Rs.),No,No,4.7,52
310143,Naturals Ice Cream,1,New Delhi,Ice Cream,150,Indian Rupees(Rs.),No,Yes,4.9,2620
18357940,Zabardast Indian Kitchen,1,New Delhi,North Indian,1800,Indian Rupees(Rs.),Yes,Yes,4.7,242
300595,Anand Restaurant,1,New Delhi,North Indian,550,Indian Rupees(Rs.),No,No,3.6,485
55,Berco's,1,New Delhi,"Chinese, Thai",1100,Indian Rupees(Rs.),Yes,Yes,3.9,2639
3168,Blues,1,New Delhi,"Continental, Mexican, American, Italian, North Indian",1100,Indian Rupees(Rs.),No,No,3.7,706
310448,Burger King,1,New Delhi,"Burger, Fast Food",500,Indian Rupees(Rs.),No,Yes,3.8,2093
18237356,Burger Singh,1,New Delhi,"Burger, Juices, Finger Food",500,Indian Rupees(Rs.),No,Yes,3.6,548
303034,Cafe Coffee Day The Square,1,New Delhi,Cafe,700,Indian Rupees(Rs.),No,No,3.6,361
18070476,Cafe Dalal Street,1,New Delhi,"North Indian, European",1500,Indian Rupees(Rs.),No,Yes,3.7,873
18208892,Cafe Hawkers,1,New Delhi,"Chinese, Continental, North Indian",1200,Indian Rupees(Rs.),Yes,No,3.7,673
18157403,Cafe Public Connection,1,New Delhi,"North Indian, Continental, Italian",1200,Indian Rupees(Rs.),Yes,No,3.7,834
18306523,Caf? MRP,1,New Delhi,"North Indian, Chinese, Italian, Mediterranean",800,Indian Rupees(Rs.),No,No,3.6,877
309664,Caffe Tonino,1,New Delhi,"Pizza, Italian, Cafe",1400,Indian Rupees(Rs.),No,Yes,3.9,1503
302878,Cha Bar,1,New Delhi,Cafe,500,Indian Rupees(Rs.),No,No,3.9,3206
18237315,Chaayos,1,New Delhi,"Cafe, Tea",400,Indian Rupees(Rs.),No,Yes,3.9,487
305453,Chew - Pan Asian Cafe,1,New Delhi,"Asian, Japanese, Chinese, Thai",1700,Indian Rupees(Rs.),Yes,Yes,3.9,2003
308804,China Garden,1,New Delhi,Chinese,1800,Indian Rupees(Rs.),Yes,No,3.9,496
311373,Desi Vibes,1,New Delhi,"North Indian, Mughlai",1400,Indian Rupees(Rs.),Yes,Yes,3.9,841
143,Domino's Pizza,1,New Delhi,"Pizza, Fast Food",700,Indian Rupees(Rs.),No,No,3.7,336
308772,Dunkin' Donuts,1,New Delhi,"Burger, Desserts, Fast Food",600,Indian Rupees(Rs.),No,Yes,3.8,271
7855,Dunkin' Donuts,1,New Delhi,"Burger, Desserts, Fast Food",600,Indian Rupees(Rs.),No,No,3.9,1607
66,Embassy,1,New Delhi,"North Indian, Continental, European",2000,Indian Rupees(Rs.),Yes,Yes,3.5,706
18235515,FLYP@MTV,1,New Delhi,"North Indian, Mexican, Italian, Continental",1200,Indian Rupees(Rs.),Yes,No,3.9,1379
18247029,GoGourmet,1,New Delhi,"Healthy Food, Beverages",600,Indian Rupees(Rs.),No,Yes,3.7,55
2298,Haldiram's,1,New Delhi,"Street Food, North Indian, South Indian, Chinese, Mithai",550,Indian Rupees(Rs.),No,No,3.9,1151
310490,Indian Grill Company,1,New Delhi,"North Indian, Continental",1300,Indian Rupees(Rs.),Yes,Yes,3.7,626
1896,Jain Chawal Wale,1,New Delhi,North Indian,250,Indian Rupees(Rs.),No,Yes,3.8,301
18157384,Jungle Jamboree,1,New Delhi,"North Indian, Continental, Chinese, Italian, Thai, Mughlai",1200,Indian Rupees(Rs.),Yes,No,3.8,1174
2903,Kake Da Hotel,1,New Delhi,North Indian,600,Indian Rupees(Rs.),No,No,3.5,2185
301653,Kebab Xpress,1,New Delhi,"North Indian, Mughlai",600,Indian Rupees(Rs.),No,Yes,3.5,321
2195,KFC,1,New Delhi,"American, Fast Food",500,Indian Rupees(Rs.),No,Yes,3.7,427
7367,Khan Chacha,1,New Delhi,"Mughlai, North Indian",650,Indian Rupees(Rs.),No,Yes,3.7,1189
309586,Kinbuck 2,1,New Delhi,"North Indian, Italian, Mexican, Chettinad, Chinese, Lebanese",1600,Indian Rupees(Rs.),No,No,3.9,1286
18398577,La Americana,1,New Delhi,"Fast Food, Burger",450,Indian Rupees(Rs.),No,Yes,3.7,41
18435302,Lady Baga,1,New Delhi,"Goan, Seafood",1200,Indian Rupees(Rs.),Yes,Yes,3.7,277
9747,Life Caffe,1,New Delhi,"Cafe, North Indian, Italian, Japanese, Fast Food",1500,Indian Rupees(Rs.),Yes,No,3.6,391
312603,Lord of the Drinks,1,New Delhi,"European, Chinese, North Indian, Italian",2200,Indian Rupees(Rs.),No,No,3.9,2589
177,McDonald's,1,New Delhi,"Fast Food, Burger",500,Indian Rupees(Rs.),No,No,3.8,388
9959,McDonald's,1,New Delhi,"Fast Food, Burger",500,Indian Rupees(Rs.),No,No,3.7,108
17953940,Moets Arabica,1,New Delhi,"Arabian, Mexican",400,Indian Rupees(Rs.),No,No,3.5,95
18441674,Mother India,1,New Delhi,"Bengali, South Indian, North Indian, Mughlai",1400,Indian Rupees(Rs.),Yes,No,3.9,66
307485,Mughlai Junction,1,New Delhi,"North Indian, Mughlai",650,Indian Rupees(Rs.),No,Yes,3.9,310
311057,My Bar Headquarters,1,New Delhi,"North Indian, Mughlai, Chinese",1000,Indian Rupees(Rs.),No,No,3.7,3010
309955,Nando's,1,New Delhi,"Portuguese, African",1200,Indian Rupees(Rs.),No,Yes,3.7,1891
870,Nizam's Kathi Kabab,1,New Delhi,"North Indian, Fast Food",900,Indian Rupees(Rs.),No,No,3.8,1761
18265711,Oh My God,1,New Delhi,"North Indian, Italian, Chinese, Mexican",1400,Indian Rupees(Rs.),Yes,No,3.8,367
312601,Open House Cafe,1,New Delhi,"North Indian, Chinese, Mughlai, Italian",1700,Indian Rupees(Rs.),No,No,3.8,1158
3393,Parikrama - The Revolving Restaurant,1,New Delhi,"North Indian, Chinese, Mughlai",2400,Indian Rupees(Rs.),No,No,3.8,2689
2504,Pind Balluchi,1,New Delhi,"North Indian, Mughlai",1000,Indian Rupees(Rs.),No,Yes,3.6,1434
249,Pizza Hut,1,New Delhi,"Italian, Pizza, Fast Food",1000,Indian Rupees(Rs.),No,Yes,3.5,541
18423119,Playboy Cafe,1,New Delhi,"North Indian, Chinese, Continental",1100,Indian Rupees(Rs.),Yes,No,3.7,140
18255131,Privee',1,New Delhi,"Chinese, Italian, Continental, North Indian",5000,Indian Rupees(Rs.),No,No,3.6,61
306497,Punjabi By Nature,1,New Delhi,"North Indian, Mughlai",1100,Indian Rupees(Rs.),Yes,Yes,3.7,1256
308244,Quote - The Eclectic Bar and Lounge,1,New Delhi,"Finger Food, European, North Indian",1700,Indian Rupees(Rs.),Yes,No,3.5,422
1286,Rajdhani Thali Restaurant,1,New Delhi,"Gujarati, Rajasthani",950,Indian Rupees(Rs.),No,Yes,3.6,1134
4815,Route 04,1,New Delhi,"Continental, American, Tex-Mex, North Indian",1350,Indian Rupees(Rs.),Yes,Yes,3.5,1863
310463,Sbarro,1,New Delhi,"Pizza, Italian",600,Indian Rupees(Rs.),No,Yes,3.5,1311
5738,Shake Square,1,New Delhi,"Beverages, Fast Food",400,Indian Rupees(Rs.),No,No,3.7,1333
302310,South Indian Snacks,1,New Delhi,South Indian,300,Indian Rupees(Rs.),No,No,3.6,50
5608,SSKY Bar & Lounge,1,New Delhi,"Mughlai, North Indian, Chinese",2800,Indian Rupees(Rs.),Yes,No,3.5,92
307535,Starbucks,1,New Delhi,Cafe,700,Indian Rupees(Rs.),No,No,3.8,552
302156,Subway,1,New Delhi,"American, Fast Food, Salad, Healthy Food",500,Indian Rupees(Rs.),No,Yes,3.5,276
18238278,Tamasha,1,New Delhi,"Finger Food, North Indian, Continental, Italian",1600,Indian Rupees(Rs.),Yes,No,3.7,1801
905,Taste of China,1,New Delhi,"Chinese, Thai",1200,Indian Rupees(Rs.),No,Yes,3.5,327
18281985,Teddy Boy,1,New Delhi,"North Indian, Continental, Finger Food",1200,Indian Rupees(Rs.),Yes,No,3.9,1020
307060,The Beer Cafe - BIGGIE,1,New Delhi,"Finger Food, North Indian, Italian",1250,Indian Rupees(Rs.),Yes,No,3.8,645
18425735,The Flying Saucer Cafe,1,New Delhi,"Italian, Mediterranean, Continental, North Indian",1500,Indian Rupees(Rs.),Yes,No,3.9,143
313256,The Junkyard Cafe,1,New Delhi,"North Indian, Mediterranean, Asian",1500,Indian Rupees(Rs.),Yes,No,3.9,1545
18337893,The Luggage Room Kitchen And Bar,1,New Delhi,"North Indian, Continental, Fast Food",1400,Indian Rupees(Rs.),Yes,No,3.5,63
307190,The Rolling Joint,1,New Delhi,Fast Food,450,Indian Rupees(Rs.),No,Yes,3.9,783
309790,The Vault Cafe,1,New Delhi,"North Indian, Mediterranean, Asian, Continental",1600,Indian Rupees(Rs.),Yes,No,3.9,3413
1800,Veda,1,New Delhi,"North Indian, Mughlai",1600,Indian Rupees(Rs.),Yes,Yes,3.9,1087
301605,Warehouse Cafe,1,New Delhi,"American, Continental, Italian, North Indian, Asian",1500,Indian Rupees(Rs.),No,No,3.7,4914
3394,Zaffran,1,New Delhi,"North Indian, Mughlai",1800,Indian Rupees(Rs.),No,No,3.9,908
930,Zen,1,New Delhi,"Chinese, Japanese, Italian, Seafood",1500,Indian Rupees(Rs.),Yes,Yes,3.5,1027
309073,Zizo,1,New Delhi,"Lebanese, Mediterranean, Middle Eastern, Arabian",1600,Indian Rupees(Rs.),Yes,Yes,3.9,1071
18414481,Kettle & Kegs,1,New Delhi,Tea,200,Indian Rupees(Rs.),No,Yes,0.0,0
18469940,Ovenstory Pizza,1,New Delhi,"Pizza, Fast Food",500,Indian Rupees(Rs.),No,Yes,0.0,0
18380361,Shree Hari Vaishnav Dhaba,1,New Delhi,North Indian,200,Indian Rupees(Rs.),No,No,0.0,2
18241537,38 Barracks,1,New Delhi,"North Indian, Italian, Asian, American",1600,Indian Rupees(Rs.),Yes,No,4.4,840
309478,Ambrosia Bliss,1,New Delhi,"North Indian, Chinese, Italian, Continental",1800,Indian Rupees(Rs.),Yes,No,4.0,2333
7713,Ardor 2.1,1,New Delhi,"North Indian, Chinese, Continental, Italian",2000,Indian Rupees(Rs.),Yes,Yes,4.1,1821
301489,Barbeque Nation,1,New Delhi,"North Indian, Chinese",1600,Indian Rupees(Rs.),No,No,4.1,3164
18219558,Bikkgane Biryani,1,New Delhi,"Biryani, North Indian, Hyderabadi",800,Indian Rupees(Rs.),No,Yes,4.1,740
18216915,Biryani Blues,1,New Delhi,"Biryani, Hyderabadi",1000,Indian Rupees(Rs.),No,Yes,4.0,510
306913,Caffe 9,1,New Delhi,"North Indian, Chinese, Italian, American, Middle Eastern",2000,Indian Rupees(Rs.),Yes,Yes,4.2,961
307036,Excuse Me Boss,1,New Delhi,"Continental, North Indian, Chinese, Mediterranean",1800,Indian Rupees(Rs.),Yes,No,4.1,799
67,Fa Yian,1,New Delhi,Chinese,1200,Indian Rupees(Rs.),Yes,No,4.0,412
18233593,Farzi Cafe,1,New Delhi,Modern Indian,2200,Indian Rupees(Rs.),No,No,4.4,1942
310123,Fuji Japanese Restaurant,1,New Delhi,Japanese,2000,Indian Rupees(Rs.),Yes,Yes,4.0,312
18198427,Healthy Routes,1,New Delhi,"Healthy Food, Continental, Italian",800,Indian Rupees(Rs.),Yes,Yes,4.0,361
18279449,HotMess,1,New Delhi,"North Indian, Mediterranean, Asian, Fast Food",1900,Indian Rupees(Rs.),Yes,Yes,4.3,1129
18237357,House of Commons,1,New Delhi,"Continental, Mediterranean, Italian, North Indian",1400,Indian Rupees(Rs.),Yes,No,4.0,510
18254558,Johnny Rockets,1,New Delhi,"Fast Food, American, Burger",1000,Indian Rupees(Rs.),Yes,No,4.0,608
18246991,Odeon Social,1,New Delhi,"Continental, American, Asian, North Indian",1600,Indian Rupees(Rs.),Yes,No,4.1,1959
309859,Pebble Street,1,New Delhi,"Italian, Mexican, Continental, North Indian, Finger Food",1800,Indian Rupees(Rs.),Yes,Yes,4.0,817
18294220,Piali - The Curry Bistro,1,New Delhi,"Asian, North Indian",1200,Indian Rupees(Rs.),Yes,Yes,4.1,400
900,Saravana Bhavan,1,New Delhi,South Indian,500,Indian Rupees(Rs.),No,Yes,4.3,5172
18294269,Smoke On Water,1,New Delhi,"Continental, Mexican, Burger, American, Pizza, Tex-Mex",1300,Indian Rupees(Rs.),Yes,No,4.1,467
301011,Starbucks,1,New Delhi,Cafe,700,Indian Rupees(Rs.),No,No,4.1,2417
18423151,The Darzi Bar & Kitchen,1,New Delhi,"North Indian, European",1500,Indian Rupees(Rs.),Yes,No,4.1,90
18454488,The G.T. Road,1,New Delhi,"North Indian, Afghani, Mughlai",1500,Indian Rupees(Rs.),Yes,No,4.3,104
308579,The Town House Cafe,1,New Delhi,"Continental, North Indian, Italian, Asian",2100,Indian Rupees(Rs.),Yes,No,4.0,2252
910,United Coffee House,1,New Delhi,"North Indian, European, Asian, Mediterranean",2200,Indian Rupees(Rs.),Yes,No,4.1,1838
18216901,Unplugged Courtyard,1,New Delhi,"North Indian, Continental",1600,Indian Rupees(Rs.),No,No,4.0,1758
301114,Wenger's Deli,1,New Delhi,"Bakery, Desserts, Fast Food",400,Indian Rupees(Rs.),No,No,4.3,1457
4249,Wenger's,1,New Delhi,"Bakery, Fast Food, Desserts",400,Indian Rupees(Rs.),No,No,4.3,3591
18222559,{Niche} - Cafe & Bar,1,New Delhi,"North Indian, Chinese, Italian, Continental",1500,Indian Rupees(Rs.),Yes,No,4.1,492
303204,Chicken Minar,1,New Delhi,"North Indian, Chinese",550,Indian Rupees(Rs.),No,Yes,2.6,77
8881,G Lounge,1,New Delhi,"North Indian, Chinese",1900,Indian Rupees(Rs.),Yes,No,3.2,113
310435,Gyms Kook,1,New Delhi,"Continental, Italian",1000,Indian Rupees(Rs.),No,Yes,3.3,140
309051,Burger Joint,1,New Delhi,"Fast Food, Burger",300,Indian Rupees(Rs.),No,Yes,3.5,164
1258,Eleven to Eleven,1,New Delhi,"North Indian, Chinese",800,Indian Rupees(Rs.),No,Yes,3.1,106
2308,Le Chef,1,New Delhi,"North Indian, Chinese, South Indian, Fast Food",800,Indian Rupees(Rs.),Yes,Yes,3.3,134
195,McDonald's,1,New Delhi,"Fast Food, Burger",500,Indian Rupees(Rs.),No,Yes,3.4,77
307940,The Buffet Wagon,1,New Delhi,North Indian,950,Indian Rupees(Rs.),Yes,Yes,3.3,102
2299,Haldiram's,1,New Delhi,"North Indian, South Indian, Chinese, Street Food, Fast Food, Mithai, Desserts",600,Indian Rupees(Rs.),No,No,3.5,217
5997,Connexions Bar - Crowne Plaza,1,New Delhi,Finger Food,2500,Indian Rupees(Rs.),Yes,No,3.5,59
6030,Deli - Crowne Plaza,1,New Delhi,"Bakery, Desserts, Fast Food",1000,Indian Rupees(Rs.),Yes,No,3.7,60
307362,Lobby Lounge - Crowne Plaza,1,New Delhi,Finger Food,2000,Indian Rupees(Rs.),Yes,No,3.2,12
307361,Infinity - Crowne Plaza,1,New Delhi,"Italian, North Indian, Continental",3000,Indian Rupees(Rs.),Yes,No,3.5,115
3105,Fiery Grills,1,New Delhi,"North Indian, Chinese, Continental",1000,Indian Rupees(Rs.),Yes,No,3.3,165
9960,McDonald's,1,New Delhi,"Fast Food, Burger",500,Indian Rupees(Rs.),No,Yes,3.4,41
18014114,Cafe Desire,1,New Delhi,"North Indian, Chinese, Finger Food",1000,Indian Rupees(Rs.),Yes,Yes,3.5,116
3894,Haldiram's,1,New Delhi,"North Indian, South Indian, Chinese, Street Food, Fast Food, Mithai, Desserts",550,Indian Rupees(Rs.),No,No,3.7,262
306479,Kake Di Hatti,1,New Delhi,North Indian,400,Indian Rupees(Rs.),No,No,3.5,364
3183,Akash Deep,1,New Delhi,"North Indian, South Indian, Chinese, Fast Food",600,Indian Rupees(Rs.),No,No,2.8,28
5451,Al Saad Foods,1,New Delhi,"North Indian, Fast Food",400,Indian Rupees(Rs.),No,No,3.2,12
5464,Cafe Coffee Day,1,New Delhi,Cafe,450,Indian Rupees(Rs.),No,No,2.8,22
3182,Chandrika,1,New Delhi,North Indian,400,Indian Rupees(Rs.),No,No,2.9,6
18057826,Dawat-E-Chaman,1,New Delhi,"North Indian, Mughlai",400,Indian Rupees(Rs.),No,No,3.4,45
18275791,Kallu Nihari,1,New Delhi,Mughlai,150,Indian Rupees(Rs.),No,No,3.0,6
18261700,King Bikaneri,1,New Delhi,"North Indian, Chinese, Fast Food, South Indian",400,Indian Rupees(Rs.),No,No,2.9,6
18228864,Manchanda Bakery,1,New Delhi,"Bakery, Fast Food",200,Indian Rupees(Rs.),No,No,3.1,8
310792,McDonald's,1,New Delhi,"Fast Food, Burger",500,Indian Rupees(Rs.),No,Yes,2.8,23
18222587,Mehta Restaurant,1,New Delhi,"Street Food, Mithai",150,Indian Rupees(Rs.),No,No,3.2,6
309530,Shree Jee Rasoi,1,New Delhi,"North Indian, Chinese",500,Indian Rupees(Rs.),No,Yes,3.0,33
5462,Taj Snacks,1,New Delhi,South Indian,200,Indian Rupees(Rs.),No,No,3.0,5
3181,Zaika,1,New Delhi,"North Indian, Chinese, Mughlai",600,Indian Rupees(Rs.),No,No,3.4,159
9912,Bagli's Kitchen,1,New Delhi,Parsi,500,Indian Rupees(Rs.),No,No,3.7,85
3180,Bhaja Govindam,1,New Delhi,"North Indian, South Indian",700,Indian Rupees(Rs.),Yes,No,3.8,189
4092,Changezi Chicken,1,New Delhi,"North Indian, Mughlai",500,Indian Rupees(Rs.),No,Yes,3.7,519
18261683,Dilli Gate,1,New Delhi,"North Indian, Chinese, Mughlai",500,Indian Rupees(Rs.),No,No,3.5,26
4715,Jahangeer Foods,1,New Delhi,"North Indian, Mughlai",600,Indian Rupees(Rs.),No,No,3.8,124
481,Moti Mahal,1,New Delhi,"North Indian, Chinese",1100,Indian Rupees(Rs.),Yes,No,3.6,711
302232,Nandlal Ka Dhaba,1,New Delhi,"North Indian, Mughlai",500,Indian Rupees(Rs.),No,No,3.6,109
1044,Sugandh,1,New Delhi,North Indian,400,Indian Rupees(Rs.),No,No,3.7,57
3185,Suvidha Vegetarian,1,New Delhi,North Indian,350,Indian Rupees(Rs.),No,No,3.6,88
18292467,Anupam Jalpan,1,New Delhi,North Indian,200,Indian Rupees(Rs.),No,No,0.0,0
18390082,Aunty's Kitchen,1,New Delhi,North Indian,100,Indian Rupees(Rs.),No,No,0.0,0
18466971,Cafe Coffee Day,1,New Delhi,Cafe,450,Indian Rupees(Rs.),No,No,0.0,0
18449652,Delhi 6 Foods,1,New Delhi,North Indian,300,Indian Rupees(Rs.),No,No,0.0,0
18288623,Fry Centre,1,New Delhi,North Indian,200,Indian Rupees(Rs.),No,No,0.0,0
18345506,Hilal Hotel Nihari,1,New Delhi,Mughlai,400,Indian Rupees(Rs.),No,No,0.0,0
18397709,Iqbal's Mughal Cuisine,1,New Delhi,"North Indian, Mughlai",500,Indian Rupees(Rs.),No,No,0.0,0
18294896,Kake Di Hatti Punjabi Khana,1,New Delhi,North Indian,200,Indian Rupees(Rs.),No,No,0.0,1
6678,Kaushal Dhaba,1,New Delhi,North Indian,150,Indian Rupees(Rs.),No,No,0.0,0
18351471,Khan Foods,1,New Delhi,Mughlai,400,Indian Rupees(Rs.),No,No,0.0,0
18206818,Kumar Sweet House,1,New Delhi,"Mithai, Street Food",150,Indian Rupees(Rs.),No,No,0.0,1
5463,Negi Restaurant,1,New Delhi,North Indian,150,Indian Rupees(Rs.),No,No,0.0,0
18345380,Old Delhi Food Factory,1,New Delhi,Mughlai,500,Indian Rupees(Rs.),No,No,0.0,3
5450,Parantha Point,1,New Delhi,North Indian,100,Indian Rupees(Rs.),No,No,0.0,1
18292465,R.P.W Pizza,1,New Delhi,Pizza,300,Indian Rupees(Rs.),No,No,0.0,3
18292472,Rajdhani Restaurant,1,New Delhi,North Indian,400,Indian Rupees(Rs.),No,No,0.0,0
18449638,Roll's World,1,New Delhi,Fast Food,200,Indian Rupees(Rs.),No,No,0.0,0
18449640,Shree Krishna Dhaba,1,New Delhi,"North Indian, South Indian",100,Indian Rupees(Rs.),No,No,0.0,0
18492527,Taj Chicken Point,1,New Delhi,"North Indian, Mughlai",400,Indian Rupees(Rs.),No,No,0.0,0
303637,Domino's Pizza,1,New Delhi,"Pizza, Fast Food",700,Indian Rupees(Rs.),No,No,2.3,32
304181,Delhi 6 - Royal Cuisine Of The Walled City,1,New Delhi,Mughlai,500,Indian Rupees(Rs.),No,No,4.1,271
308183,Food Hub,1,New Delhi,"Bakery, Fast Food",150,Indian Rupees(Rs.),No,No,3.0,4
313059,RR China Tawun,1,New Delhi,Chinese,250,Indian Rupees(Rs.),No,No,0.0,1
763,Aka Saka,1,New Delhi,"Chinese, Japanese",1200,Indian Rupees(Rs.),Yes,No,3.3,176
7557,Anil Mishtan Wala,1,New Delhi,"Mithai, Street Food",100,Indian Rupees(Rs.),No,No,3.1,10
525,Barista,1,New Delhi,Cafe,650,Indian Rupees(Rs.),No,Yes,3.3,73
7561,Cafe 1 Fast Food,1,New Delhi,"Fast Food, Street Food",200,Indian Rupees(Rs.),No,No,3.0,12
18387105,Cake Central - Premier Cake Design Studio,1,New Delhi,"Bakery, Desserts",300,Indian Rupees(Rs.),No,No,3.4,13
18451576,Chawla's Tandoori Junction,1,New Delhi,"North Indian, Chinese, Mughlai",600,Indian Rupees(Rs.),No,No,3.3,33
580,Chawnsan Chef,1,New Delhi,"Mughlai, North Indian, Chinese",700,Indian Rupees(Rs.),No,Yes,3.4,104
308703,Choco Kraft,1,New Delhi,"Bakery, Desserts",300,Indian Rupees(Rs.),No,Yes,3.2,12
60,Colonel's Kababz,1,New Delhi,"North Indian, Mughlai",900,Indian Rupees(Rs.),Yes,No,3.2,600
305123,Confectionately Seerat's,1,New Delhi,"Bakery, Desserts",600,Indian Rupees(Rs.),No,No,3.2,13
18265689,Country Curries,1,New Delhi,"North Indian, Bengali",700,Indian Rupees(Rs.),No,Yes,2.7,8
199,Domino's Pizza,1,New Delhi,"Pizza, Fast Food",700,Indian Rupees(Rs.),No,No,2.5,78
756,Duggal's Rasoi,1,New Delhi,"North Indian, Mughlai",600,Indian Rupees(Rs.),No,No,3.4,35
309801,Firefly India,1,New Delhi,"Bakery, Desserts",500,Indian Rupees(Rs.),No,No,3.4,16
18433907,Fluffles - The Fluffy Waffle Co.,1,New Delhi,Desserts,300,Indian Rupees(Rs.),No,Yes,2.5,7
311511,Giani's,1,New Delhi,"Ice Cream, Desserts",400,Indian Rupees(Rs.),No,Yes,2.8,26
308279,Giani,1,New Delhi,"Ice Cream, Desserts",400,Indian Rupees(Rs.),No,Yes,3.3,29
7621,Green Chick Chop,1,New Delhi,"Raw Meats, North Indian, Fast Food",350,Indian Rupees(Rs.),No,No,2.7,16
306779,Gulshan Fish & Chicken Fry,1,New Delhi,North Indian,450,Indian Rupees(Rs.),No,No,3.2,14
312980,Kitchen22,1,New Delhi,Fast Food,500,Indian Rupees(Rs.),No,No,3.1,9
18222580,La Chocoallure,1,New Delhi,Desserts,250,Indian Rupees(Rs.),No,No,2.9,7
2878,Little Dragon,1,New Delhi,"Fast Food, Chinese",300,Indian Rupees(Rs.),No,No,2.9,102
8902,Maddi Sweet Centre,1,New Delhi,"Mithai, Street Food",150,Indian Rupees(Rs.),No,No,3.2,22
18374707,Man Vs Food The Kitchen,1,New Delhi,"North Indian, Mughlai",600,Indian Rupees(Rs.),No,Yes,3.1,9
678,MB's,1,New Delhi,"Continental, Chinese, North Indian",1600,Indian Rupees(Rs.),Yes,No,3.1,128
3568,Moet's Sizzlers,1,New Delhi,Continental,1600,Indian Rupees(Rs.),No,No,3.0,496
18354969,Oberoi's,1,New Delhi,"North Indian, Mughlai",450,Indian Rupees(Rs.),No,No,3.2,8
313242,Punjabee's Darbar,1,New Delhi,"North Indian, Chinese",550,Indian Rupees(Rs.),No,Yes,3.3,19
309838,Qureshi's Kabab Corner,1,New Delhi,"North Indian, Mughlai",600,Indian Rupees(Rs.),No,No,3.4,35
437,Saleem's Restaurant,1,New Delhi,"North Indian, Mughlai, Chinese",600,Indian Rupees(Rs.),No,Yes,3.2,53
18303851,Suri Saab Restaurant,1,New Delhi,"North Indian, Chinese, Mughlai",600,Indian Rupees(Rs.),No,Yes,3.0,39
307500,The Sweet Boutique,1,New Delhi,Bakery,300,Indian Rupees(Rs.),No,No,3.3,25
736,Tibb's Frankie,1,New Delhi,Fast Food,300,Indian Rupees(Rs.),No,No,3.2,28
18294230,Veg Ex,1,New Delhi,North Indian,500,Indian Rupees(Rs.),No,Yes,3.4,44
7851,Zaaika Junction,1,New Delhi,"North Indian, Mughlai, Chinese",500,Indian Rupees(Rs.),No,Yes,2.6,56
2437,28 Capri Italy,1,New Delhi,Italian,1500,Indian Rupees(Rs.),Yes,Yes,3.9,245
573,4S Chinese Restaurant,1,New Delhi,"Chinese, Thai",700,Indian Rupees(Rs.),No,No,3.5,215
9706,Amici Cafe,1,New Delhi,"Cafe, Italian",1200,Indian Rupees(Rs.),Yes,Yes,3.6,386
1507,Angels in my Kitchen,1,New Delhi,"Bakery, Desserts, Fast Food",350,Indian Rupees(Rs.),No,Yes,3.8,460
302655,Arabian Delites,1,New Delhi,"Lebanese, Arabian",600,Indian Rupees(Rs.),No,Yes,3.6,146
705,Baskin Robbins,1,New Delhi,Ice Cream,300,Indian Rupees(Rs.),No,No,3.7,55
1395,Cafe Brown Sugar,1,New Delhi,"Cafe, Italian, Chinese",1000,Indian Rupees(Rs.),No,Yes,3.7,390
18418273,Chakhnaa Wala,1,New Delhi,"Mughlai, Fast Food",400,Indian Rupees(Rs.),No,Yes,3.5,15
2067,Cocoberry,1,New Delhi,Desserts,300,Indian Rupees(Rs.),No,Yes,3.6,130
3492,Concept,1,New Delhi,"North Indian, Mughlai, Chinese",600,Indian Rupees(Rs.),No,No,3.9,301
576,Deez Biryani & Kebabs,1,New Delhi,"Biryani, North Indian, Mughlai",800,Indian Rupees(Rs.),Yes,Yes,3.7,338
311211,Def Col Social,1,New Delhi,"Continental, American, Asian, North Indian",1600,Indian Rupees(Rs.),Yes,Yes,3.9,798
311661,D?ner Grill,1,New Delhi,"Fast Food, Turkish",900,Indian Rupees(Rs.),No,Yes,3.8,192
566,Hong Kong Express,1,New Delhi,"Chinese, Thai",700,Indian Rupees(Rs.),No,Yes,3.8,196
556,Kent's Fast Food,1,New Delhi,"Burger, Fast Food",500,Indian Rupees(Rs.),No,Yes,3.7,766
18322644,Koyla Kebab,1,New Delhi,"North Indian, Mughlai",700,Indian Rupees(Rs.),No,Yes,3.6,42
17953931,Meraki Cafe & Bar,1,New Delhi,"North Indian, Continental, Chinese, Italian",1400,Indian Rupees(Rs.),Yes,Yes,3.6,139
18396187,Milk Patisserie,1,New Delhi,"Bakery, Desserts",300,Indian Rupees(Rs.),No,Yes,3.8,24
730,Moets Curry Leaf,1,New Delhi,"North Indian, Mughlai, Kashmiri",1500,Indian Rupees(Rs.),Yes,Yes,3.5,208
18247032,Moets Oh! Bao,1,New Delhi,"Chinese, Japanese, Thai",1200,Indian Rupees(Rs.),Yes,Yes,3.6,99
570,Moets Shack,1,New Delhi,"Seafood, Continental, European",1800,Indian Rupees(Rs.),Yes,Yes,3.7,601
760,Moets Stone,1,New Delhi,Italian,2000,Indian Rupees(Rs.),Yes,Yes,3.8,354
134,Moti Mahal Delux,1,New Delhi,"North Indian, Mughlai, Chinese",1000,Indian Rupees(Rs.),Yes,Yes,3.8,130
3039,Nizam's Kathi Kabab,1,New Delhi,"North Indian, Fast Food",900,Indian Rupees(Rs.),No,Yes,3.8,303
310816,NYC.PIE,1,New Delhi,"Italian, Pizza",900,Indian Rupees(Rs.),Yes,Yes,3.8,306
304735,Raro,1,New Delhi,"Cafe, Bakery",800,Indian Rupees(Rs.),No,No,3.7,304
306,Sagar Ratna,1,New Delhi,"North Indian, Chinese",600,Indian Rupees(Rs.),No,Yes,3.7,308
312586,Subway,1,New Delhi,"American, Fast Food, Salad, Healthy Food",500,Indian Rupees(Rs.),No,Yes,3.6,84
451,Swagath,1,New Delhi,"North Indian, Chinese, South Indian, Seafood, Chettinad",1500,Indian Rupees(Rs.),Yes,No,3.9,749
18254518,The Jugaad Cafe Bar,1,New Delhi,"North Indian, Chinese, Continental",1800,Indian Rupees(Rs.),Yes,No,3.8,238
18419886,Chicken Biryani Centre,1,New Delhi,Biryani,200,Indian Rupees(Rs.),No,No,0.0,2
8987,Ekta Restaurant,1,New Delhi,North Indian,200,Indian Rupees(Rs.),No,No,0.0,2
18472678,Garam Masala,1,New Delhi,North Indian,300,Indian Rupees(Rs.),No,No,0.0,0
9879,Gulati Food Corner,1,New Delhi,Chinese,150,Indian Rupees(Rs.),No,No,0.0,2
18472675,Kolkatta Kathi Roll,1,New Delhi,"North Indian, Fast Food",150,Indian Rupees(Rs.),No,No,0.0,0
18355127,Muradabadi Shahi Biryani & Chicken Corner,1,New Delhi,Mughlai,400,Indian Rupees(Rs.),No,No,0.0,0
18357956,Rara Dragon,1,New Delhi,Chinese,500,Indian Rupees(Rs.),No,No,0.0,0
9569,Mehfil,1,New Delhi,"North Indian, Mughlai",600,Indian Rupees(Rs.),No,No,2.4,35
305269,Bonne Bouche,1,New Delhi,"Italian, French",1750,Indian Rupees(Rs.),Yes,Yes,4.1,711
18415346,Cafe Yell,1,New Delhi,"Cafe, Continental, Italian",1000,Indian Rupees(Rs.),Yes,No,4.4,50
4268,Defence Bakery,1,New Delhi,"Bakery, Fast Food",400,Indian Rupees(Rs.),No,Yes,4.1,561
18350143,Desi Vibes,1,New Delhi,"North Indian, Mughlai",1500,Indian Rupees(Rs.),Yes,Yes,4.0,183
18161723,Ek Bar,1,New Delhi,Modern Indian,1700,Indian Rupees(Rs.),Yes,Yes,4.1,242
18232097,Hwealthcafe,1,New Delhi,"Cafe, Healthy Food, Continental",800,Indian Rupees(Rs.),Yes,Yes,4.1,223
309882,Kathputli,1,New Delhi,Rajasthani,900,Indian Rupees(Rs.),Yes,Yes,4.1,769
303215,Kulfiano,1,New Delhi,Ice Cream,200,Indian Rupees(Rs.),No,Yes,4.0,169
18400744,Number 31,1,New Delhi,"Continental, Asian, Sushi",1600,Indian Rupees(Rs.),Yes,Yes,4.2,63
312567,RoadRomeo,1,New Delhi,"North Indian, Hyderabadi, Kashmiri, Chinese",1650,Indian Rupees(Rs.),Yes,Yes,4.0,460
305,Sagar Ratna,1,New Delhi,"South Indian, North Indian, Chinese",600,Indian Rupees(Rs.),No,Yes,4.0,782
18363787,The Culinary Pitaara,1,New Delhi,"North Indian, Chinese",900,Indian Rupees(Rs.),No,Yes,4.2,95
305646,Whipped,1,New Delhi,"Bakery, Desserts",550,Indian Rupees(Rs.),No,Yes,4.2,372
18419649,Milko's,1,New Delhi,"Street Food, Mithai",200,Indian Rupees(Rs.),No,No,0.0,2
18313109,Mom's Bake,1,New Delhi,"Bakery, Fast Food",200,Indian Rupees(Rs.),No,No,0.0,0
18478723,RV Restaurant,1,New Delhi,"North Indian, Chinese, South Indian",300,Indian Rupees(Rs.),No,No,0.0,0
18348614,Turning Point Fast Food,1,New Delhi,"South Indian, Chinese, Continental",600,Indian Rupees(Rs.),No,No,0.0,1
6953,A Vaishno Bhojnalaya,1,New Delhi,North Indian,100,Indian Rupees(Rs.),No,No,3.1,29
7691,Aim Delhi Cafe,1,New Delhi,Cafe,400,Indian Rupees(Rs.),No,No,3.4,69
3252,Apni Rasoi,1,New Delhi,"North Indian, Chinese",400,Indian Rupees(Rs.),No,Yes,2.8,109
18400732,Blue Bull Cafe,1,New Delhi,"Cafe, North Indian, Chinese",800,Indian Rupees(Rs.),No,No,2.8,15
18337757,Cafe Bethak,1,New Delhi,"Cafe, Continental, Chinese",600,Indian Rupees(Rs.),No,No,3.4,76
9014,Cafe Coffee Day,1,New Delhi,Cafe,450,Indian Rupees(Rs.),No,No,3.4,46
9453,Cafe Coffee Day,1,New Delhi,Cafe,450,Indian Rupees(Rs.),No,No,3.2,87
18273614,Chakhlo Food Court,1,New Delhi,"North Indian, South Indian, Chinese, Street Food, Fast Food",300,Indian Rupees(Rs.),No,No,2.6,45
6625,Domino's Pizza,1,New Delhi,"Pizza, Fast Food",700,Indian Rupees(Rs.),No,No,2.5,109
300869,Frontier,1,New Delhi,"Bakery, Desserts",200,Indian Rupees(Rs.),No,No,3.0,8
18256980,Good Foods,1,New Delhi,"North Indian, Fast Food, Chinese",300,Indian Rupees(Rs.),No,No,3.3,35
2279,Grain Bell Restaurant,1,New Delhi,"North Indian, Chinese",450,Indian Rupees(Rs.),No,Yes,2.8,81
307894,Green Chick Chop,1,New Delhi,"Raw Meats, North Indian, Fast Food",350,Indian Rupees(Rs.),No,Yes,3.1,72
6949,Grover's - The Baker Shop,1,New Delhi,"Bakery, Fast Food",100,Indian Rupees(Rs.),No,No,3.0,18
311962,Hookups Cafe & Lounge,1,New Delhi,"Chinese, Continental, North Indian",850,Indian Rupees(Rs.),Yes,No,3.3,113
9433,Jai Hind Dairy,1,New Delhi,Mithai,100,Indian Rupees(Rs.),No,No,2.8,5
4065,Kaveri,1,New Delhi,North Indian,300,Indian Rupees(Rs.),No,No,3.3,51
5767,Khushboo Vaishno Dhaba,1,New Delhi,North Indian,150,Indian Rupees(Rs.),No,No,2.9,5
7681,Korea Restaurant,1,New Delhi,Korean,900,Indian Rupees(Rs.),Yes,No,3.0,82
18395106,Kukkad Nukkad,1,New Delhi,North Indian,600,Indian Rupees(Rs.),No,Yes,3.0,12
5436,Metro Fast Food,1,New Delhi,"Chinese, Fast Food",350,Indian Rupees(Rs.),No,Yes,2.6,26
18370586,Mughlai Flavours,1,New Delhi,Mughlai,300,Indian Rupees(Rs.),No,Yes,3.2,17
306847,Pitstop,1,New Delhi,"North Indian, Mughlai, Chinese",600,Indian Rupees(Rs.),No,Yes,3.3,85
4857,Pizza Hut,1,New Delhi,"Italian, Pizza, Fast Food",1000,Indian Rupees(Rs.),No,Yes,3.4,143
4088,Prince Snacks & Momo's Point,1,New Delhi,Chinese,300,Indian Rupees(Rs.),No,No,3.4,39
9969,Qash Retro Bar,1,New Delhi,"Finger Food, North Indian, Italian",2000,Indian Rupees(Rs.),Yes,No,2.7,81
307106,Red Chillies,1,New Delhi,Fast Food,250,Indian Rupees(Rs.),No,No,3.3,69
5909,Samrat Bakers,1,New Delhi,"Bakery, Fast Food",200,Indian Rupees(Rs.),No,No,2.6,16
2287,Samrat Restaurant,1,New Delhi,"North Indian, Chinese, South Indian, Fast Food",700,Indian Rupees(Rs.),No,No,3.4,173
2288,Shammi Bhai Lassi Wala,1,New Delhi,"Chinese, Beverages",400,Indian Rupees(Rs.),No,No,3.2,45
312391,Shooters Lounge and Bar,1,New Delhi,"North Indian, Chinese",1100,Indian Rupees(Rs.),No,No,2.7,50
302370,Singh Ching,1,New Delhi,"North Indian, Chinese, Mughlai",600,Indian Rupees(Rs.),No,Yes,3.4,427
9779,Southy,1,New Delhi,South Indian,450,Indian Rupees(Rs.),No,Yes,2.6,138
307387,Take n Taste Shawarma Zone,1,New Delhi,Fast Food,100,Indian Rupees(Rs.),No,No,3.0,14
18350499,The Night Owl,1,New Delhi,Chinese,450,Indian Rupees(Rs.),No,Yes,2.8,51
2290,Tilak's The Diners,1,New Delhi,"North Indian, Chinese, Fast Food",700,Indian Rupees(Rs.),No,Yes,3.1,130
18161577,Spezia Bistro,1,New Delhi,"Cafe, Continental, Chinese, Italian",900,Indian Rupees(Rs.),Yes,Yes,4.6,1071
6647,Cent Percent The Pastry Shop,1,New Delhi,"Bakery, Fast Food",250,Indian Rupees(Rs.),No,Yes,3.6,258
313267,For God's Cake,1,New Delhi,Bakery,250,Indian Rupees(Rs.),No,Yes,3.9,533
5455,Laxmi Ice Cream,1,New Delhi,"Ice Cream, Desserts",150,Indian Rupees(Rs.),No,No,3.7,93
3401,Mirch Masala MM Cafe,1,New Delhi,"North Indian, Chinese, Cafe",550,Indian Rupees(Rs.),No,Yes,3.7,484
18456762,Moh Maya Cafe,1,New Delhi,"North Indian, Continental, Chinese, Italian, Lebanese",1000,Indian Rupees(Rs.),Yes,No,3.7,49
4825,QD's Restaurant,1,New Delhi,"Chinese, North Indian, Fast Food, Italian",800,Indian Rupees(Rs.),No,Yes,3.9,2724
311674,SuperHero Cafe,1,New Delhi,"Cafe, Chinese, Italian",550,Indian Rupees(Rs.),No,Yes,3.8,541
6646,Suresh Fast Food,1,New Delhi,"North Indian, Chinese",250,Indian Rupees(Rs.),No,No,3.7,91
304307,Wood Box Cafe,1,New Delhi,"Cafe, Fast Food, Italian, Chinese",650,Indian Rupees(Rs.),Yes,Yes,3.8,1970
18421487,Best Biryani,1,New Delhi,Mughlai,400,Indian Rupees(Rs.),No,No,0.0,0
18277324,Derawal Soda Fountain,1,New Delhi,Beverages,100,Indian Rupees(Rs.),No,No,0.0,1
18455950,Eat & Gulp,1,New Delhi,"Fast Food, Italian",300,Indian Rupees(Rs.),No,No,0.0,1
18463988,L.N Live Kitchen,1,New Delhi,"Chinese, Fast Food",300,Indian Rupees(Rs.),No,No,0.0,0
18463995,Papa Buns,1,New Delhi,Cafe,250,Indian Rupees(Rs.),No,No,0.0,1
18426904,Preet Fast Foods,1,New Delhi,Street Food,50,Indian Rupees(Rs.),No,No,0.0,0
18124356,Sikkim Chinese Food,1,New Delhi,Chinese,350,Indian Rupees(Rs.),No,No,0.0,2
18420653,Tawa King,1,New Delhi,North Indian,350,Indian Rupees(Rs.),No,No,0.0,0
18432553,The Pork Shop,1,New Delhi,Chinese,400,Indian Rupees(Rs.),No,Yes,0.0,3
18388132,TiffinToons,1,New Delhi,"North Indian, South Indian",200,Indian Rupees(Rs.),No,No,0.0,0
6608,Vaishno Rasoi,1,New Delhi,North Indian,350,Indian Rupees(Rs.),No,No,0.0,3
300883,Sagar Ratna,1,New Delhi,"South Indian, North Indian, Chinese",600,Indian Rupees(Rs.),No,Yes,2.4,147
3036,Slice of Italy,1,New Delhi,"Italian, Pizza, Bakery",700,Indian Rupees(Rs.),No,Yes,2.4,148
18342940,Bakar The Cafe,1,New Delhi,Cafe,400,Indian Rupees(Rs.),No,No,4.1,111
6144,Indus Flavour,1,New Delhi,"North Indian, Chinese, Cafe",700,Indian Rupees(Rs.),Yes,Yes,4.1,1384
18365861,Raw Creams,1,New Delhi,"Ice Cream, Desserts, Beverages",250,Indian Rupees(Rs.),No,Yes,4.3,156
304262,Ricos,1,New Delhi,"Cafe, Mexican, American, Italian, Lebanese, Continental",900,Indian Rupees(Rs.),No,No,4.3,4085
312345,The Hudson Cafe,1,New Delhi,"Cafe, Italian, Continental, Chinese",850,Indian Rupees(Rs.),No,Yes,4.4,1537
306407,YOLO 21,1,New Delhi,"Cafe, Italian, Continental",700,Indian Rupees(Rs.),Yes,No,4.2,1526
7777,Assam Food Stall,1,New Delhi,"Assamese, Chinese",400,Indian Rupees(Rs.),No,No,2.8,45
3167,Darbar E Awadh,1,New Delhi,"North Indian, Mughlai",750,Indian Rupees(Rs.),No,No,3.2,26
302555,Hotel Tamil Nadu,1,New Delhi,South Indian,350,Indian Rupees(Rs.),No,No,3.1,13
309841,Incrivel Goa,1,New Delhi,Goan,700,Indian Rupees(Rs.),No,Yes,2.5,29
3158,Lakshadweep,1,New Delhi,"North Indian, Chinese, South Indian",200,Indian Rupees(Rs.),No,No,2.8,11
7814,Odisha,1,New Delhi,Oriya,450,Indian Rupees(Rs.),No,No,3.1,52
7770,Rajasthan Food Stall No. 1,1,New Delhi,"Rajasthani, North Indian",400,Indian Rupees(Rs.),No,No,3.4,69
7789,Shillong View,1,New Delhi,Chinese,350,Indian Rupees(Rs.),No,No,3.0,36
302537,Wazwan,1,New Delhi,Kashmiri,700,Indian Rupees(Rs.),No,No,3.1,44
7790,Zayaka,1,New Delhi,"Chinese, North Indian, Fast Food",450,Indian Rupees(Rs.),No,No,2.8,8
18025092,Bihar ki Rasoi,1,New Delhi,Bihari,500,Indian Rupees(Rs.),No,No,3.5,28
7768,Bijoli Grill,1,New Delhi,"Bengali, North Indian, Chinese",800,Indian Rupees(Rs.),No,No,3.7,182
302264,Maharashtra Food Stall,1,New Delhi,Maharashtrian,350,Indian Rupees(Rs.),No,No,3.6,93
300975,Manipur Food Stall,1,New Delhi,"Chinese, Fast Food",450,Indian Rupees(Rs.),No,No,3.6,72
7772,Momo Mia,1,New Delhi,Chinese,400,Indian Rupees(Rs.),No,No,3.8,152
7834,Mother Dairy Ice Cream,1,New Delhi,"Desserts, Ice Cream, North Indian",250,Indian Rupees(Rs.),No,No,3.5,19
302542,Nagaland,1,New Delhi,"Chinese, Naga",800,Indian Rupees(Rs.),Yes,No,3.7,143
7774,Navdanya Organic Food Cafe,1,New Delhi,North Indian,450,Indian Rupees(Rs.),No,No,3.5,24
7769,Tashi Delek Food Stall,1,New Delhi,"Chinese, Tibetan",400,Indian Rupees(Rs.),No,No,3.5,30
7788,Punjabi Rasoi,1,New Delhi,North Indian,700,Indian Rupees(Rs.),No,No,2.3,30
309037,Aggarwal Bikaner Sweets,1,New Delhi,"Mithai, Street Food",350,Indian Rupees(Rs.),No,No,3.0,9
18454058,Angels Kitchen,1,New Delhi,"North Indian, Mughlai, Chinese",500,Indian Rupees(Rs.),No,No,3.2,10
312579,Bedi's Kabab Corner,1,New Delhi,"Mughlai, North Indian",500,Indian Rupees(Rs.),No,No,3.2,15
18398753,Bravo Diet Food and Nutrition,1,New Delhi,Healthy Food,300,Indian Rupees(Rs.),No,No,3.0,7
301313,Chacha Chicken,1,New Delhi,North Indian,600,Indian Rupees(Rs.),No,No,2.8,9
301305,Chao Cart,1,New Delhi,"Chinese, Fast Food",350,Indian Rupees(Rs.),No,No,3.3,32
18124346,Chimney,1,New Delhi,North Indian,400,Indian Rupees(Rs.),No,No,2.9,4
310664,Chutneez Ishtyle Bar and Dining,1,New Delhi,"North Indian, Chinese, Mughlai",1200,Indian Rupees(Rs.),Yes,Yes,3.3,56
6266,Deep Chicken Point,1,New Delhi,North Indian,600,Indian Rupees(Rs.),No,No,3.0,16
5060,Domino's Pizza,1,New Delhi,"Pizza, Fast Food",700,Indian Rupees(Rs.),No,No,3.3,87
312566,Govind Dhaba,1,New Delhi,North Indian,200,Indian Rupees(Rs.),No,No,3.4,39
18368621,Huddle Cafe,1,New Delhi,"Fast Food, Beverages",250,Indian Rupees(Rs.),No,No,3.4,23
310319,Kovilakam,1,New Delhi,"South Indian, North Indian",400,Indian Rupees(Rs.),No,No,3.2,11
302497,Mathur's Kitchen,1,New Delhi,North Indian,450,Indian Rupees(Rs.),No,Yes,2.6,15
302528,McDonald's,1,New Delhi,"Fast Food, Burger",500,Indian Rupees(Rs.),No,Yes,3.3,65
305209,New South Indian Hut,1,New Delhi,South Indian,300,Indian Rupees(Rs.),No,No,3.1,7
313046,Night Bite,1,New Delhi,"North Indian, Chinese, Continental",500,Indian Rupees(Rs.),No,No,2.6,14
313473,Pizza Station,1,New Delhi,"Pizza, Fast Food",300,Indian Rupees(Rs.),No,No,3.0,7
9817,Pummy Restaurant,1,New Delhi,"North Indian, South Indian",500,Indian Rupees(Rs.),No,No,2.7,14
18255138,Republic of Chicken,1,New Delhi,"Raw Meats, Fast Food",400,Indian Rupees(Rs.),No,No,3.0,4
309727,Salt N' Pepper,1,New Delhi,"North Indian, Chinese",500,Indian Rupees(Rs.),No,Yes,2.7,177
18204499,Shahi Zaikaa,1,New Delhi,"North Indian, Mughlai",800,Indian Rupees(Rs.),No,No,3.0,6
311187,Shubham,1,New Delhi,"Fast Food, North Indian, South Indian, Chinese",350,Indian Rupees(Rs.),No,No,2.7,39
301498,South Indian Corner,1,New Delhi,South Indian,200,Indian Rupees(Rs.),No,No,3.3,27
18378033,Sultan Food,1,New Delhi,Mughlai,300,Indian Rupees(Rs.),No,Yes,3.1,14
309043,Uncle Bakery,1,New Delhi,"Bakery, Fast Food",100,Indian Rupees(Rs.),No,No,3.1,15
308509,Urban Chopstick,1,New Delhi,Chinese,400,Indian Rupees(Rs.),No,Yes,2.6,50
6242,Urban Kabab,1,New Delhi,"North Indian, Chinese",600,Indian Rupees(Rs.),No,Yes,3.1,97
303994,Urban Punjab,1,New Delhi,"North Indian, Chinese",600,Indian Rupees(Rs.),No,No,3.2,103
9002,Haldiram's,1,New Delhi,"North Indian, South Indian, Chinese, Street Food, Fast Food, Mithai, Desserts",600,Indian Rupees(Rs.),No,No,3.5,88
307364,Pizza Hut Delivery,1,New Delhi,"Italian, Pizza, Fast Food",800,Indian Rupees(Rs.),No,Yes,3.6,107
18265385,Aggarwal Sweet Corner,1,New Delhi,"Mithai, Street Food",150,Indian Rupees(Rs.),No,No,0.0,0
18424632,Amritsari Naan Hut,1,New Delhi,North Indian,200,Indian Rupees(Rs.),No,No,0.0,1
301316,Annapurna Bhojnalaya,1,New Delhi,North Indian,200,Indian Rupees(Rs.),No,No,0.0,2
18378032,Asia,1,New Delhi,North Indian,500,Indian Rupees(Rs.),No,No,0.0,0
18128881,Bablu Chinese Food,1,New Delhi,Fast Food,200,Indian Rupees(Rs.),No,No,0.0,0
18378035,Bikaner Rasoi,1,New Delhi,North Indian,400,Indian Rupees(Rs.),No,No,0.0,1
18435806,Crazzy Bite,1,New Delhi,Chinese,400,Indian Rupees(Rs.),No,No,0.0,0
18471239,Da Pizza Farm,1,New Delhi,Italian,400,Indian Rupees(Rs.),No,No,0.0,1
18435819,Dada Ka,1,New Delhi,"Mughlai, Chinese",250,Indian Rupees(Rs.),No,No,0.0,0
18376475,Friends N Foods,1,New Delhi,Chinese,300,Indian Rupees(Rs.),No,No,0.0,0
18378043,Hot N Fresh Pizza,1,New Delhi,Pizza,400,Indian Rupees(Rs.),No,No,0.0,0
18424636,Kake Di Chap,1,New Delhi,Fast Food,400,Indian Rupees(Rs.),No,No,0.0,2
18424625,Kathi Junction,1,New Delhi,Fast Food,250,Indian Rupees(Rs.),No,No,0.0,0
18377889,KSG,1,New Delhi,Mughlai,300,Indian Rupees(Rs.),No,No,0.0,1
18435822,Mahavrer Chap Express,1,New Delhi,North Indian,300,Indian Rupees(Rs.),No,No,0.0,0
18429577,Mamma Drools,1,New Delhi,North Indian,200,Indian Rupees(Rs.),No,No,0.0,0
18424642,Pawan Foods,1,New Delhi,"Chinese, North Indian",500,Indian Rupees(Rs.),No,No,0.0,0
18378039,Pizza Hub,1,New Delhi,Pizza,350,Indian Rupees(Rs.),No,No,0.0,2
18378037,Prem Rasoi,1,New Delhi,North Indian,400,Indian Rupees(Rs.),No,No,0.0,0
311037,Sanjha Chulah Babe Da,1,New Delhi,North Indian,350,Indian Rupees(Rs.),No,No,0.0,2
18435816,Shakun Cook-Du-Ku,1,New Delhi,"Chinese, North Indian",300,Indian Rupees(Rs.),No,No,0.0,0
18128868,The Taste of Punjab,1,New Delhi,"Chinese, North Indian",350,Indian Rupees(Rs.),No,No,0.0,1
18350160,Vaishno Bhojanalaya,1,New Delhi,"North Indian, Chinese",250,Indian Rupees(Rs.),No,No,0.0,2
18378030,Wrap N Roll,1,New Delhi,Chinese,300,Indian Rupees(Rs.),No,No,0.0,1
18209806,Zaika-E-Chaap Express,1,New Delhi,North Indian,250,Indian Rupees(Rs.),No,No,0.0,0
18153563,Slice of Italy,1,New Delhi,"Italian, Pizza, Bakery",700,Indian Rupees(Rs.),No,Yes,2.3,57
357,Bemisaal,1,New Delhi,"North Indian, Chinese",800,Indian Rupees(Rs.),Yes,Yes,3.4,122
8453,Grillz,1,New Delhi,Fast Food,500,Indian Rupees(Rs.),No,Yes,2.5,85
306856,Tandoor Ka Zaika,1,New Delhi,"North Indian, Chinese, Fast Food",400,Indian Rupees(Rs.),No,No,2.6,55
18332009,The Barley House,1,New Delhi,"Mexican, North Indian, European, Chinese, Italian",1200,Indian Rupees(Rs.),Yes,Yes,3.4,35
6875,Muffins,1,New Delhi,"Bakery, Fast Food",300,Indian Rupees(Rs.),No,No,3.5,56
2530,Dilli Darbar,1,New Delhi,"North Indian, Chinese",1200,Indian Rupees(Rs.),Yes,No,2.3,118
5260,Cafe Coffee Day,1,New Delhi,Cafe,450,Indian Rupees(Rs.),No,No,3.0,29
3224,Domino's Pizza,1,New Delhi,"Pizza, Fast Food",700,Indian Rupees(Rs.),No,No,3.0,63
5293,Kings Kulfi,1,New Delhi,Ice Cream,150,Indian Rupees(Rs.),No,No,3.3,14
307578,McDonald's,1,New Delhi,"Fast Food, Burger",500,Indian Rupees(Rs.),No,No,3.6,62
18445798,Tibb's Frankie,1,New Delhi,Fast Food,350,Indian Rupees(Rs.),No,No,0.0,2
4919,Cafe E,1,New Delhi,"Cafe, Continental",1600,Indian Rupees(Rs.),No,No,3.5,83
4921,Cha-Shi,1,New Delhi,"Thai, Chinese, Asian, Malaysian",1500,Indian Rupees(Rs.),Yes,No,3.8,118
307321,Habibi,1,New Delhi,"Middle Eastern, Mediterranean, North Indian",1800,Indian Rupees(Rs.),Yes,Yes,3.1,134
2616,Tikka Town,1,New Delhi,North Indian,550,Indian Rupees(Rs.),No,No,2.8,138
302212,4700BC Popcorn,1,New Delhi,Fast Food,400,Indian Rupees(Rs.),No,Yes,3.8,152
3814,Al Zaitoon,1,New Delhi,"Lebanese, Mediterranean, Arabian",850,Indian Rupees(Rs.),No,Yes,3.5,246
8201,Dunkin' Donuts,1,New Delhi,"Burger, Desserts, Fast Food",600,Indian Rupees(Rs.),No,No,3.8,426
306571,Foodhall,1,New Delhi,"Bakery, Italian, Chinese, Mexican",700,Indian Rupees(Rs.),No,No,3.9,71
2300,Haldiram's,1,New Delhi,"Street Food, North Indian, South Indian, Chinese, Mithai",350,Indian Rupees(Rs.),No,No,3.7,229
3719,TGI Friday's,1,New Delhi,"American, Tex-Mex",2500,Indian Rupees(Rs.),Yes,Yes,3.7,984
9720,The Beer Cafe,1,New Delhi,"Finger Food, North Indian, Italian",1200,Indian Rupees(Rs.),No,No,3.5,295
3192,Big Chill,1,New Delhi,"Italian, Continental, European, Cafe",1500,Indian Rupees(Rs.),No,No,4.4,2777
305781,Cinnabon,1,New Delhi,"Desserts, Cafe",400,Indian Rupees(Rs.),No,Yes,4.1,397
18337927,RollsKing,1,New Delhi,Fast Food,400,Indian Rupees(Rs.),No,No,4.1,71
2615,Tikka Town,1,New Delhi,North Indian,550,Indian Rupees(Rs.),No,No,3.2,118
2893,Cafe Brown Sugar,1,New Delhi,Fast Food,750,Indian Rupees(Rs.),No,Yes,3.6,161
18237314,Chaayos,1,New Delhi,"Cafe, Tea",400,Indian Rupees(Rs.),No,No,3.9,91
2436,Cinnabon,1,New Delhi,"Desserts, Cafe",400,Indian Rupees(Rs.),No,Yes,3.9,360
306572,Foodhall,1,New Delhi,"Bakery, Italian, Chinese, Mexican",700,Indian Rupees(Rs.),No,No,3.7,69
2301,Haldiram's,1,New Delhi,"North Indian, South Indian, Chinese, Street Food, Fast Food, Mithai, Desserts",600,Indian Rupees(Rs.),No,No,3.7,134
312542,Keventers,1,New Delhi,Beverages,400,Indian Rupees(Rs.),No,No,3.8,154
310887,Krispy Kreme,1,New Delhi,"Desserts, Beverages",350,Indian Rupees(Rs.),No,Yes,3.9,98
7256,L'Opera,1,New Delhi,"Bakery, Desserts, Fast Food",400,Indian Rupees(Rs.),No,Yes,3.8,159
8593,Mad Over Donuts,1,New Delhi,Desserts,450,Indian Rupees(Rs.),No,Yes,3.7,169
311353,Starbucks,1,New Delhi,Cafe,700,Indian Rupees(Rs.),No,No,3.9,109
311423,The Beer Cafe,1,New Delhi,"Finger Food, North Indian, Italian",1250,Indian Rupees(Rs.),No,No,3.8,170
7247,Ooh Lala !,1,New Delhi,"American, Fast Food, Desserts",500,Indian Rupees(Rs.),No,No,4.0,154
8396,Domino's Pizza,1,New Delhi,"Pizza, Fast Food",700,Indian Rupees(Rs.),No,No,2.7,59
308544,Flaming Wok,1,New Delhi,"Chinese, Seafood",1500,Indian Rupees(Rs.),Yes,Yes,2.7,112
301237,Frontier,1,New Delhi,Bakery,200,Indian Rupees(Rs.),No,No,3.0,11
300408,Haldiram's,1,New Delhi,"North Indian, South Indian, Chinese, Street Food, Fast Food, Mithai, Desserts",300,Indian Rupees(Rs.),No,No,3.6,195
9657,McDonald's,1,New Delhi,"Fast Food, Burger",500,Indian Rupees(Rs.),No,Yes,3.5,100
18370535,Meatwale.com,1,New Delhi,"North Indian, Indian",300,Indian Rupees(Rs.),No,No,0.0,0
307167,Subway,1,New Delhi,"American, Fast Food, Salad, Healthy Food",500,Indian Rupees(Rs.),No,Yes,2.4,65
303264,Twenty Four Seven,1,New Delhi,"Fast Food, North Indian",300,Indian Rupees(Rs.),No,No,2.9,7
311712,Wah Ji Wah,1,New Delhi,North Indian,350,Indian Rupees(Rs.),No,No,2.9,8
9886,Aggarwal Sweets,1,New Delhi,Mithai,100,Indian Rupees(Rs.),No,No,2.7,10
9891,Al-Malik,1,New Delhi,"North Indian, Mughlai, Chinese",600,Indian Rupees(Rs.),No,No,3.2,21
9887,Bikaner Sweets,1,New Delhi,"Street Food, South Indian, Mithai",200,Indian Rupees(Rs.),No,No,2.8,13
7893,Cafe Coffee Day,1,New Delhi,Cafe,450,Indian Rupees(Rs.),No,No,2.7,24
18266888,Delhi Rasoi,1,New Delhi,"North Indian, Chinese, South Indian",500,Indian Rupees(Rs.),No,No,3.3,19
7884,Food Land,1,New Delhi,"North Indian, Chinese",300,Indian Rupees(Rs.),No,Yes,3.2,16
18377458,Froshier Fruits,1,New Delhi,Healthy Food,100,Indian Rupees(Rs.),No,No,3.0,7
7897,Govinda's Confectionery,1,New Delhi,Bakery,150,Indian Rupees(Rs.),No,No,3.1,12
18391937,Halka Fulka,1,New Delhi,Fast Food,400,Indian Rupees(Rs.),No,Yes,3.1,11
7888,Hasty Tasty,1,New Delhi,Chinese,300,Indian Rupees(Rs.),No,No,2.8,12
18037834,Ikreate,1,New Delhi,Bakery,400,Indian Rupees(Rs.),No,No,3.1,9
312605,Khan's Dilli-6 Biryani,1,New Delhi,"Biryani, Mughlai",500,Indian Rupees(Rs.),No,No,3.0,19
7876,Kolkata Hot Kathi Roll,1,New Delhi,North Indian,250,Indian Rupees(Rs.),No,No,2.7,21
18358157,Kowloon Express,1,New Delhi,"North Indian, Italian, Chinese, Fast Food",400,Indian Rupees(Rs.),No,Yes,3.4,17
18272344,LaDiDa,1,New Delhi,"Bakery, Desserts",500,Indian Rupees(Rs.),No,No,3.2,14
18458308,Litti.In,1,New Delhi,Bihari,300,Indian Rupees(Rs.),No,Yes,2.8,4
4302,Mughals Rasoi,1,New Delhi,"North Indian, Mughlai, Chinese",700,Indian Rupees(Rs.),No,Yes,3.2,38
7886,Naagar Foods,1,New Delhi,North Indian,200,Indian Rupees(Rs.),No,No,3.1,17
7873,Novelty Chicken Corner,1,New Delhi,"North Indian, Mughlai",650,Indian Rupees(Rs.),No,Yes,3.3,61
303625,Raju Vaishnav Dhaba,1,New Delhi,"North Indian, South Indian",350,Indian Rupees(Rs.),No,No,3.2,19
310794,Republic of Chicken,1,New Delhi,"Raw Meats, Fast Food",400,Indian Rupees(Rs.),No,No,2.9,4
920,Shiv Shakti Vaishno Bhojnalaya,1,New Delhi,North Indian,500,Indian Rupees(Rs.),No,No,3.1,22
18381237,Spice Tree,1,New Delhi,"North Indian, Mughlai, Chinese",400,Indian Rupees(Rs.),No,Yes,2.7,12
18371426,Vadapav Junction,1,New Delhi,Maharashtrian,350,Indian Rupees(Rs.),No,Yes,3.2,14
312173,Zaaika Junction,1,New Delhi,"Chinese, Mughlai, North Indian",500,Indian Rupees(Rs.),No,Yes,3.1,25
18361752,17 Degree Food Service,1,New Delhi,North Indian,260,Indian Rupees(Rs.),No,No,0.0,1
9883,Aggarwal Eating Point,1,New Delhi,"Street Food, Mithai",150,Indian Rupees(Rs.),No,No,0.0,2
18355117,Al- Laziz,1,New Delhi,Mughlai,500,Indian Rupees(Rs.),No,No,0.0,0
18355119,Al- Sheikh,1,New Delhi,"Afghani, Mughlai, Chinese",500,Indian Rupees(Rs.),No,No,0.0,2
18414496,Anupama Sweets & Restaurant,1,New Delhi,"North Indian, Mithai",400,Indian Rupees(Rs.),No,No,0.0,2
18380379,Aurangzeb,1,New Delhi,"Mughlai, Chinese",500,Indian Rupees(Rs.),No,No,0.0,1
18409218,Da Pizza Corner,1,New Delhi,"Fast Food, Pizza",600,Indian Rupees(Rs.),No,Yes,0.0,2
18432652,Delhi Food Adda,1,New Delhi,"Chinese, North Indian",400,Indian Rupees(Rs.),No,No,0.0,0
18388133,Delhi Lazeez,1,New Delhi,North Indian,500,Indian Rupees(Rs.),No,Yes,0.0,2
18423121,Delhi Pizza Corner,1,New Delhi,"Pizza, Fast Food",100,Indian Rupees(Rs.),No,No,0.0,2
305402,Dessert Carte,1,New Delhi,"Bakery, Desserts",500,Indian Rupees(Rs.),No,No,0.0,0
18415664,Firangi Mithai,1,New Delhi,Bakery,250,Indian Rupees(Rs.),No,No,0.0,0
18356776,Ghar Ka Khana,1,New Delhi,North Indian,100,Indian Rupees(Rs.),No,No,0.0,0
18427222,Heera Chicken Corner,1,New Delhi,Fast Food,300,Indian Rupees(Rs.),No,No,0.0,0
9884,Jagram Dhaba,1,New Delhi,North Indian,150,Indian Rupees(Rs.),No,No,0.0,2
18425767,Janaab,1,New Delhi,"Awadhi, Mughlai, North Indian",600,Indian Rupees(Rs.),No,No,0.0,1
3479,K.K. Fast Food Service,1,New Delhi,North Indian,200,Indian Rupees(Rs.),No,Yes,0.0,3
18414469,Kasur Khyon,1,New Delhi,"Mughlai, Chinese",500,Indian Rupees(Rs.),No,No,0.0,0
313419,Kitchen King,1,New Delhi,"North Indian, Mughlai, Chinese",450,Indian Rupees(Rs.),No,No,0.0,2
18358162,Laziz Chinese Fast Food,1,New Delhi,Chinese,300,Indian Rupees(Rs.),No,No,0.0,0
18355111,Munch Brunch Cafe,1,New Delhi,"Street Food, Chinese",400,Indian Rupees(Rs.),No,No,0.0,3
18355115,Piyu Fast Food,1,New Delhi,Chinese,300,Indian Rupees(Rs.),No,No,0.0,0
18273617,Punjabi Tandoor,1,New Delhi,North Indian,300,Indian Rupees(Rs.),No,Yes,0.0,3
18357958,Roll Corner,1,New Delhi,Fast Food,200,Indian Rupees(Rs.),No,No,0.0,2
18331598,Sher-e-Punjab,1,New Delhi,"North Indian, Chinese, Fast Food",450,Indian Rupees(Rs.),No,No,0.0,0
18419884,Test Restaruants for Medio,1,New Delhi,"Chinese, Lucknowi",800,Indian Rupees(Rs.),Yes,No,0.0,1
18362795,Uncle Sam,1,New Delhi,North Indian,200,Indian Rupees(Rs.),No,No,0.0,0
9876,Vijay Store,1,New Delhi,"Fast Food, Street Food",200,Indian Rupees(Rs.),No,No,0.0,1
18312598,Viya Cupcakery,1,New Delhi,"Bakery, Desserts",500,Indian Rupees(Rs.),No,No,0.0,0
18454461,Zaika Muradabadi,1,New Delhi,Biryani,200,Indian Rupees(Rs.),No,Yes,0.0,0
8959,Asian Haus,1,New Delhi,"Chinese, Thai, Asian, Malaysian, Vietnamese, Japanese",1500,Indian Rupees(Rs.),No,Yes,4.1,686
304176,Bake Club,1,New Delhi,Bakery,250,Indian Rupees(Rs.),No,No,3.2,44
8822,Barichi,1,New Delhi,"North Indian, Chinese, South Indian",1000,Indian Rupees(Rs.),Yes,No,2.9,11
511,Barista,1,New Delhi,Cafe,650,Indian Rupees(Rs.),No,No,3.2,44
309166,Baskin Robbins,1,New Delhi,Ice Cream,300,Indian Rupees(Rs.),No,Yes,2.6,11
18268708,Bite & More,1,New Delhi,"Fast Food, North Indian",350,Indian Rupees(Rs.),No,Yes,3.3,24
18265722,Blue Water Grille Express,1,New Delhi,"North Indian, Mughlai, Chinese, Seafood",700,Indian Rupees(Rs.),No,Yes,2.6,27
18453878,Brainfreezzers,1,New Delhi,"North Indian, Chinese",500,Indian Rupees(Rs.),No,No,3.0,5
309013,Caboose X Cafe & Lounge,1,New Delhi,"Fast Food, Cafe",700,Indian Rupees(Rs.),No,No,3.2,39
305077,Cafe Buddy's,1,New Delhi,Fast Food,100,Indian Rupees(Rs.),No,No,2.9,5
5262,Cafe Coffee Day,1,New Delhi,Cafe,450,Indian Rupees(Rs.),No,No,2.9,38
7375,Chinese Food,1,New Delhi,Chinese,300,Indian Rupees(Rs.),No,No,3.1,13
18337880,Chinese King,1,New Delhi,"North Indian, Mughlai, Chinese",400,Indian Rupees(Rs.),No,Yes,2.5,6
306978,Cocoberry,1,New Delhi,Desserts,300,Indian Rupees(Rs.),No,Yes,3.3,28
18312478,Eggless Dukes,1,New Delhi,"Bakery, Desserts",200,Indian Rupees(Rs.),No,No,3.1,5
3979,Empire The Meat Shop,1,New Delhi,"Raw Meats, Fast Food",400,Indian Rupees(Rs.),No,No,3.3,31
18336207,FOG Cafe and Lounge,1,New Delhi,Cafe,500,Indian Rupees(Rs.),No,No,3.0,4
7377,Forty 3 East,1,New Delhi,"North Indian, Mughlai, Continental",1100,Indian Rupees(Rs.),Yes,No,3.2,38
307506,Green Chick Chop,1,New Delhi,"Raw Meats, North Indian, Fast Food",350,Indian Rupees(Rs.),No,No,3.3,31
3125,Gyan's,1,New Delhi,North Indian,550,Indian Rupees(Rs.),No,Yes,3.4,93
305674,Indi-QUE,1,New Delhi,"North Indian, Mughlai, Chinese",1400,Indian Rupees(Rs.),Yes,No,3.3,46
18391167,Keventers,1,New Delhi,Beverages,400,Indian Rupees(Rs.),No,No,3.0,6
8727,Pick Fresh Fish,1,New Delhi,"Raw Meats, Fast Food",400,Indian Rupees(Rs.),No,No,3.2,17
3980,Sat Guru Dhaba,1,New Delhi,North Indian,350,Indian Rupees(Rs.),No,No,2.6,43
312183,Sharazz,1,New Delhi,"Chinese, Cafe, Fast Food",700,Indian Rupees(Rs.),No,No,3.2,32
311945,Spice Box,1,New Delhi,North Indian,250,Indian Rupees(Rs.),No,Yes,3.4,21
3126,The Baithak's,1,New Delhi,"North Indian, Chinese, Mughlai",1000,Indian Rupees(Rs.),Yes,Yes,3.2,87
18475269,The Taste of India,1,New Delhi,"Continental, Chinese, North Indian, Healthy Food",400,Indian Rupees(Rs.),No,No,3.2,12
303124,Twenty Four Seven,1,New Delhi,"Fast Food, North Indian",300,Indian Rupees(Rs.),No,No,3.0,23
18034042,Wrapss,1,New Delhi,"Chinese, Fast Food",350,Indian Rupees(Rs.),No,Yes,3.1,50
201,Domino's Pizza,1,New Delhi,"Pizza, Fast Food",700,Indian Rupees(Rs.),No,No,3.5,119
303575,Dunkin' Donuts,1,New Delhi,"Burger, Desserts, Fast Food",600,Indian Rupees(Rs.),No,Yes,3.6,177
410,Naivedyam,1,New Delhi,South Indian,500,Indian Rupees(Rs.),No,Yes,3.6,359
308107,Punjabi Chaap Corner,1,New Delhi,North Indian,300,Indian Rupees(Rs.),No,Yes,3.5,53
4885,Rice Bowl,1,New Delhi,"Chinese, Seafood",1100,Indian Rupees(Rs.),Yes,Yes,3.7,241
18273627,The Diet Kitchen,1,New Delhi,"Continental, Healthy Food",700,Indian Rupees(Rs.),No,Yes,3.9,178
311539,The Yellow Chef,1,New Delhi,"Chinese, Fast Food",350,Indian Rupees(Rs.),No,No,3.7,146
2635,Tsui Wong,1,New Delhi,"Chinese, Thai, Seafood",800,Indian Rupees(Rs.),Yes,Yes,3.8,145
18237962,VC's Food Paradise,1,New Delhi,"North Indian, Fast Food, Mughlai",500,Indian Rupees(Rs.),No,No,3.5,26
18261486,WeDesi Flavours,1,New Delhi,"Healthy Food, Fast Food",350,Indian Rupees(Rs.),No,Yes,3.9,54
18423116,Hardwari,1,New Delhi,Mithai,300,Indian Rupees(Rs.),No,No,0.0,3
18423112,Johny's Vada Pav,1,New Delhi,Street Food,150,Indian Rupees(Rs.),No,No,0.0,3
18258777,My Kind Of Cafe,1,New Delhi,"Cafe, Continental",600,Indian Rupees(Rs.),No,No,0.0,3
18491227,Panchratna Thali,1,New Delhi,"North Indian, Rajasthani, Gujarati",900,Indian Rupees(Rs.),No,No,0.0,1
304531,Punjabi Rasoi,1,New Delhi,North Indian,200,Indian Rupees(Rs.),No,No,0.0,2
18420433,Shisha,1,New Delhi,Cafe,400,Indian Rupees(Rs.),No,No,0.0,0
17977786,Snacks and More,1,New Delhi,Fast Food,250,Indian Rupees(Rs.),No,No,0.0,3
18412868,Swag Cafe,1,New Delhi,"North Indian, Chinese, Fast Food",700,Indian Rupees(Rs.),No,No,0.0,3
311216,The Pink Whisk,1,New Delhi,Bakery,400,Indian Rupees(Rs.),No,No,0.0,2
311327,Stabbers,1,New Delhi,"Fast Food, Burger",400,Indian Rupees(Rs.),No,Yes,2.4,101
7372,Duke's Pastry Shop,1,New Delhi,"Bakery, Fast Food",200,Indian Rupees(Rs.),No,No,4.1,150
306016,Cafe Coffee Day,1,New Delhi,Cafe,450,Indian Rupees(Rs.),No,No,3.1,44
304906,Chicago Pizza,1,New Delhi,Pizza,600,Indian Rupees(Rs.),No,Yes,2.5,93
18447890,Drool Waffles,1,New Delhi,Desserts,500,Indian Rupees(Rs.),No,No,3.1,9
18375391,Gelato Vinto,1,New Delhi,Ice Cream,250,Indian Rupees(Rs.),No,Yes,3.3,9
18355123,Joost Juice Bar,1,New Delhi,Juices,300,Indian Rupees(Rs.),No,No,3.2,9
304915,Karim's,1,New Delhi,"Mughlai, North Indian",700,Indian Rupees(Rs.),No,Yes,3.1,185
304913,Moti Mahal Delux,1,New Delhi,"North Indian, Mughlai, Chinese",800,Indian Rupees(Rs.),No,Yes,3.1,100
304923,Sagar Ratna,1,New Delhi,South Indian,600,Indian Rupees(Rs.),No,No,3.3,70
309738,Yo! China,1,New Delhi,Chinese,1300,Indian Rupees(Rs.),No,Yes,2.6,110
18261188,Chaayos,1,New Delhi,"Cafe, Tea",400,Indian Rupees(Rs.),No,Yes,3.6,106
18336192,Dimcha,1,New Delhi,"Chinese, Thai, Asian",1500,Indian Rupees(Rs.),Yes,No,3.9,145
18277187,Keventers,1,New Delhi,Beverages,400,Indian Rupees(Rs.),No,No,3.9,57
18381663,Khan Chacha,1,New Delhi,"North Indian, Mughlai",650,Indian Rupees(Rs.),No,Yes,3.6,23
304917,Sona Pure Veg Paradise,1,New Delhi,"North Indian, Street Food",500,Indian Rupees(Rs.),No,No,3.8,158
306031,Subway,1,New Delhi,"American, Fast Food, Salad, Healthy Food",500,Indian Rupees(Rs.),No,No,3.8,97
18180083,The Crunch Box,1,New Delhi,Fast Food,300,Indian Rupees(Rs.),No,Yes,3.7,21
18336213,Nando's,1,New Delhi,"Portuguese, African",1200,Indian Rupees(Rs.),No,Yes,0.0,3
304239,FIO Cookhouse and Bar,1,New Delhi,"European, Italian, North Indian",3500,Indian Rupees(Rs.),Yes,No,4.0,752
18294261,Lord of the Drinks Forum,1,New Delhi,"European, Chinese, North Indian, Italian",2500,Indian Rupees(Rs.),Yes,No,4.2,756
305240,The Chatter House,1,New Delhi,"Finger Food, Italian, North Indian",1800,Indian Rupees(Rs.),Yes,Yes,4.0,1700
304299,The Flying Saucer Cafe,1,New Delhi,"Italian, Mediterranean, Continental, North Indian",1600,Indian Rupees(Rs.),Yes,No,4.3,3002
305547,Tea Lounge - Eros Hotel,1,New Delhi,Cafe,1800,Indian Rupees(Rs.),No,No,3.3,21
305545,Blooms - Eros Hotel,1,New Delhi,"Continental, North Indian, Italian",4000,Indian Rupees(Rs.),Yes,No,3.9,150
305549,Lounge & Bar - Eros Hotel,1,New Delhi,Finger Food,3650,Indian Rupees(Rs.),Yes,No,3.5,18
305546,Sweet & Crusty - Eros Hotel,1,New Delhi,"Bakery, Fast Food",700,Indian Rupees(Rs.),No,No,3.7,44
305548,Empress of China - Eros Hotel,1,New Delhi,Chinese,4800,Indian Rupees(Rs.),Yes,No,4.2,119
9640,Essex Collections Patisserie,1,New Delhi,"Bakery, Desserts, Fast Food",300,Indian Rupees(Rs.),No,No,3.4,50
6200,Essex Village Garden,1,New Delhi,"North Indian, Chinese, Continental, Seafood",1500,Indian Rupees(Rs.),No,No,3.4,218
18128883,Yes Minister - Pub & Kitchen,1,New Delhi,"Mediterranean, Continental, Italian",1800,Indian Rupees(Rs.),Yes,No,3.7,234
305810,Gupta's Food Point,1,New Delhi,North Indian,100,Indian Rupees(Rs.),No,No,0.0,1
4631,Andhra Bhavan,1,New Delhi,"South Indian, Andhra",200,Indian Rupees(Rs.),No,No,4.2,3010
302682,Barista,1,New Delhi,Cafe,650,Indian Rupees(Rs.),No,No,3.2,15
2004,Indian Accent - The Manor,1,New Delhi,Modern Indian,4000,Indian Rupees(Rs.),No,No,4.9,1934
18359294,Dilli Grillz,1,New Delhi,"North Indian, Chinese",600,Indian Rupees(Rs.),No,Yes,0.0,2
18359292,Foodies,1,New Delhi,Italian,300,Indian Rupees(Rs.),No,No,0.0,0
18441790,Giani's,1,New Delhi,"Ice Cream, Desserts",400,Indian Rupees(Rs.),No,No,0.0,1
4283,FIO Country Kitchen and Bar,1,New Delhi,"European, Italian, North Indian",3300,Indian Rupees(Rs.),Yes,No,4.2,1561
18335816,Amul Ice-Cream Parlour,1,New Delhi,Ice Cream,200,Indian Rupees(Rs.),No,No,3.0,4
17977792,Bunty Dhaba,1,New Delhi,"North Indian, Chinese",500,Indian Rupees(Rs.),No,No,2.8,8
301214,Chawla's,1,New Delhi,"North Indian, Mughlai, Chinese",800,Indian Rupees(Rs.),No,No,3.3,50
312227,China Town,1,New Delhi,Chinese,150,Indian Rupees(Rs.),No,No,3.0,8
303860,Chinese Inn,1,New Delhi,"Chinese, South Indian",500,Indian Rupees(Rs.),No,No,2.8,28
18244236,Grub Street,1,New Delhi,Fast Food,350,Indian Rupees(Rs.),No,No,3.4,31
305577,Guru Kripa,1,New Delhi,North Indian,200,Indian Rupees(Rs.),No,No,3.0,4
18014118,Himcream,1,New Delhi,"Ice Cream, Fast Food, Beverages",300,Indian Rupees(Rs.),No,No,3.3,17
5996,Kashish Restaurant & Caterers,1,New Delhi,"North Indian, South Indian, Chinese, Fast Food",550,Indian Rupees(Rs.),No,No,2.8,8
313487,Punjabi's Veg Grill,1,New Delhi,North Indian,350,Indian Rupees(Rs.),No,No,3.2,8
313004,Rahul Meat Corner,1,New Delhi,Mughlai,300,Indian Rupees(Rs.),No,No,3.1,6
312942,Ramesh Vaishno Dhaba,1,New Delhi,North Indian,500,Indian Rupees(Rs.),No,No,2.7,17
309168,The Chinese Hut,1,New Delhi,Chinese,300,Indian Rupees(Rs.),No,No,2.8,50
308994,Nagpal Di Hatti,1,New Delhi,"North Indian, Street Food",200,Indian Rupees(Rs.),No,No,3.5,29
312943,Ramesh Vaishno Dhaba,1,New Delhi,North Indian,500,Indian Rupees(Rs.),No,No,3.5,31
18455553,Baweja's Haandi,1,New Delhi,North Indian,600,Indian Rupees(Rs.),No,No,0.0,0
18377929,Chaman Dhaba,1,New Delhi,North Indian,200,Indian Rupees(Rs.),No,No,0.0,3
18472628,Insane Foods,1,New Delhi,North Indian,350,Indian Rupees(Rs.),No,No,0.0,0
18435335,Jo Jo Chinese Fast Food,1,New Delhi,Chinese,200,Indian Rupees(Rs.),No,No,0.0,1
18435787,Kailash Vaishno Dhaba,1,New Delhi,North Indian,200,Indian Rupees(Rs.),No,No,0.0,0
18435331,Khurana Eating Point,1,New Delhi,Chinese,200,Indian Rupees(Rs.),No,No,0.0,0
18364846,Lots of Food,1,New Delhi,Chinese,100,Indian Rupees(Rs.),No,No,0.0,1
18438446,Madras Cafe,1,New Delhi,South Indian,250,Indian Rupees(Rs.),No,No,0.0,0
18446496,Parantha on Call,1,New Delhi,North Indian,100,Indian Rupees(Rs.),No,No,0.0,0
18454568,Pompas Chicken,1,New Delhi,North Indian,300,Indian Rupees(Rs.),No,No,0.0,1
18421462,Prem Ji Delhi Wale,1,New Delhi,North Indian,250,Indian Rupees(Rs.),No,No,0.0,0
18435303,Punjabi Tandoori Tikka,1,New Delhi,Street Food,250,Indian Rupees(Rs.),No,No,0.0,0
18435314,Punjabi's Veg Grill,1,New Delhi,North Indian,300,Indian Rupees(Rs.),No,No,0.0,0
18435315,Shree Banke Foods,1,New Delhi,"Chinese, North Indian",400,Indian Rupees(Rs.),No,No,0.0,3
18418234,Singh's,1,New Delhi,North Indian,300,Indian Rupees(Rs.),No,No,0.0,0
18421470,Soya Twist,1,New Delhi,"North Indian, Chinese",350,Indian Rupees(Rs.),No,No,0.0,0
18472613,Spice Studio,1,New Delhi,"Seafood, Mughlai, North Indian",400,Indian Rupees(Rs.),No,No,0.0,0
18435307,Tandoori Tadka,1,New Delhi,Street Food,300,Indian Rupees(Rs.),No,No,0.0,1
18378015,Tasty Tandoor,1,New Delhi,North Indian,200,Indian Rupees(Rs.),No,No,0.0,0
18460925,The Square Meal,1,New Delhi,"North Indian, South Indian, Chinese",800,Indian Rupees(Rs.),Yes,No,0.0,1
9909,Barbeque Nation,1,New Delhi,"North Indian, Chinese",1600,Indian Rupees(Rs.),No,No,4.0,756
18423111,Burger King,1,New Delhi,"Burger, Fast Food",500,Indian Rupees(Rs.),No,Yes,3.4,33
18469938,BED,1,New Delhi,"European, Sushi, Italian",2700,Indian Rupees(Rs.),Yes,No,3.0,9
651,Cafe Coffee Day - The Lounge,1,New Delhi,Cafe,750,Indian Rupees(Rs.),No,No,2.6,70
17953916,Hunger Strike,1,New Delhi,Fast Food,300,Indian Rupees(Rs.),No,Yes,3.3,70
18168168,Karim's,1,New Delhi,"Mughlai, North Indian",1000,Indian Rupees(Rs.),Yes,Yes,3.3,75
7589,Nescafe,1,New Delhi,"Fast Food, Beverages",200,Indian Rupees(Rs.),No,No,3.4,36
1934,New Bengal Sweets,1,New Delhi,"Chinese, South Indian, Fast Food",250,Indian Rupees(Rs.),No,No,3.1,26
4385,Red Wok,1,New Delhi,"Chinese, Thai",800,Indian Rupees(Rs.),No,Yes,3.3,146
309477,Room Service,1,New Delhi,"North Indian, Fast Food, Continental",1000,Indian Rupees(Rs.),No,No,3.4,246
9835,Samavar,1,New Delhi,"Kashmiri, Chinese, Mughlai",800,Indian Rupees(Rs.),Yes,Yes,3.3,89
147,Subway,1,New Delhi,"American, Fast Food, Salad, Healthy Food",500,Indian Rupees(Rs.),No,Yes,2.5,115
18237320,The Cocktail House,1,New Delhi,"North Indian, Continental",2000,Indian Rupees(Rs.),Yes,No,3.4,58
9980,The Food Junction,1,New Delhi,"Chinese, Healthy Food",350,Indian Rupees(Rs.),No,Yes,2.8,78
732,The Kathis,1,New Delhi,Fast Food,300,Indian Rupees(Rs.),No,Yes,3.0,67
311515,The Munchbox,1,New Delhi,"North Indian, Continental, Fast Food",850,Indian Rupees(Rs.),No,Yes,3.4,199
309520,The Sugar Story,1,New Delhi,"Bakery, Desserts",400,Indian Rupees(Rs.),No,No,3.3,19
18400736,Owl is Well,1,New Delhi,"Burger, American, Fast Food, Italian, Pizza",1000,Indian Rupees(Rs.),No,Yes,4.5,162
18255193,A Piece of Paris,1,New Delhi,"Desserts, Bakery",600,Indian Rupees(Rs.),No,No,3.6,38
311584,Baking Bad,1,New Delhi,"Pizza, Italian",1000,Indian Rupees(Rs.),No,Yes,3.8,697
702,Baskin Robbins,1,New Delhi,Ice Cream,300,Indian Rupees(Rs.),No,Yes,3.6,56
18313122,Bliss Bakery,1,New Delhi,"Bakery, Desserts",500,Indian Rupees(Rs.),No,Yes,3.8,51
309156,Bread & More,1,New Delhi,"Bakery, Desserts, Fast Food",500,Indian Rupees(Rs.),No,Yes,3.7,130
18268706,Bun Intended,1,New Delhi,"Burger, American, Fast Food",850,Indian Rupees(Rs.),No,Yes,3.9,349
18415352,Cafe Culture,1,New Delhi,Cafe,1000,Indian Rupees(Rs.),No,No,3.8,50
3620,Cafe Diva,1,New Delhi,"European, Italian",2200,Indian Rupees(Rs.),Yes,Yes,3.9,347
1902,Cafe Turtle,1,New Delhi,"Cafe, Italian, Lebanese",1000,Indian Rupees(Rs.),No,No,3.5,251
18434596,Caf? Healthilicious,1,New Delhi,"Healthy Food, Continental",400,Indian Rupees(Rs.),No,Yes,3.5,24
311671,Captain Grub,1,New Delhi,"American, Fast Food",1000,Indian Rupees(Rs.),No,Yes,3.7,263
2653,Cocoberry,1,New Delhi,Desserts,300,Indian Rupees(Rs.),No,Yes,3.9,155
18377926,Ding Ding,1,New Delhi,Chinese,600,Indian Rupees(Rs.),No,Yes,3.9,93
309820,D?ner Grill,1,New Delhi,"Fast Food, Turkish",900,Indian Rupees(Rs.),No,Yes,3.7,323
18034050,Elation,1,New Delhi,"North Indian, Continental, Italian, Finger Food",1500,Indian Rupees(Rs.),Yes,Yes,3.8,227
18382372,Fluffles - The Fluffy Waffle Co.,1,New Delhi,Desserts,300,Indian Rupees(Rs.),No,Yes,3.5,27
302478,For the Love of Cake,1,New Delhi,"Bakery, Desserts",400,Indian Rupees(Rs.),No,No,3.8,116
18466978,Gatsby Kitchen & Bar by Club BW,1,New Delhi,"Continental, North Indian",2100,Indian Rupees(Rs.),Yes,No,3.5,22
9840,Grills & Platters,1,New Delhi,"North Indian, Continental",1600,Indian Rupees(Rs.),Yes,No,3.5,150
18279463,Hungry Pistals,1,New Delhi,"Fast Food, American, Italian",700,Indian Rupees(Rs.),No,Yes,3.7,108
18317517,Jon's head Grill,1,New Delhi,"Mexican, Italian, American",1100,Indian Rupees(Rs.),No,Yes,3.9,105
1215,Kebabs & Curries,1,New Delhi,"North Indian, Mughlai",600,Indian Rupees(Rs.),No,Yes,3.7,227
18241531,Londoners,1,New Delhi,"British, Chinese, Italian",1700,Indian Rupees(Rs.),Yes,Yes,3.8,244
3589,Mad Over Donuts,1,New Delhi,Desserts,450,Indian Rupees(Rs.),No,Yes,3.8,187
1056,New Minar,1,New Delhi,"North Indian, Mughlai",1250,Indian Rupees(Rs.),Yes,No,3.6,229
5797,Prince Chaat Corner,1,New Delhi,Street Food,250,Indian Rupees(Rs.),No,No,3.7,84
300007,Side Wok,1,New Delhi,"Burmese, Chinese, Japanese, Malaysian, Thai",2000,Indian Rupees(Rs.),Yes,Yes,3.8,223
303288,Starbucks,1,New Delhi,Cafe,700,Indian Rupees(Rs.),No,No,3.5,187
18371438,Thai House by Kylin,1,New Delhi,Thai,1800,Indian Rupees(Rs.),Yes,Yes,3.8,54
308766,The Chocolate Haven,1,New Delhi,"Bakery, Desserts",250,Indian Rupees(Rs.),No,No,3.6,76
18203180,The Laidback Cafe,1,New Delhi,"Continental, North Indian, Asian",2000,Indian Rupees(Rs.),No,No,3.8,85
305166,Tibb's Frankie,1,New Delhi,Fast Food,200,Indian Rupees(Rs.),No,No,3.6,66
18291475,Tirupati Vrindavan,1,New Delhi,South Indian,500,Indian Rupees(Rs.),No,No,3.7,53
311737,Wagh Bakri Tea Lounge,1,New Delhi,Cafe,400,Indian Rupees(Rs.),No,No,3.7,48
18363391,Depot48,1,New Delhi,"American, Mexican, Finger Food",1800,Indian Rupees(Rs.),Yes,Yes,4.2,107
18271497,Dezertfox,1,New Delhi,"Bakery, Desserts",550,Indian Rupees(Rs.),No,Yes,4.1,160
18456728,Druk,1,New Delhi,"Continental, Chinese, Thai",1000,Indian Rupees(Rs.),Yes,No,4.1,22
310776,Gastronomica Kitchen & Bar,1,New Delhi,"European, Asian, North Indian, Italian, Continental, Pizza",1400,Indian Rupees(Rs.),Yes,Yes,4.1,826
18456764,Karate Kitchen,1,New Delhi,"Asian, Chinese, Thai",950,Indian Rupees(Rs.),No,Yes,4.4,42
18418209,Nimtho,1,New Delhi,Nepalese,750,Indian Rupees(Rs.),No,Yes,4.0,62
18382342,Noshi - Yum Asian Delivery,1,New Delhi,"Chinese, Thai, Japanese",1000,Indian Rupees(Rs.),No,Yes,4.2,111
312302,Nutri Punch,1,New Delhi,Healthy Food,600,Indian Rupees(Rs.),No,No,4.0,158
18312632,Pho King Awesome,1,New Delhi,Asian,850,Indian Rupees(Rs.),No,Yes,4.1,253
18386761,Roadhouse Cafe,1,New Delhi,"Continental, Italian",1400,Indian Rupees(Rs.),Yes,Yes,4.1,68
307065,Sakley's The Mountain Cafe,1,New Delhi,"Cafe, Italian, Continental, Fast Food",1900,Indian Rupees(Rs.),No,No,4.3,1327
9834,Shikhara,1,New Delhi,"North Indian, Mughlai",800,Indian Rupees(Rs.),No,Yes,4.2,237
18025105,Sinyora's,1,New Delhi,Italian,500,Indian Rupees(Rs.),No,Yes,4.0,51
18396409,Stop My Starvation,1,New Delhi,"Desserts, Fast Food",450,Indian Rupees(Rs.),No,Yes,4.3,83
18365895,The Grill Kitchen - Gourmet,1,New Delhi,"North Indian, Continental",800,Indian Rupees(Rs.),No,Yes,4.1,81
308865,The Sugar Cube,1,New Delhi,"Bakery, Desserts",500,Indian Rupees(Rs.),No,No,4.1,173
18278203,A Lot Like Cake,1,New Delhi,"Bakery, Desserts",350,Indian Rupees(Rs.),No,No,3.1,7
305652,A W Foods,1,New Delhi,North Indian,500,Indian Rupees(Rs.),No,No,3.4,44
4299,Angels in my Kitchen,1,New Delhi,"Bakery, Desserts, Fast Food",350,Indian Rupees(Rs.),No,Yes,2.9,77
18423108,Brown Sugar,1,New Delhi,"Cafe, Fast Food, Continental",1000,Indian Rupees(Rs.),No,Yes,3.2,12
17953926,Cakes and Bakes,1,New Delhi,"Bakery, Fast Food",300,Indian Rupees(Rs.),No,No,3.2,9
310321,CDB Cafe,1,New Delhi,"North Indian, Chinese, Continental, Italian",1800,Indian Rupees(Rs.),Yes,No,3.4,35
69,Chungwa,1,New Delhi,"Chinese, Thai, Seafood",1100,Indian Rupees(Rs.),Yes,Yes,3.3,489
202,Domino's Pizza,1,New Delhi,"Pizza, Fast Food",700,Indian Rupees(Rs.),No,No,3.2,138
309902,Fudged,1,New Delhi,"Desserts, Bakery",400,Indian Rupees(Rs.),No,No,3.0,17
1916,Gopala,1,New Delhi,"Mithai, Street Food",250,Indian Rupees(Rs.),No,No,3.2,12
5735,Gourmet Affaire's,1,New Delhi,"Bakery, Desserts, Ice Cream",300,Indian Rupees(Rs.),No,Yes,3.4,66
2591,Hot N Chilly,1,New Delhi,North Indian,300,Indian Rupees(Rs.),No,No,2.8,14
306264,Kabooze,1,New Delhi,"North Indian, Chinese, Continental",1900,Indian Rupees(Rs.),Yes,Yes,3.3,148
305817,Koyla Kebab,1,New Delhi,"North Indian, Mughlai",650,Indian Rupees(Rs.),No,Yes,3.1,99
18432940,LaBont?,1,New Delhi,Bakery,500,Indian Rupees(Rs.),No,No,3.4,17
311690,MR.D - Deliciousness Delivered,1,New Delhi,"North Indian, Italian, Chinese",700,Indian Rupees(Rs.),No,Yes,3.3,148
309072,Panda Wokk,1,New Delhi,"Chinese, Thai",950,Indian Rupees(Rs.),Yes,Yes,3.4,77
18277002,Relax Xpress,1,New Delhi,"North Indian, Mughlai, Chinese",650,Indian Rupees(Rs.),No,Yes,3.2,25
18433883,Rollplay,1,New Delhi,Fast Food,300,Indian Rupees(Rs.),No,Yes,2.9,7
301435,Sagar Ratna,1,New Delhi,"South Indian, North Indian",700,Indian Rupees(Rs.),No,Yes,2.7,134
18352256,Spanish Delights,1,New Delhi,Ice Cream,200,Indian Rupees(Rs.),No,No,3.1,10
308367,Subway,1,New Delhi,"American, Fast Food, Salad, Healthy Food",500,Indian Rupees(Rs.),No,No,3.3,96
309741,The Beer Cafe,1,New Delhi,"Finger Food, North Indian, Italian",1250,Indian Rupees(Rs.),Yes,No,3.4,90
18241869,Tashan,1,New Delhi,Modern Indian,2000,Indian Rupees(Rs.),Yes,No,4.6,304
305125,Amalfi,1,New Delhi,Italian,1800,Indian Rupees(Rs.),Yes,No,3.9,484
312270,Backkerei,1,New Delhi,"Bakery, Desserts",400,Indian Rupees(Rs.),No,No,3.6,67
18249082,Beeryani,1,New Delhi,"North Indian, Biryani",700,Indian Rupees(Rs.),No,Yes,3.8,136
18279452,Beijing Street,1,New Delhi,"Chinese, Thai, Fast Food",650,Indian Rupees(Rs.),No,Yes,3.6,120
305303,Bikanervala,1,New Delhi,"North Indian, South Indian, Fast Food, Street Food, Chinese, Beverages, Desserts, Mithai",550,Indian Rupees(Rs.),No,Yes,3.5,272
18354645,Chaayos,1,New Delhi,"Cafe, Tea",400,Indian Rupees(Rs.),No,Yes,3.8,68
1218,China Garden,1,New Delhi,Chinese,1800,Indian Rupees(Rs.),Yes,No,3.8,663
8429,Chocolateria San Churro,1,New Delhi,"Bakery, Desserts, Fast Food",1000,Indian Rupees(Rs.),Yes,Yes,3.8,594
7819,Cocoberry,1,New Delhi,Desserts,300,Indian Rupees(Rs.),No,Yes,3.5,66
785,Costa Coffee,1,New Delhi,Cafe,600,Indian Rupees(Rs.),No,No,3.5,103
312486,Country Curries,1,New Delhi,"North Indian, Bengali",800,Indian Rupees(Rs.),No,Yes,3.5,139
1922,Culinaire,1,New Delhi,"Chinese, Thai",1000,Indian Rupees(Rs.),No,Yes,3.8,843
7642,Defence Bakery,1,New Delhi,"Bakery, Fast Food",400,Indian Rupees(Rs.),No,Yes,3.6,113
64,Diva - The Italian Restaurant,1,New Delhi,Italian,2500,Indian Rupees(Rs.),Yes,Yes,3.8,372
18413250,Fig & Maple,1,New Delhi,"Continental, Italian",1650,Indian Rupees(Rs.),Yes,No,3.8,42
312787,Fitoor,1,New Delhi,"American, Italian, Mughlai, North Indian",1350,Indian Rupees(Rs.),Yes,No,3.5,140
3611,Giani's,1,New Delhi,"Ice Cream, Desserts",400,Indian Rupees(Rs.),No,Yes,3.6,173
309815,Happy Hakka,1,New Delhi,"Chinese, Asian, Thai",650,Indian Rupees(Rs.),No,Yes,3.8,312
1018,Mainland China,1,New Delhi,Chinese,1800,Indian Rupees(Rs.),Yes,Yes,3.7,780
8689,Mini Mughal,1,New Delhi,"North Indian, Mughlai",1200,Indian Rupees(Rs.),Yes,No,3.5,256
18383512,Movenpick,1,New Delhi,"Ice Cream, Desserts",650,Indian Rupees(Rs.),No,Yes,3.9,27
308238,New York Slice - Express,1,New Delhi,"Pizza, Fast Food",800,Indian Rupees(Rs.),No,Yes,3.6,160
5944,Nirula's Ice Cream,1,New Delhi,"Desserts, Ice Cream",250,Indian Rupees(Rs.),No,Yes,3.6,36
285,Not Just Paranthas,1,New Delhi,North Indian,1100,Indian Rupees(Rs.),Yes,Yes,3.7,487
304635,Nutritious Nation,1,New Delhi,"Healthy Food, Continental, Juices, Salad",900,Indian Rupees(Rs.),No,Yes,3.5,352
1021,Open Oven,1,New Delhi,"Bakery, Desserts, Fast Food",250,Indian Rupees(Rs.),No,Yes,3.7,290
307532,Starbucks,1,New Delhi,Cafe,700,Indian Rupees(Rs.),No,No,3.5,132
1913,Swagath,1,New Delhi,"North Indian, Chinese, South Indian, Seafood, Chettinad",1500,Indian Rupees(Rs.),Yes,No,3.5,198
311601,The Health Box,1,New Delhi,Healthy Food,600,Indian Rupees(Rs.),No,Yes,3.5,124
18254553,Twisted Tacos,1,New Delhi,Mexican,650,Indian Rupees(Rs.),No,Yes,3.8,173
4821,Uber Lounge,1,New Delhi,"Continental, North Indian, Italian",2200,Indian Rupees(Rs.),Yes,Yes,3.6,430
308018,Yeti - The Himalayan Kitchen,1,New Delhi,"Tibetan, Nepalese",1300,Indian Rupees(Rs.),No,No,3.7,807
310342,Zai,1,New Delhi,"North Indian, Continental, Chinese",1550,Indian Rupees(Rs.),Yes,Yes,3.8,302
307344,Al Bake,1,New Delhi,"Lebanese, Chinese, Fast Food",300,Indian Rupees(Rs.),No,No,2.4,30
307801,Artusi Ristorante e Bar,1,New Delhi,Italian,3000,Indian Rupees(Rs.),Yes,No,4.1,496
18462002,Baris,1,New Delhi,"Turkish, Mediterranean, Middle Eastern",2000,Indian Rupees(Rs.),Yes,No,4.3,43
18208886,Carnatic Cafe,1,New Delhi,South Indian,550,Indian Rupees(Rs.),No,No,4.4,400
18435305,Chhalava - ?_Lava,1,New Delhi,"North Indian, Italian, Continental",1200,Indian Rupees(Rs.),Yes,No,4.4,80
18260641,Dilli BC,1,New Delhi,"North Indian, Mughlai",700,Indian Rupees(Rs.),No,Yes,4.1,267
18349921,Sumo Sushi,1,New Delhi,Sushi,1000,Indian Rupees(Rs.),No,Yes,4.0,70
18380149,The Heroes Bistro & Bar,1,New Delhi,Continental,900,Indian Rupees(Rs.),Yes,No,4.0,47
2649,Whipped,1,New Delhi,"Bakery, Desserts",550,Indian Rupees(Rs.),No,Yes,4.2,1125
601,Cafe Coffee Day,1,New Delhi,Cafe,450,Indian Rupees(Rs.),No,No,3.2,33
18462572,Paparazzi,1,New Delhi,"Continental, North Indian, Asian",1900,Indian Rupees(Rs.),Yes,No,3.2,7
309105,Chehel Pehel,1,New Delhi,"North Indian, Mughlai",700,Indian Rupees(Rs.),No,Yes,3.5,159
18089222,Cress Bistro,1,New Delhi,"North Indian, Mediterranean, Continental",1200,Indian Rupees(Rs.),Yes,Yes,3.6,131
309688,Frosted Heaven,1,New Delhi,"Bakery, Desserts",300,Indian Rupees(Rs.),No,No,3.6,46
18334422,Baskin Robbins,1,New Delhi,Ice Cream,300,Indian Rupees(Rs.),No,Yes,2.9,9
18365388,Behrouz Biryani,1,New Delhi,Biryani,600,Indian Rupees(Rs.),No,Yes,3.2,51
18312607,Cafe Coffee Day,1,New Delhi,Cafe,450,Indian Rupees(Rs.),No,No,3.0,4
309322,Cakeatouille,1,New Delhi,"Bakery, Desserts",800,Indian Rupees(Rs.),No,No,3.3,15
18429154,Chilli Singh,1,New Delhi,"Chinese, Thai, Seafood",800,Indian Rupees(Rs.),Yes,Yes,3.1,7
18336220,Da Pizza Corner,1,New Delhi,Pizza,600,Indian Rupees(Rs.),No,No,2.9,4
203,Domino's Pizza,1,New Delhi,"Pizza, Fast Food",700,Indian Rupees(Rs.),No,No,2.5,238
18414479,Faasos,1,New Delhi,"North Indian, Fast Food",600,Indian Rupees(Rs.),No,Yes,2.8,13
1625,Gupta Ji Ka Dhaba,1,New Delhi,North Indian,300,Indian Rupees(Rs.),No,Yes,2.6,49
2899,Karim's,1,New Delhi,"Mughlai, North Indian",750,Indian Rupees(Rs.),Yes,Yes,3.3,235
18180081,Let's Tango,1,New Delhi,"North Indian, Fast Food",400,Indian Rupees(Rs.),No,No,3.0,5
473,Madras Cafe,1,New Delhi,South Indian,300,Indian Rupees(Rs.),No,No,2.5,191
18355419,Nachos And Company,1,New Delhi,Mexican,700,Indian Rupees(Rs.),No,No,3.4,14
18432237,Ovenstory Pizza,1,New Delhi,"Pizza, Fast Food",500,Indian Rupees(Rs.),No,Yes,3.3,6
259,Pizza Hut,1,New Delhi,"Italian, Pizza, Fast Food",1000,Indian Rupees(Rs.),No,Yes,3.3,276
7316,Red Chilli,1,New Delhi,"North Indian, Chinese",1500,Indian Rupees(Rs.),Yes,Yes,3.1,104
18222566,The Groghead,1,New Delhi,"Italian, North Indian",1700,Indian Rupees(Rs.),Yes,No,3.4,267
443,The Tandoor,1,New Delhi,"North Indian, Mughlai",600,Indian Rupees(Rs.),No,Yes,3.4,121
308315,Twenty Ten - Ashtan Sarovar Portico,1,New Delhi,"North Indian, Continental, Chinese",1000,Indian Rupees(Rs.),Yes,No,3.3,23
769,Adyar Ananda Bhavan,1,New Delhi,"South Indian, North Indian, Street Food, Chinese, Mithai",500,Indian Rupees(Rs.),No,Yes,3.5,368
312011,Baked Love By Vatsala,1,New Delhi,"Bakery, Desserts",720,Indian Rupees(Rs.),No,No,3.6,38
65,Drums of Heaven,1,New Delhi,"Chinese, Seafood, Thai",1800,Indian Rupees(Rs.),Yes,Yes,3.5,234
9672,Dunkin' Donuts,1,New Delhi,"Burger, Desserts, Fast Food",600,Indian Rupees(Rs.),No,Yes,3.7,431
472,Evergreen Sweet House,1,New Delhi,"South Indian, North Indian, Chinese, Fast Food, Street Food, Mithai",450,Indian Rupees(Rs.),No,No,3.5,1198
3400,Gung The Palace,1,New Delhi,Korean,2500,Indian Rupees(Rs.),Yes,No,3.7,303
18337744,Keventers,1,New Delhi,Beverages,250,Indian Rupees(Rs.),No,No,3.5,16
18268360,La Seine -The Chocolate Emporium,1,New Delhi,"Bakery, Desserts, Fast Food",300,Indian Rupees(Rs.),No,Yes,3.8,25
4096,Nagaland's Kitchen,1,New Delhi,"Chinese, Thai, Seafood, Naga",1200,Indian Rupees(Rs.),Yes,No,3.8,556
18358700,Pasta La Vista,1,New Delhi,Cafe,600,Indian Rupees(Rs.),No,Yes,3.8,95
2217,Tamura,1,New Delhi,Japanese,1500,Indian Rupees(Rs.),Yes,No,3.5,163
18398571,The Chai Story,1,New Delhi,Cafe,300,Indian Rupees(Rs.),No,No,3.6,42
1621,The Clay Oven,1,New Delhi,"North Indian, Mughlai, Chinese",1200,Indian Rupees(Rs.),Yes,Yes,3.5,181
18425177,Aazad Chicken Corner,1,New Delhi,"Biryani, Mughlai",200,Indian Rupees(Rs.),No,No,0.0,0
18481289,Chaipiyoji,1,New Delhi,"Tea, Fast Food",200,Indian Rupees(Rs.),No,No,0.0,0
18424593,Chatkara,1,New Delhi,Street Food,200,Indian Rupees(Rs.),No,No,0.0,0
18383432,HoG - House of Goodies,1,New Delhi,"Bakery, Desserts",350,Indian Rupees(Rs.),No,No,0.0,3
18412904,Kettle & Kegs,1,New Delhi,Tea,200,Indian Rupees(Rs.),No,Yes,0.0,0
18481294,Krishna Juice & Shakes Corner,1,New Delhi,Juices,100,Indian Rupees(Rs.),No,No,0.0,0
18354330,Momolicious,1,New Delhi,Fast Food,200,Indian Rupees(Rs.),No,No,0.0,0
304230,Pastry Palace,1,New Delhi,Bakery,500,Indian Rupees(Rs.),No,No,0.0,2
18372315,South Gate,1,New Delhi,"North Indian, Chinese",850,Indian Rupees(Rs.),No,No,0.0,1
18430894,Sweet Bakes,1,New Delhi,"Bakery, Desserts",550,Indian Rupees(Rs.),No,No,0.0,0
18250897,Sweet Sensations,1,New Delhi,Bakery,300,Indian Rupees(Rs.),No,No,0.0,0
18261052,The Pirates Of China Town,1,New Delhi,Chinese,350,Indian Rupees(Rs.),No,No,0.0,3
3468,Hot n Hot,1,New Delhi,"Chinese, Fast Food",450,Indian Rupees(Rs.),No,No,2.4,23
18463949,Feng Shuii,1,New Delhi,"Thai, Chinese",1200,Indian Rupees(Rs.),Yes,Yes,4.3,31
310949,Bikaner Sweets,1,New Delhi,"Mithai, Street Food, Fast Food",250,Indian Rupees(Rs.),No,No,2.8,10
18356808,Coalition Cafe,1,New Delhi,Cafe,800,Indian Rupees(Rs.),No,No,3.4,34
18361758,Keventers,1,New Delhi,Beverages,400,Indian Rupees(Rs.),No,No,3.0,5
312755,Mid Night Khana,1,New Delhi,"North Indian, Fast Food",400,Indian Rupees(Rs.),No,Yes,3.3,30
18241525,Ministry of Cafe,1,New Delhi,"North Indian, Chinese, Continental, Italian",1000,Indian Rupees(Rs.),Yes,Yes,3.3,79
313492,Officer's Kitchen,1,New Delhi,"North Indian, Chinese",300,Indian Rupees(Rs.),No,No,3.3,27
18472658,Oh Boy Lounge,1,New Delhi,"North Indian, Chinese, Continental",1000,Indian Rupees(Rs.),No,No,3.1,5
18418248,Sahni's Fish Corner,1,New Delhi,North Indian,450,Indian Rupees(Rs.),No,No,3.0,6
18427869,Sardar A Pure Meat Shop,1,New Delhi,"Raw Meats, Fast Food, North Indian",150,Indian Rupees(Rs.),No,No,2.9,5
310948,Singh Mutton & Chicken Shop,1,New Delhi,"Raw Meats, Fast Food",300,Indian Rupees(Rs.),No,No,3.0,4
18463997,The Mashup,1,New Delhi,Fast Food,1100,Indian Rupees(Rs.),No,No,3.2,12
18337898,Vaishnu Bhojanalaya,1,New Delhi,North Indian,150,Indian Rupees(Rs.),No,No,3.1,13
18427234,Central Perk,1,New Delhi,"Cafe, Chinese, Italian",500,Indian Rupees(Rs.),No,Yes,3.8,82
18382697,Diet Dabba,1,New Delhi,"Healthy Food, Juices, Salad",250,Indian Rupees(Rs.),No,Yes,3.7,37
18400720,Mama's Buoi,1,New Delhi,"North Indian, Continental, Italian",1000,Indian Rupees(Rs.),Yes,No,3.9,373
3363,New Vikrant Restaurant,1,New Delhi,"North Indian, Mughlai, Chinese",550,Indian Rupees(Rs.),No,No,3.5,90
310592,The Vintage Avenue,1,New Delhi,"North Indian, Chinese, Continental, Italian",800,Indian Rupees(Rs.),Yes,Yes,3.9,1439
18455511,Apna Punjabi Zayka,1,New Delhi,North Indian,500,Indian Rupees(Rs.),No,No,0.0,1
18361763,Best Biryani Centre,1,New Delhi,Biryani,350,Indian Rupees(Rs.),No,No,0.0,0
18124350,Delhi Chaat Bhandar,1,New Delhi,"Fast Food, Chinese",150,Indian Rupees(Rs.),No,No,0.0,1
18408045,Encounter,1,New Delhi,"North Indian, Finger Food",800,Indian Rupees(Rs.),Yes,No,0.0,1
18455515,Flavour's,1,New Delhi,Fast Food,200,Indian Rupees(Rs.),No,No,0.0,1
18489838,Food Adda,1,New Delhi,"North Indian, Italian, Chinese",200,Indian Rupees(Rs.),No,No,0.0,1
18441835,Friends Fast Food,1,New Delhi,"Chinese, Fast Food",300,Indian Rupees(Rs.),No,No,0.0,2
18361202,Hot & Pot,1,New Delhi,"Chinese, Fast Food",250,Indian Rupees(Rs.),No,No,0.0,1
18463978,Lucky Corner Shop,1,New Delhi,Fast Food,200,Indian Rupees(Rs.),No,No,0.0,0
18124389,Mahesh Shudh Vaishno Bhojanalya,1,New Delhi,North Indian,100,Indian Rupees(Rs.),No,No,0.0,0
18492048,Piper's & Grill - The Night Chef,1,New Delhi,"North Indian, Chinese, Continental",500,Indian Rupees(Rs.),No,No,0.0,0
18463985,RAM-G Samose Wale,1,New Delhi,Street Food,100,Indian Rupees(Rs.),No,No,0.0,0
18124352,Shubham Vaishno Bhojanalya,1,New Delhi,North Indian,100,Indian Rupees(Rs.),No,No,0.0,1
9442,Shudh Vaishno Bhojanalaya,1,New Delhi,North Indian,200,Indian Rupees(Rs.),No,No,0.0,1
18361755,Shudh Vaishno Dhaba,1,New Delhi,North Indian,200,Indian Rupees(Rs.),No,No,0.0,0
18455513,Singh Chicken,1,New Delhi,"North Indian, Mughlai",500,Indian Rupees(Rs.),No,No,0.0,0
18481309,Spezia Deliveries,1,New Delhi,"North Indian, Continental, Chinese",900,Indian Rupees(Rs.),No,No,0.0,2
18499482,TAG,1,New Delhi,"Cafe, Continental, Chinese",500,Indian Rupees(Rs.),No,No,0.0,0
18446394,UFO,1,New Delhi,"Fast Food, Street Food, Beverages",500,Indian Rupees(Rs.),No,Yes,0.0,2
18431175,Urban Patty House,1,New Delhi,Fast Food,200,Indian Rupees(Rs.),No,No,0.0,0
18375397,Big Yellow Door,1,New Delhi,"Cafe, Fast Food, Italian",600,Indian Rupees(Rs.),No,No,4.3,214
6628,Amritsar Juction,1,New Delhi,"North Indian, Chinese",450,Indian Rupees(Rs.),No,No,3.1,13
4079,Bawarchi,1,New Delhi,"North Indian, Chinese",450,Indian Rupees(Rs.),No,No,3.3,32
9392,Bawarchi,1,New Delhi,"North Indian, Mughlai",600,Indian Rupees(Rs.),No,No,3.3,35
9386,Bhogalji Bikaner Sweets,1,New Delhi,Mithai,100,Indian Rupees(Rs.),No,No,2.9,6
312400,Bikanervala,1,New Delhi,"Mithai, Street Food, North Indian, South Indian, Chinese, Fast Food, Beverages",550,Indian Rupees(Rs.),No,No,3.2,63
310982,Changezi Chicken,1,New Delhi,"North Indian, Mughlai",650,Indian Rupees(Rs.),No,Yes,3.1,42
9421,Giani's,1,New Delhi,"Ice Cream, Desserts",400,Indian Rupees(Rs.),No,No,3.4,30
1147,Gola Northend,1,New Delhi,"Mughlai, North Indian, Chinese",1300,Indian Rupees(Rs.),Yes,No,3.1,155
18057825,Kay's Chik-In,1,New Delhi,North Indian,650,Indian Rupees(Rs.),No,No,2.6,7
18444811,Mr. Lobo,1,New Delhi,"Chinese, Fast Food",400,Indian Rupees(Rs.),No,No,3.0,4
9366,Nut Khut Rasoi,1,New Delhi,Chinese,300,Indian Rupees(Rs.),No,No,3.4,30
18361754,Purani Delhi 6,1,New Delhi,"North Indian, Mughlai",400,Indian Rupees(Rs.),No,No,3.0,4
18245254,Raahgiri,1,New Delhi,"North Indian, Chinese",400,Indian Rupees(Rs.),No,No,3.2,10
18219524,Singh Dhaba,1,New Delhi,North Indian,600,Indian Rupees(Rs.),No,No,3.0,4
305276,Sugar Boutique,1,New Delhi,Bakery,300,Indian Rupees(Rs.),No,No,3.1,11
312355,Zaika Amritsari,1,New Delhi,North Indian,400,Indian Rupees(Rs.),No,No,3.0,11
6599,Ashok Meat Wala,1,New Delhi,Mughlai,500,Indian Rupees(Rs.),No,No,3.5,106
300022,Baker's Stop,1,New Delhi,"Bakery, Desserts, Fast Food",350,Indian Rupees(Rs.),No,No,3.8,170
6605,Nut Khat Caterers,1,New Delhi,"Fast Food, Street Food",300,Indian Rupees(Rs.),No,No,3.6,71
18034044,Penta Cafe,1,New Delhi,"Fast Food, Italian",500,Indian Rupees(Rs.),No,No,3.6,24
300946,Penta Cafeteria,1,New Delhi,Fast Food,500,Indian Rupees(Rs.),No,No,3.6,95
18457090,Railway Yard,1,New Delhi,"North Indian, Chinese, Continental",300,Indian Rupees(Rs.),No,No,3.8,35
310409,Roti Aur Boti,1,New Delhi,Fast Food,100,Indian Rupees(Rs.),No,No,3.5,18
307228,Sahni Fish Corner,1,New Delhi,Mughlai,300,Indian Rupees(Rs.),No,No,3.5,32
18464633,Aap Ki Khatir,1,New Delhi,North Indian,400,Indian Rupees(Rs.),No,No,0.0,0
18358668,Aggarwal Sweets,1,New Delhi,"Street Food, Chinese",200,Indian Rupees(Rs.),No,No,0.0,1
18361743,Amul Ice-Cream Parlour,1,New Delhi,Ice Cream,200,Indian Rupees(Rs.),No,No,0.0,0
18245285,Chaat King,1,New Delhi,"Street Food, Fast Food",300,Indian Rupees(Rs.),No,No,0.0,3
18364336,Cherry Berry,1,New Delhi,"Bakery, Desserts",200,Indian Rupees(Rs.),No,No,0.0,0
18358207,Flavours Kitchen,1,New Delhi,"North Indian, Chinese",500,Indian Rupees(Rs.),No,No,0.0,2
312357,Hook Up,1,New Delhi,"North Indian, Continental",500,Indian Rupees(Rs.),No,No,0.0,1
18464627,Jnm Mama Mafia,1,New Delhi,Fast Food,200,Indian Rupees(Rs.),No,No,0.0,1
18431125,Kitchen199,1,New Delhi,"North Indian, Chinese",600,Indian Rupees(Rs.),No,No,0.0,1
18361741,Noddy's,1,New Delhi,"Beverages, Desserts",100,Indian Rupees(Rs.),No,No,0.0,0
18464621,Om Ji Bhature Wale,1,New Delhi,Street Food,100,Indian Rupees(Rs.),No,No,0.0,0
18449634,Peshawari Mehel,1,New Delhi,North Indian,400,Indian Rupees(Rs.),No,No,0.0,0
18361745,Republic of Chicken,1,New Delhi,"Raw Meats, Fast Food",400,Indian Rupees(Rs.),No,No,0.0,1
18124390,Shri Radhe,1,New Delhi,North Indian,250,Indian Rupees(Rs.),No,No,0.0,3
18464637,Spices Affair,1,New Delhi,"North Indian, Mughlai",600,Indian Rupees(Rs.),No,No,0.0,0
5897,34 Parkstreet Lane,1,New Delhi,Fast Food,250,Indian Rupees(Rs.),No,No,3.2,27
18381236,Al Forno by Aishwarya,1,New Delhi,"Bakery, Desserts",800,Indian Rupees(Rs.),No,No,3.4,17
18416840,Bakingo,1,New Delhi,Bakery,300,Indian Rupees(Rs.),No,Yes,2.7,11
18222563,Bandstand,1,New Delhi,"European, Continental",1700,Indian Rupees(Rs.),Yes,No,3.3,339
18449796,Big Fat Sandwich,1,New Delhi,American,800,Indian Rupees(Rs.),No,No,2.9,21
18471243,Blue Tokai Coffee Roasters,1,New Delhi,Cafe,350,Indian Rupees(Rs.),No,No,3.3,10
652,Cafe Coffee Day - The Lounge,1,New Delhi,Cafe,750,Indian Rupees(Rs.),No,No,2.6,76
9841,Cakes & Bakes,1,New Delhi,"Bakery, Fast Food",250,Indian Rupees(Rs.),No,No,2.9,6
313482,Captain Grub,1,New Delhi,"American, Fast Food",1000,Indian Rupees(Rs.),No,Yes,3.3,61
308599,Chaat Corner,1,New Delhi,Street Food,100,Indian Rupees(Rs.),No,No,3.2,12
807,Cosy Restaurant,1,New Delhi,"North Indian, Mughlai, Chinese",1100,Indian Rupees(Rs.),Yes,Yes,3.4,195
18423871,Food Refill,1,New Delhi,Chinese,300,Indian Rupees(Rs.),No,Yes,3.1,23
308188,Ganesh Anna South Indian Food Corner,1,New Delhi,South Indian,150,Indian Rupees(Rs.),No,No,3.0,8
3156,Giani,1,New Delhi,"Ice Cream, Desserts",400,Indian Rupees(Rs.),No,Yes,3.3,65
306319,Gravies,1,New Delhi,"North Indian, Biryani, Mughlai",700,Indian Rupees(Rs.),No,Yes,3.3,157
311033,Green Chick Chop,1,New Delhi,"Raw Meats, North Indian, Fast Food",350,Indian Rupees(Rs.),No,No,3.1,12
4250,Grub Pub,1,New Delhi,Chinese,1000,Indian Rupees(Rs.),Yes,Yes,3.4,180
300607,Handi Masala Restaurant,1,New Delhi,"North Indian, Chinese, Mughlai",500,Indian Rupees(Rs.),No,Yes,2.6,16
301325,Himalaya Dhaba,1,New Delhi,North Indian,400,Indian Rupees(Rs.),No,No,2.6,21
308277,Hot & Hot,1,New Delhi,"Chinese, Fast Food",350,Indian Rupees(Rs.),No,No,2.9,10
301328,Hot Box,1,New Delhi,"North Indian, Continental, Fast Food",500,Indian Rupees(Rs.),No,Yes,2.6,114
18313482,Indrani's Kitchen,1,New Delhi,Bengali,800,Indian Rupees(Rs.),No,No,3.3,13
18287406,Kallu Hot Zaika,1,New Delhi,Mughlai,800,Indian Rupees(Rs.),No,Yes,2.9,8
18354624,Kathi Roll Corner 44,1,New Delhi,Fast Food,250,Indian Rupees(Rs.),No,Yes,3.1,4
307025,Mama Dhaba,1,New Delhi,North Indian,150,Indian Rupees(Rs.),No,No,2.8,8
18469980,Miam,1,New Delhi,"Bakery, Desserts",800,Indian Rupees(Rs.),No,No,3.2,8
309593,Momos House,1,New Delhi,Chinese,350,Indian Rupees(Rs.),No,Yes,3.3,32
18252376,Nirula's Ice Cream,1,New Delhi,"Ice Cream, Desserts",300,Indian Rupees(Rs.),No,Yes,2.9,9
312809,Overdose,1,New Delhi,"North Indian, Mughlai, Chinese",600,Indian Rupees(Rs.),No,Yes,2.7,10
304546,Punjabi Chaap Corner,1,New Delhi,North Indian,350,Indian Rupees(Rs.),No,No,2.8,21
301327,Punjabi Tadka,1,New Delhi,"North Indian, Chinese",500,Indian Rupees(Rs.),No,Yes,3.1,21
303170,Rapti Chinese Food,1,New Delhi,Chinese,500,Indian Rupees(Rs.),No,Yes,3.2,35
306658,Riyaz Chicken Corner,1,New Delhi,"Biryani, North Indian",250,Indian Rupees(Rs.),No,No,3.4,74
300564,Sharda Pastry Shop,1,New Delhi,"Bakery, Desserts, Fast Food",150,Indian Rupees(Rs.),No,No,2.8,25
5630,Southy,1,New Delhi,South Indian,450,Indian Rupees(Rs.),No,Yes,3.1,175
306511,Spicy,1,New Delhi,"North Indian, Chinese, Fast Food",500,Indian Rupees(Rs.),No,No,2.9,13
306247,Subway,1,New Delhi,"American, Fast Food, Salad, Healthy Food",500,Indian Rupees(Rs.),No,Yes,2.8,87
18245263,The Foodie Cafe,1,New Delhi,"Chinese, Fast Food",250,Indian Rupees(Rs.),No,No,3.4,19
305040,Uncle's Kabab Point,1,New Delhi,"Fast Food, North Indian",350,Indian Rupees(Rs.),No,Yes,3.4,59
673,Wimpy,1,New Delhi,"Fast Food, Burger",350,Indian Rupees(Rs.),No,No,2.6,220
304542,Zaika,1,New Delhi,"North Indian, Mughlai, Chinese",350,Indian Rupees(Rs.),No,No,2.7,26
18349919,Natural Ice Cream,1,New Delhi,Ice Cream,150,Indian Rupees(Rs.),No,Yes,4.5,67
4251,Cafe 6,1,New Delhi,"Cafe, Fast Food, North Indian",500,Indian Rupees(Rs.),No,Yes,3.9,406
305736,Cafe Coffee Day,1,New Delhi,Cafe,450,Indian Rupees(Rs.),No,No,3.5,35
308257,Dzukou Tribal Kitchen,1,New Delhi,Naga,1300,Indian Rupees(Rs.),Yes,Yes,3.8,145
18359259,Havmor Ice Cream,1,New Delhi,Ice Cream,200,Indian Rupees(Rs.),No,Yes,3.6,30
18335682,Lost in Frost,1,New Delhi,Bakery,600,Indian Rupees(Rs.),No,Yes,3.7,18
303716,Pink Box,1,New Delhi,"Bakery, Desserts",300,Indian Rupees(Rs.),No,Yes,3.8,243
18430873,Potet,1,New Delhi,"Fast Food, Beverages",300,Indian Rupees(Rs.),No,No,3.7,23
18440414,Root'd,1,New Delhi,"Continental, Cafe",1000,Indian Rupees(Rs.),Yes,No,3.7,18
5267,South Cafe,1,New Delhi,South Indian,350,Indian Rupees(Rs.),No,No,3.5,95
310259,Sri Balaji,1,New Delhi,"South Indian, Chinese",300,Indian Rupees(Rs.),No,Yes,3.5,65
18402768,Thalaivar,1,New Delhi,"South Indian, Kerala",800,Indian Rupees(Rs.),No,Yes,3.8,49
18418258,The Junction,1,New Delhi,"North Indian, Continental, Asian, Italian",1200,Indian Rupees(Rs.),Yes,No,3.9,93
18427205,34 Park Street Lane,1,New Delhi,Fast Food,200,Indian Rupees(Rs.),No,No,0.0,1
18472618,Adda The Spice Affair,1,New Delhi,"North Indian, Chinese",500,Indian Rupees(Rs.),No,No,0.0,0
18424902,All About Food,1,New Delhi,North Indian,100,Indian Rupees(Rs.),No,No,0.0,0
18427209,Bombay Pao Bhaji,1,New Delhi,Street Food,200,Indian Rupees(Rs.),No,No,0.0,1
18336472,Brown House Cafe,1,New Delhi,"Chinese, North Indian",250,Indian Rupees(Rs.),No,No,0.0,0
18163900,Chinese Hutt,1,New Delhi,"Chinese, Fast Food",400,Indian Rupees(Rs.),No,No,0.0,3
18425757,Desi Tadka,1,New Delhi,North Indian,200,Indian Rupees(Rs.),No,No,0.0,0
18427218,Food Daddy,1,New Delhi,North Indian,300,Indian Rupees(Rs.),No,No,0.0,1
18352684,Front Food Corner,1,New Delhi,North Indian,50,Indian Rupees(Rs.),No,No,0.0,0
18423135,Gupta's Vegetarian Paradise,1,New Delhi,North Indian,500,Indian Rupees(Rs.),No,No,0.0,1
18472605,Hot Kathi Roll,1,New Delhi,Fast Food,250,Indian Rupees(Rs.),No,No,0.0,0
18224537,House Of Chocolate,1,New Delhi,"Desserts, Bakery",500,Indian Rupees(Rs.),No,No,0.0,2
18494204,Jaisons,1,New Delhi,"Fast Food, Street Food",150,Indian Rupees(Rs.),No,No,0.0,1
18425738,Sher -E- Punjab,1,New Delhi,North Indian,350,Indian Rupees(Rs.),No,No,0.0,0
18418229,Shi Cafe,1,New Delhi,"Cafe, Mexican, Continental",1000,Indian Rupees(Rs.),No,No,0.0,0
18425748,Sri Balaji,1,New Delhi,"South Indian, Chinese",300,Indian Rupees(Rs.),No,No,0.0,2
18287398,Zaika Kathi Roll,1,New Delhi,Fast Food,300,Indian Rupees(Rs.),No,No,0.0,3
18436439,Cravity ,1,New Delhi,"Desserts, Fast Food",350,Indian Rupees(Rs.),No,No,4.0,55
18365575,Little Saigon,1,New Delhi,Vietnamese,1000,Indian Rupees(Rs.),No,No,4.0,83
307490,Summer House Cafe,1,New Delhi,"Italian, Continental",1850,Indian Rupees(Rs.),Yes,No,4.1,1823
301001,Elf Cafe & Bar,1,New Delhi,"Italian, North Indian, Continental",1600,Indian Rupees(Rs.),Yes,No,3.3,704
8369,Garage Inc.,1,New Delhi,"Continental, American, Italian",1900,Indian Rupees(Rs.),Yes,Yes,3.4,763
304296,My Bar Grill,1,New Delhi,"North Indian, Italian, Continental, Chinese",1200,Indian Rupees(Rs.),No,No,3.3,1363
18082196,Wow! Momo,1,New Delhi,Chinese,350,Indian Rupees(Rs.),No,Yes,3.4,491
307931,Coast Cafe,1,New Delhi,"Continental, Kerala",1400,Indian Rupees(Rs.),Yes,Yes,4.5,1033
313304,Chaayos,1,New Delhi,"Cafe, Tea",400,Indian Rupees(Rs.),No,Yes,3.9,454
5732,"Elma's Bakery, Bar, and Kitchen",1,New Delhi,"Continental, American, Italian, Bakery",1900,Indian Rupees(Rs.),Yes,Yes,3.9,1756
301131,Fork You,1,New Delhi,"Continental, Asian, Italian, Mediterranean, Burger",1600,Indian Rupees(Rs.),Yes,Yes,3.8,1845
312437,High5 Cafe & Bar,1,New Delhi,"American, Continental, North Indian, Chinese",1200,Indian Rupees(Rs.),Yes,No,3.7,379
301442,Imperfecto,1,New Delhi,"Mediterranean, Italian, Continental, Spanish, North Indian",1800,Indian Rupees(Rs.),Yes,No,3.7,2247
301574,Maison Des Desserts,1,New Delhi,"Cafe, Desserts",1200,Indian Rupees(Rs.),No,Yes,3.9,552
308463,Maquina,1,New Delhi,"Continental, Tex-Mex",1800,Indian Rupees(Rs.),Yes,No,3.8,567
304027,Masha,1,New Delhi,"North Indian, Chinese, Thai, Italian, Middle Eastern",1200,Indian Rupees(Rs.),Yes,Yes,3.5,384
307330,Moonshine Cafe & Bar,1,New Delhi,"Continental, Italian",2400,Indian Rupees(Rs.),No,No,3.5,884
306334,New York Slice,1,New Delhi,"Pizza, Fast Food",800,Indian Rupees(Rs.),No,Yes,3.7,489
5030,Out Of The Box,1,New Delhi,"American, North Indian, European, Asian",1800,Indian Rupees(Rs.),Yes,No,3.7,3697
8893,Raasta,1,New Delhi,"Continental, Italian",2000,Indian Rupees(Rs.),Yes,Yes,3.9,1878
308322,Hauz Khas Social,1,New Delhi,"Continental, American, Asian, North Indian",1600,Indian Rupees(Rs.),Yes,Yes,4.3,7931
3392,Kunzum Travel Cafe,1,New Delhi,Cafe,200,Indian Rupees(Rs.),No,No,4.2,542
18408040,Lord of the Drinks Meadow,1,New Delhi,"European, Chinese, North Indian, Italian",2200,Indian Rupees(Rs.),Yes,No,4.2,278
307360,Matchbox,1,New Delhi,"American, British, Continental",1700,Indian Rupees(Rs.),Yes,Yes,4.0,969
89,Naivedyam,1,New Delhi,South Indian,500,Indian Rupees(Rs.),No,Yes,4.2,1627
18208924,Rang De Basanti Urban Dhaba,1,New Delhi,North Indian,1300,Indian Rupees(Rs.),Yes,Yes,4.4,541
303092,Smoke House Deli,1,New Delhi,"European, Italian, Cafe",1600,Indian Rupees(Rs.),Yes,Yes,4.1,1199
307436,Viva Deli - Holiday Inn,1,New Delhi,Bakery,1000,Indian Rupees(Rs.),No,No,3.3,30
306510,Cafe on 3 - Holiday Inn,1,New Delhi,"Continental, Chinese, Thai, Mediterranean",2000,Indian Rupees(Rs.),Yes,No,3.4,174
312801,The Kylin Experience - Holiday Inn,1,New Delhi,"Japanese, Chinese, Asian, Thai",1800,Indian Rupees(Rs.),Yes,Yes,3.7,128
3293,Thugs - Hotel Broadway,1,New Delhi,Finger Food,1100,Indian Rupees(Rs.),No,No,3.4,72
422,Chor Bizarre - Hotel Broadway,1,New Delhi,"North Indian, Kashmiri, Chinese, Thai, Korean",2000,Indian Rupees(Rs.),Yes,No,3.9,295
3260,Opium Bar - Hotel City Park,1,New Delhi,"Finger Food, North Indian, Chinese",2000,Indian Rupees(Rs.),Yes,No,2.8,19
1267,Yellow Mirchi - Hotel City Park,1,New Delhi,North Indian,2500,Indian Rupees(Rs.),Yes,No,3.9,259
18273067,Curry Capital - Hotel Classic Diplomat,1,New Delhi,"North Indian, Continental, South Indian, Chinese",1000,Indian Rupees(Rs.),Yes,No,0.0,1
18312623,Viceroy Bar - Hotel Classic Diplomat,1,New Delhi,North Indian,800,Indian Rupees(Rs.),Yes,No,0.0,0
308069,Cafe Regent,1,New Delhi,Cafe,700,Indian Rupees(Rs.),No,No,3.0,7
308068,The Grand Kitchen,1,New Delhi,"North Indian, Chinese",800,Indian Rupees(Rs.),Yes,No,0.0,1
4367,Lutyen's - Hotel The Royal Plaza,1,New Delhi,"Continental, North Indian, Italian",3000,Indian Rupees(Rs.),Yes,No,3.3,95
4364,Onyx Bar - Hotel The Royal Plaza,1,New Delhi,"Continental, Chinese, Japanese, North Indian, Thai",2500,Indian Rupees(Rs.),Yes,No,3.0,19
310365,SKY Lounge Bar & Grill - Hotel The Royal Plaza,1,New Delhi,Finger Food,2500,Indian Rupees(Rs.),Yes,No,3.4,265
4366,Jasmine - Hotel The Royal Plaza,1,New Delhi,"Seafood, Chinese, Japanese, Sushi, Thai",4000,Indian Rupees(Rs.),Yes,No,3.7,44
4365,Lord William Tea Lounge - Hotel The Royal Plaza,1,New Delhi,Cafe,2500,Indian Rupees(Rs.),No,No,3.6,38
18419892,Royal Brewery Bistro,1,New Delhi,"Finger Food, Italian",2000,Indian Rupees(Rs.),Yes,No,3.5,14
4357,Cafe - Hyatt Regency,1,New Delhi,"Cafe, Continental, North Indian",3500,Indian Rupees(Rs.),Yes,No,3.6,261
3379,La Piazza - Hyatt Regency,1,New Delhi,Italian,4500,Indian Rupees(Rs.),Yes,No,3.9,410
3264,Polo Lounge - Hyatt Regency,1,New Delhi,Finger Food,2500,Indian Rupees(Rs.),Yes,No,3.6,49
4368,Sidewalk - Hyatt Regency,1,New Delhi,"Bakery, Cafe",1000,Indian Rupees(Rs.),No,No,3.8,79
4356,T.K'S Oriental Grill - Hyatt Regency,1,New Delhi,"Japanese, Thai, Sushi",4000,Indian Rupees(Rs.),Yes,No,3.9,290
3378,China Kitchen - Hyatt Regency,1,New Delhi,Chinese,4500,Indian Rupees(Rs.),Yes,No,4.0,424
310032,The Hub -  ibis New Delhi,1,New Delhi,North Indian,1500,Indian Rupees(Rs.),Yes,No,3.1,9
18481317,Frugurpop-  ibis New Delhi,1,New Delhi,"Ice Cream, Desserts",300,Indian Rupees(Rs.),No,No,0.0,0
18436483,Baked and Wrapped,1,New Delhi,"Bakery, Desserts",500,Indian Rupees(Rs.),No,No,3.1,5
18245249,M.D. Kitchen,1,New Delhi,"North Indian, Mughlai, Chinese, South Indian",600,Indian Rupees(Rs.),No,Yes,2.6,30
301448,Kerala Hotel,1,New Delhi,"Kerala, Biryani",400,Indian Rupees(Rs.),No,No,3.9,108
18425152,New Classic Kitchen,1,New Delhi,"Chinese, Fast Food",300,Indian Rupees(Rs.),No,No,0.0,0
312231,M.P. Canteen,1,New Delhi,"South Indian, North Indian, Chinese, Mughlai",350,Indian Rupees(Rs.),No,No,3.1,13
18057802,Mysore Cafe,1,New Delhi,South Indian,200,Indian Rupees(Rs.),No,No,3.2,12
307622,Maharashtra Sadan,1,New Delhi,"North Indian, Maharashtrian",300,Indian Rupees(Rs.),No,No,3.8,266
18475283,Kashmiri Hills Wazwan,1,New Delhi,Kashmiri,300,Indian Rupees(Rs.),No,No,0.0,1
18481278,Mirch Masala Restaurant,1,New Delhi,North Indian,400,Indian Rupees(Rs.),No,No,0.0,0
311546,Shree Rathnam,1,New Delhi,"South Indian, North Indian, Chinese",800,Indian Rupees(Rs.),No,No,0.0,3
1546,Abhishek Restaurant,1,New Delhi,"North Indian, Chinese",400,Indian Rupees(Rs.),No,No,2.9,36
4673,AL Maroosh,1,New Delhi,"North Indian, Mughlai, Chinese",500,Indian Rupees(Rs.),No,No,2.8,20
18440187,Ambarsari Kababs & Curries,1,New Delhi,"North Indian, Chinese",400,Indian Rupees(Rs.),No,No,3.0,4
304304,Ambrosia - The Golden Palms Hotel,1,New Delhi,"North Indian, Continental",1500,Indian Rupees(Rs.),Yes,No,2.8,68
18107859,Bala's Kitchen,1,New Delhi,South Indian,300,Indian Rupees(Rs.),No,No,2.9,4
303582,Cafe Meadows,1,New Delhi,"Fast Food, Desserts",200,Indian Rupees(Rs.),No,No,3.1,26
306595,Dee The Baker,1,New Delhi,Bakery,300,Indian Rupees(Rs.),No,Yes,3.4,11
305348,Dilli Darbaar,1,New Delhi,Street Food,100,Indian Rupees(Rs.),No,No,3.1,18
303586,Finger Licious,1,New Delhi,"Bakery, Fast Food",200,Indian Rupees(Rs.),No,Yes,3.2,137
18289231,Garden Hut,1,New Delhi,Chinese,450,Indian Rupees(Rs.),No,No,2.7,8
9803,Hari Mirch Masala,1,New Delhi,"North Indian, Chinese",350,Indian Rupees(Rs.),No,Yes,2.8,101
3700,Kamal's,1,New Delhi,"North Indian, South Indian, Chinese, Fast Food",550,Indian Rupees(Rs.),No,Yes,2.8,103
3093,Kocktails & Kurries,1,New Delhi,"North Indian, Chinese",950,Indian Rupees(Rs.),Yes,Yes,3.1,94
308849,Madras Cafe,1,New Delhi,South Indian,150,Indian Rupees(Rs.),No,No,3.2,22
301149,Mahalaxmi Dairy & Sweets,1,New Delhi,"Mithai, Street Food",100,Indian Rupees(Rs.),No,No,2.6,16
305159,Meet n Eat,1,New Delhi,"North Indian, Fast Food, Chinese",450,Indian Rupees(Rs.),No,No,2.7,56
6256,Punjabi Mirchi,1,New Delhi,"North Indian, Mughlai, Chinese",650,Indian Rupees(Rs.),No,No,3.3,49
18258483,The Garam Masala,1,New Delhi,"North Indian, Chinese",400,Indian Rupees(Rs.),No,Yes,3.4,60
9806,Unique Pastry Shop,1,New Delhi,Bakery,200,Indian Rupees(Rs.),No,Yes,3.4,86
303590,Vaishno Amritsari Dhaba,1,New Delhi,North Indian,350,Indian Rupees(Rs.),No,Yes,3.2,51
311263,Zara Restaurant,1,New Delhi,"North Indian, Mughlai",400,Indian Rupees(Rs.),No,Yes,3.3,24
303592,Bhatia Sweets,1,New Delhi,"Mithai, South Indian, Street Food",150,Indian Rupees(Rs.),No,No,3.5,97
18228856,De Cafepedia,1,New Delhi,"Fast Food, Chinese",250,Indian Rupees(Rs.),No,Yes,3.5,60
18308458,Icy Curls,1,New Delhi,"Desserts, Ice Cream",300,Indian Rupees(Rs.),No,Yes,3.7,25
18378062,Chakhna,1,New Delhi,"North Indian, Chinese",400,Indian Rupees(Rs.),No,Yes,0.0,3
18464687,Choco-House Chocolatiers,1,New Delhi,Desserts,500,Indian Rupees(Rs.),No,No,0.0,0
18428622,D Brown Affairs,1,New Delhi,"Bakery, Desserts",300,Indian Rupees(Rs.),No,No,0.0,0
18432941,Daya Sagar,1,New Delhi,"North Indian, Chinese, Mughlai",400,Indian Rupees(Rs.),No,No,0.0,0
18264980,Food Code 99,1,New Delhi,"Chinese, South Indian, Fast Food",300,Indian Rupees(Rs.),No,No,0.0,1
18378025,Foodie Singh,1,New Delhi,North Indian,500,Indian Rupees(Rs.),No,No,0.0,3
18493572,Gluten Free by Deepika,1,New Delhi,"Bakery, Healthy Food",350,Indian Rupees(Rs.),No,No,0.0,0
18441696,Jain Restaurant,1,New Delhi,North Indian,500,Indian Rupees(Rs.),Yes,No,0.0,0
18421488,Kesariya Sweets,1,New Delhi,Mithai,250,Indian Rupees(Rs.),No,No,0.0,2
308853,KG Confectionery and Pastry Shop,1,New Delhi,"Bakery, Desserts",100,Indian Rupees(Rs.),No,No,0.0,2
312864,Krishna Da Dhaba,1,New Delhi,North Indian,200,Indian Rupees(Rs.),No,No,0.0,3
18492957,Little Cup Cake,1,New Delhi,"Bakery, Desserts",350,Indian Rupees(Rs.),No,No,0.0,0
18439029,New Kovilakam Restaurant,1,New Delhi,"Kerala, South Indian",400,Indian Rupees(Rs.),No,No,0.0,1
18441698,Nice Food Corner,1,New Delhi,Street Food,150,Indian Rupees(Rs.),No,No,0.0,0
18440175,Radhey Radhey Foods,1,New Delhi,North Indian,500,Indian Rupees(Rs.),No,No,0.0,2
18258502,Schezwan Bakery,1,New Delhi,"Bakery, Fast Food",200,Indian Rupees(Rs.),No,No,0.0,0
18440143,Shama Muradabadi Chicken Corner,1,New Delhi,Biryani,300,Indian Rupees(Rs.),No,No,0.0,1
18460414,Starve Stalkers,1,New Delhi,"Italian, Fast Food",300,Indian Rupees(Rs.),No,No,0.0,1
18377928,Tava & Tandoor,1,New Delhi,"North Indian, Chinese",400,Indian Rupees(Rs.),No,No,0.0,1
6777,Chutneez Restaurant Lounge & Bar,1,New Delhi,"North Indian, Chinese, Mughlai",1200,Indian Rupees(Rs.),Yes,Yes,2.4,124
8376,Domino's Pizza,1,New Delhi,"Pizza, Fast Food",700,Indian Rupees(Rs.),No,No,2.4,113
8619,Mangal Sweets,1,New Delhi,"North Indian, Chinese, South Indian, Street Food, Mithai",400,Indian Rupees(Rs.),No,Yes,2.4,166
18228125,Sweet Tickles,1,New Delhi,"Bakery, Desserts",500,Indian Rupees(Rs.),No,No,4.1,71
306026,Ira - The Waterside Bar - ITC Maurya,1,New Delhi,Finger Food,2000,Indian Rupees(Rs.),No,No,3.2,17
302636,Nutmeg The Gourmet Shop - ITC Maurya,1,New Delhi,"Bakery, Desserts",1000,Indian Rupees(Rs.),No,No,3.4,25
18376494,Fabelle Chocolate Boutique - ITC Maurya,1,New Delhi,"Desserts, Ice Cream",1200,Indian Rupees(Rs.),No,No,3.8,20
2745,Golf Bar - ITC Maurya,1,New Delhi,Drinks Only,3500,Indian Rupees(Rs.),No,No,3.5,45
2742,Bukhara - ITC Maurya,1,New Delhi,North Indian,6500,Indian Rupees(Rs.),No,No,4.4,2826
309548,Tian - Asian Cuisine Studio - ITC Maurya,1,New Delhi,"Asian, Japanese, Korean, Thai, Chinese",7000,Indian Rupees(Rs.),No,No,4.1,188
311078,Ashish Lal Dhaba,1,New Delhi,North Indian,400,Indian Rupees(Rs.),No,No,3.2,26
18144464,Lal Dhaba,1,New Delhi,North Indian,200,Indian Rupees(Rs.),No,No,3.1,10
311117,McDonald's,1,New Delhi,"Fast Food, Burger",500,Indian Rupees(Rs.),No,No,3.2,25
303261,Udupi Cafe,1,New Delhi,"South Indian, Chinese",300,Indian Rupees(Rs.),No,No,3.5,117
18037812,"34, Chowringhee Lane",1,New Delhi,Fast Food,350,Indian Rupees(Rs.),No,No,2.7,11
18037793,Amritsar Express,1,New Delhi,Fast Food,100,Indian Rupees(Rs.),No,No,3.1,6
301818,Anand Chicken & Fast Food,1,New Delhi,"Chinese, Fast Food",400,Indian Rupees(Rs.),No,No,2.8,9
18427235,Baba Chicken Ludhiana Wale,1,New Delhi,North Indian,300,Indian Rupees(Rs.),No,Yes,3.1,7
307002,Bombay Vada Pav,1,New Delhi,Street Food,150,Indian Rupees(Rs.),No,No,2.8,41
18037806,Cafe Coffee Day,1,New Delhi,Cafe,450,Indian Rupees(Rs.),No,No,3.1,5
309087,Chin Pokli,1,New Delhi,Chinese,400,Indian Rupees(Rs.),No,No,3.1,13
18367977,Curries,1,New Delhi,"Chinese, Mughlai, North Indian",600,Indian Rupees(Rs.),No,Yes,2.7,6
1106,Deepak Vaishno Dhaba,1,New Delhi,North Indian,350,Indian Rupees(Rs.),No,No,3.4,59
301857,Delhi Dhaba,1,New Delhi,North Indian,300,Indian Rupees(Rs.),No,No,3.1,15
302836,Dewan Sweets,1,New Delhi,"Desserts, Street Food",100,Indian Rupees(Rs.),No,Yes,3.3,18
18279090,Flirty Momo's,1,New Delhi,Chinese,350,Indian Rupees(Rs.),No,Yes,3.1,37
300502,Frontier,1,New Delhi,Bakery,200,Indian Rupees(Rs.),No,No,3.2,14
18203169,Giani,1,New Delhi,"Ice Cream, Desserts",400,Indian Rupees(Rs.),No,No,3.0,6
306891,Green Chick Chop,1,New Delhi,"Raw Meats, North Indian, Fast Food",350,Indian Rupees(Rs.),No,No,3.3,60
6959,Khalsa Veg Corner,1,New Delhi,"North Indian, Fast Food",300,Indian Rupees(Rs.),No,No,3.4,22
18282019,Kings Kulfi,1,New Delhi,Ice Cream,150,Indian Rupees(Rs.),No,No,3.3,10
2399,Kohli Dhaba,1,New Delhi,North Indian,600,Indian Rupees(Rs.),No,Yes,3.4,74
5420,Laxmi Ice Cream,1,New Delhi,"Ice Cream, Desserts",200,Indian Rupees(Rs.),No,No,3.4,25
8521,Mosaic - SK Premium Park,1,New Delhi,"North Indian, Chinese, Continental",2500,Indian Rupees(Rs.),Yes,No,2.9,14
18292455,Moti Mahal Delux,1,New Delhi,"North Indian, Chinese",800,Indian Rupees(Rs.),Yes,Yes,2.7,12
4000,Mukesh Chic-Inn Hot & Spice,1,New Delhi,Mughlai,400,Indian Rupees(Rs.),No,Yes,3.0,9
18241858,Muradabadi Biryani,1,New Delhi,Hyderabadi,300,Indian Rupees(Rs.),No,No,2.6,18
310732,Muradabadi Shahi Biryani & Chicken Corner,1,New Delhi,"North Indian, Biryani",450,Indian Rupees(Rs.),No,No,3.3,68
300522,Nagi Fish Corner,1,New Delhi,North Indian,250,Indian Rupees(Rs.),No,No,3.1,7
18408034,Nirula's Ice Cream,1,New Delhi,"Desserts, Ice Cream",250,Indian Rupees(Rs.),No,No,3.0,4
301803,Papa Veg Chinese Food,1,New Delhi,"Chinese, Fast Food",400,Indian Rupees(Rs.),No,Yes,2.9,33
18282017,Pindi's Kitchen,1,New Delhi,Mughlai,450,Indian Rupees(Rs.),No,No,3.3,11
18455615,Rewari Sweets,1,New Delhi,Mithai,400,Indian Rupees(Rs.),No,No,3.2,5
5400,Roti Aur Boti,1,New Delhi,Fast Food,100,Indian Rupees(Rs.),No,No,3.2,38
300561,Sahni Chicken Corner,1,New Delhi,"North Indian, Mughlai",500,Indian Rupees(Rs.),No,Yes,3.2,23
301823,Sarpal Restaurant,1,New Delhi,"North Indian, Mughlai",550,Indian Rupees(Rs.),No,No,3.1,14
18282009,SGF - Spice Grill Flame,1,New Delhi,"North Indian, Chinese",500,Indian Rupees(Rs.),No,No,2.9,8
6978,Shanta Fresh Fish Corner,1,New Delhi,North Indian,400,Indian Rupees(Rs.),No,No,3.1,9
18281946,Shree Meenakshi Dosai,1,New Delhi,South Indian,250,Indian Rupees(Rs.),No,No,2.9,8
6052,Singz,1,New Delhi,"North Indian, Chinese",600,Indian Rupees(Rs.),No,Yes,2.9,57
5965,Sona Bakers,1,New Delhi,Bakery,200,Indian Rupees(Rs.),No,No,3.4,17
18381639,Tak - a - Tak,1,New Delhi,North Indian,300,Indian Rupees(Rs.),No,No,3.3,14
18289278,The Great Indian Food Truck,1,New Delhi,"Chinese, Mexican, Italian",250,Indian Rupees(Rs.),No,No,3.0,6
308716,Tihar Food Court,1,New Delhi,Fast Food,300,Indian Rupees(Rs.),No,No,2.9,14
306985,Uncle Da Dhabha,1,New Delhi,North Indian,200,Indian Rupees(Rs.),No,No,3.0,6
307861,Variety Chicken Corner,1,New Delhi,North Indian,450,Indian Rupees(Rs.),No,No,2.9,16
18429381,Wah Ji Wah,1,New Delhi,"Mughlai, Chinese",450,Indian Rupees(Rs.),No,Yes,2.5,9
18366009,9 Scoops,1,New Delhi,Ice Cream,300,Indian Rupees(Rs.),No,No,3.6,33
18415357,Kati Roll Cottage,1,New Delhi,Fast Food,200,Indian Rupees(Rs.),No,Yes,3.5,14
300501,Pul Bangash Wale,1,New Delhi,"North Indian, Mughlai",300,Indian Rupees(Rs.),No,No,3.7,89
307006,Sunny Chicken Soup,1,New Delhi,North Indian,200,Indian Rupees(Rs.),No,No,3.6,75
18424895,Yo Momos,1,New Delhi,"Chinese, North Indian",300,Indian Rupees(Rs.),No,Yes,3.7,29
18282015,Bikaner Sweets,1,New Delhi,"Chinese, Mithai",200,Indian Rupees(Rs.),No,No,0.0,1
306974,Bittoo Murge Wala,1,New Delhi,North Indian,300,Indian Rupees(Rs.),No,No,0.0,1
18431980,Jalebi Wala,1,New Delhi,Desserts,100,Indian Rupees(Rs.),No,No,0.0,2
18429401,Just Parkash,1,New Delhi,Chinese,350,Indian Rupees(Rs.),No,No,0.0,2
301822,Kwality Sweet Corner,1,New Delhi,"Chinese, Mithai",200,Indian Rupees(Rs.),No,No,0.0,3
18367979,Mohan Chaat Corner,1,New Delhi,"North Indian, Chinese",200,Indian Rupees(Rs.),No,No,0.0,1
18366025,Mr. Momo,1,New Delhi,"Fast Food, Chinese",350,Indian Rupees(Rs.),No,No,0.0,1
18456774,Pishori Chicken Corner,1,New Delhi,"Mughlai, Fast Food",350,Indian Rupees(Rs.),No,No,0.0,1
18458301,Punjab Patiyala Sahi,1,New Delhi,"Mughlai, North Indian",350,Indian Rupees(Rs.),No,No,0.0,1
18037794,Shama Chicken Corner,1,New Delhi,"Biryani, Mughlai",300,Indian Rupees(Rs.),No,No,0.0,3
18454474,Wah G Wah,1,New Delhi,"North Indian, Chinese",450,Indian Rupees(Rs.),No,Yes,0.0,2
18245258,Grillz,1,New Delhi,Fast Food,500,Indian Rupees(Rs.),No,Yes,2.2,19
17977777,The Barbeque Company,1,New Delhi,"North Indian, Chinese, Continental",1200,Indian Rupees(Rs.),No,No,4.2,621
18349901,Anmol Chicken Corner,1,New Delhi,North Indian,400,Indian Rupees(Rs.),No,No,3.1,7
18349910,Babu Bhai Kabab Wale,1,New Delhi,Mughlai,200,Indian Rupees(Rs.),No,No,3.4,12
304091,Chicken Mughlai,1,New Delhi,"North Indian, Mughlai",350,Indian Rupees(Rs.),No,No,3.0,6
18420675,Cool Point Shahi Tukda,1,New Delhi,"Desserts, Beverages",100,Indian Rupees(Rs.),No,No,3.1,5
308014,Jawahar Hotel,1,New Delhi,"North Indian, Mughlai",500,Indian Rupees(Rs.),No,No,3.4,40
18291241,Lalu Kababe,1,New Delhi,Mughlai,200,Indian Rupees(Rs.),No,No,3.2,13
18336178,Phelwan Biryani Wala,1,New Delhi,Mughlai,150,Indian Rupees(Rs.),No,No,3.0,5
18454466,Qureshi Kabab Corner,1,New Delhi,Mughlai,300,Indian Rupees(Rs.),No,No,3.0,5
993,Al Jawahar,1,New Delhi,"Mughlai, North Indian",600,Indian Rupees(Rs.),No,No,3.8,1585
305598,Aslam Chicken,1,New Delhi,Mughlai,400,Indian Rupees(Rs.),No,No,3.9,635
18336494,Dil Pasand Biryani Point,1,New Delhi,Biryani,200,Indian Rupees(Rs.),No,No,3.5,12
18340727,Haji Mohd. Hussain,1,New Delhi,Mughlai,300,Indian Rupees(Rs.),No,No,3.6,22
308001,Kallan Sweets,1,New Delhi,Mithai,100,Indian Rupees(Rs.),No,No,3.8,75
18396855,The Walled City - Caf? & Lounge,1,New Delhi,"Continental, North Indian, Mughlai, Chinese",700,Indian Rupees(Rs.),No,No,3.8,40
18261688,Al-Nawab,1,New Delhi,Mughlai,300,Indian Rupees(Rs.),No,No,0.0,0
18208922,Ameer Sweets House,1,New Delhi,"Mithai, Street Food",100,Indian Rupees(Rs.),No,No,0.0,3
18308432,Anwar Food Corner,1,New Delhi,Mughlai,600,Indian Rupees(Rs.),No,No,0.0,3
18408050,Fish Point,1,New Delhi,North Indian,200,Indian Rupees(Rs.),No,No,0.0,2
18349897,Golden Bakery,1,New Delhi,Bakery,100,Indian Rupees(Rs.),No,No,0.0,1
18336488,Hotel Maidah,1,New Delhi,"North Indian, Mughlai",400,Indian Rupees(Rs.),No,No,0.0,2
18454468,Lahori Food,1,New Delhi,North Indian,400,Indian Rupees(Rs.),No,No,0.0,0
18451575,Majlis Foods,1,New Delhi,North Indian,400,Indian Rupees(Rs.),No,No,0.0,0
18079620,Cool Point,1,New Delhi,"Desserts, Beverages",100,Indian Rupees(Rs.),No,No,4.2,69
304617,Haji Shabrati Nihari Wale,1,New Delhi,Mughlai,200,Indian Rupees(Rs.),No,No,4.0,115
463,Karim's,1,New Delhi,"Mughlai, North Indian",800,Indian Rupees(Rs.),No,No,4.0,4689
18291442,Qureshi Kabab Corner,1,New Delhi,Mughlai,200,Indian Rupees(Rs.),No,No,4.3,76
300430,Bake Bikaner,1,New Delhi,"North Indian, South Indian, Chinese, Street Food",500,Indian Rupees(Rs.),No,Yes,3.3,86
533,Barista,1,New Delhi,Cafe,650,Indian Rupees(Rs.),No,Yes,3.3,74
18365984,Behrouz Biryani,1,New Delhi,Biryani,600,Indian Rupees(Rs.),No,Yes,3.4,49
18057812,Brunchilli,1,New Delhi,"North Indian, Chinese",800,Indian Rupees(Rs.),No,Yes,3.2,84
7012,Cafe Coffee Day,1,New Delhi,Cafe,450,Indian Rupees(Rs.),No,No,3.4,50
313194,Chawla Dillivala,1,New Delhi,"North Indian, Chinese",600,Indian Rupees(Rs.),No,No,2.7,91
18466975,Dhaba Ambarsariya,1,New Delhi,"North Indian, Chinese",700,Indian Rupees(Rs.),Yes,Yes,3.3,23
8365,Domino's Pizza,1,New Delhi,"Pizza, Fast Food",700,Indian Rupees(Rs.),No,No,3.4,88
307699,GPW - The Food Hub,1,New Delhi,"North Indian, Chinese",400,Indian Rupees(Rs.),No,Yes,3.0,70
305723,Green Bhojanalya,1,New Delhi,North Indian,400,Indian Rupees(Rs.),No,Yes,3.2,96
18175283,Hira Sweets,1,New Delhi,"North Indian, South Indian, Street Food, Fast Food, Mithai",600,Indian Rupees(Rs.),No,No,2.5,85
4018,Hot Curries,1,New Delhi,"North Indian, Mughlai, Chinese",700,Indian Rupees(Rs.),No,Yes,3.4,60
4019,Meenu Caterers,1,New Delhi,"North Indian, Chinese",600,Indian Rupees(Rs.),No,Yes,2.7,82
482,Moti Mahal Delux,1,New Delhi,"North Indian, Mughlai, Chinese",1000,Indian Rupees(Rs.),Yes,Yes,2.6,105
355,New Kadimi,1,New Delhi,"North Indian, South Indian, Chinese, Fast Food",600,Indian Rupees(Rs.),No,Yes,2.5,162
1104,Polka Pastry & Snack Bar,1,New Delhi,"Bakery, Fast Food",350,Indian Rupees(Rs.),No,No,3.2,62
300994,Pudding & Pie,1,New Delhi,"Bakery, Fast Food",450,Indian Rupees(Rs.),No,No,3.4,66
310691,Singz,1,New Delhi,"North Indian, Chinese",700,Indian Rupees(Rs.),No,No,2.5,46
303247,Slice of Italy,1,New Delhi,"Italian, Pizza, Bakery",700,Indian Rupees(Rs.),No,Yes,3.4,198
311616,Subway,1,New Delhi,"American, Fast Food, Salad, Healthy Food",500,Indian Rupees(Rs.),No,Yes,3.1,69
7025,Suruchee,1,New Delhi,"Bengali, North Indian",500,Indian Rupees(Rs.),No,Yes,3.4,52
301335,The Bubble Tea Cafe,1,New Delhi,Cafe,600,Indian Rupees(Rs.),No,Yes,3.0,182
4016,The Destination,1,New Delhi,"Chinese, Mughlai",1400,Indian Rupees(Rs.),Yes,Yes,3.3,85
18238968,The Night Delights,1,New Delhi,"North Indian, Chinese",800,Indian Rupees(Rs.),No,Yes,3.4,102
18175340,Tingling Pepper,1,New Delhi,"North Indian, Chinese, Continental, Fast Food",400,Indian Rupees(Rs.),No,Yes,3.4,69
313498,Wah G Wah,1,New Delhi,"North Indian, Chinese",450,Indian Rupees(Rs.),No,Yes,2.7,37
18421049,Midnight Hunger Hub,1,New Delhi,"North Indian, Fast Food, Italian, Asian",800,Indian Rupees(Rs.),No,Yes,4.5,50
18345739,BarShala,1,New Delhi,Finger Food,600,Indian Rupees(Rs.),No,No,3.5,40
18261158,Bemisaal Reloaded,1,New Delhi,"North Indian, Chinese",1250,Indian Rupees(Rs.),No,Yes,3.8,128
4010,Bon App?tit,1,New Delhi,Fast Food,350,Indian Rupees(Rs.),No,Yes,3.8,212
309283,Burger Point,1,New Delhi,"Burger, Fast Food",300,Indian Rupees(Rs.),No,No,3.6,164
17977755,Cakes 'n' Crumbs,1,New Delhi,Bakery,400,Indian Rupees(Rs.),No,Yes,3.6,70
5388,China Fort,1,New Delhi,"Chinese, North Indian, Thai",700,Indian Rupees(Rs.),No,Yes,3.5,74
4723,Giani,1,New Delhi,"Ice Cream, Desserts",400,Indian Rupees(Rs.),No,Yes,3.5,33
311889,Hot Cherries,1,New Delhi,Bakery,400,Indian Rupees(Rs.),No,No,3.6,116
311922,KFC,1,New Delhi,"American, Fast Food",500,Indian Rupees(Rs.),No,Yes,3.5,62
185,McDonald's,1,New Delhi,"Fast Food, Burger",500,Indian Rupees(Rs.),No,Yes,3.6,179
18268370,Pasta Xpress,1,New Delhi,"Italian, Fast Food",700,Indian Rupees(Rs.),No,Yes,3.6,56
4021,Tandoor Bar-Be-Que,1,New Delhi,"North Indian, Mughlai",600,Indian Rupees(Rs.),No,Yes,3.5,131
300527,TBK Kulcha's,1,New Delhi,"Fast Food, Street Food",300,Indian Rupees(Rs.),No,Yes,3.6,155
18219547,The Pindi,1,New Delhi,"North Indian, Chinese, Mughlai",1300,Indian Rupees(Rs.),Yes,Yes,3.5,100
18412874,The Tangy Tomatoes,1,New Delhi,"Italian, Chinese, Fast Food, North Indian",400,Indian Rupees(Rs.),No,Yes,3.7,32
18244719,Thela,1,New Delhi,"North Indian, Fast Food, Chinese",500,Indian Rupees(Rs.),No,Yes,3.5,87
18322665,Wah Ji Wah,1,New Delhi,"North Indian, Chinese",450,Indian Rupees(Rs.),Yes,Yes,3.7,61
7018,Muffins,1,New Delhi,"Bakery, Fast Food",250,Indian Rupees(Rs.),No,No,1.9,66
18446409,Food Scouts,1,New Delhi,"North Indian, Chinese, Continental",700,Indian Rupees(Rs.),No,Yes,4.3,22
7891,Aggarwal Sweet India,1,New Delhi,"Mithai, Street Food",150,Indian Rupees(Rs.),No,No,2.8,15
304445,Bhola Dhaba,1,New Delhi,North Indian,300,Indian Rupees(Rs.),No,Yes,2.8,30
18337922,Cake Me Up,1,New Delhi,Bakery,400,Indian Rupees(Rs.),No,No,3.1,7
18357562,Chawla Snacks,1,New Delhi,North Indian,250,Indian Rupees(Rs.),No,No,2.9,4
9602,Chef Joint,1,New Delhi,"North Indian, Chinese",400,Indian Rupees(Rs.),No,Yes,3.2,45
310305,China Hut,1,New Delhi,Chinese,400,Indian Rupees(Rs.),No,Yes,3.0,16
18025100,Chinese Hut,1,New Delhi,"Chinese, Fast Food",450,Indian Rupees(Rs.),No,Yes,2.8,5
18355110,Curries & Kebabs,1,New Delhi,"North Indian, Mughlai, Chinese",500,Indian Rupees(Rs.),No,Yes,2.7,7
18322676,Giani's,1,New Delhi,"Ice Cream, Desserts",400,Indian Rupees(Rs.),No,No,3.1,9
308488,Green Chick Chop,1,New Delhi,"Raw Meats, North Indian, Fast Food",350,Indian Rupees(Rs.),No,No,3.1,15
7874,Kabul Restaurant,1,New Delhi,"Mughlai, Afghani",450,Indian Rupees(Rs.),No,No,2.8,25
18313115,Kadimi Dukan,1,New Delhi,"Street Food, Mithai",200,Indian Rupees(Rs.),No,No,3.2,10
302514,Kadimi Sweets,1,New Delhi,"Mithai, Street Food",200,Indian Rupees(Rs.),No,No,3.1,42
9573,McDonald's,1,New Delhi,"Fast Food, Burger",500,Indian Rupees(Rs.),No,Yes,3.4,62
7892,Modi Pastry Corner,1,New Delhi,"Bakery, Fast Food",100,Indian Rupees(Rs.),No,No,2.6,17
9568,New Evergreen Hotel,1,New Delhi,"North Indian, Mughlai",450,Indian Rupees(Rs.),No,No,2.9,7
3681,Nikku Hotel,1,New Delhi,"North Indian, Chinese, Fast Food",500,Indian Rupees(Rs.),No,Yes,2.6,9
3337,Om Hotel,1,New Delhi,"North Indian, Mughlai, South Indian",600,Indian Rupees(Rs.),No,No,3.3,140
310101,Pakeeza Burger,1,New Delhi,"North Indian, Afghani",600,Indian Rupees(Rs.),No,No,2.6,15
7889,Paljees Fresh Baked,1,New Delhi,"Bakery, Desserts, Fast Food",200,Indian Rupees(Rs.),No,No,3.1,16
7879,Pinka's Rasoi,1,New Delhi,North Indian,500,Indian Rupees(Rs.),No,Yes,3.1,21
310469,Republic of Chicken,1,New Delhi,"Raw Meats, Fast Food",400,Indian Rupees(Rs.),No,No,2.8,5
18449787,Sandwich & Sons,1,New Delhi,Fast Food,500,Indian Rupees(Rs.),No,Yes,3.2,24
303608,Simple Restaurant,1,New Delhi,"North Indian, Chinese",500,Indian Rupees(Rs.),No,No,3.0,15
307785,Subway,1,New Delhi,"American, Fast Food, Salad, Healthy Food",500,Indian Rupees(Rs.),No,Yes,3.3,78
310100,Tempting Bar-B-Que,1,New Delhi,"North Indian, Chinese",650,Indian Rupees(Rs.),No,Yes,3.3,29
310468,The Biryani Hut,1,New Delhi,Biryani,400,Indian Rupees(Rs.),No,No,2.9,5
3339,Beliram Degchiwala,1,New Delhi,"North Indian, Mughlai",900,Indian Rupees(Rs.),No,Yes,3.5,107
18369763,Instapizza,1,New Delhi,"Pizza, Fast Food",900,Indian Rupees(Rs.),No,Yes,3.9,55
312949,Janta Bakery,1,New Delhi,"Bakery, Fast Food",150,Indian Rupees(Rs.),No,No,3.6,32
3684,Pal Refreshment Corner,1,New Delhi,"North Indian, Chinese",500,Indian Rupees(Rs.),No,Yes,3.5,32
18463963,Transform Nutrition,1,New Delhi,"Healthy Food, Continental",400,Indian Rupees(Rs.),No,No,3.5,19
18357554,Bhashi Caterers,1,New Delhi,North Indian,600,Indian Rupees(Rs.),No,Yes,0.0,3
310102,Birbal Ji Dhaba,1,New Delhi,North Indian,350,Indian Rupees(Rs.),No,No,0.0,1
18243438,Chaap Express,1,New Delhi,North Indian,300,Indian Rupees(Rs.),No,No,0.0,2
18419915,Daawat-e-Mehak,1,New Delhi,"North Indian, Mughlai, Chinese",350,Indian Rupees(Rs.),No,No,0.0,0
18479001,Delhi Biryani Hut,1,New Delhi,Mughlai,300,Indian Rupees(Rs.),No,No,0.0,0
18419906,K. B. Eating Point,1,New Delhi,"Chinese, South Indian",250,Indian Rupees(Rs.),No,Yes,0.0,0
18419911,Kashmiri Wazwan,1,New Delhi,Kashmiri,250,Indian Rupees(Rs.),No,No,0.0,1
18419919,Maan Singh Halwai,1,New Delhi,Mithai,100,Indian Rupees(Rs.),No,No,0.0,0
18294233,Mughlai Darbar Muradabadi,1,New Delhi,Mughlai,300,Indian Rupees(Rs.),No,No,0.0,0
18419901,P.S. Chinese & Thai Food,1,New Delhi,Chinese,300,Indian Rupees(Rs.),No,No,0.0,0
18481273,Pak Afghan Restaurant,1,New Delhi,Afghani,300,Indian Rupees(Rs.),No,No,0.0,0
18313119,Pakeeza Restaurants,1,New Delhi,Mughlai,500,Indian Rupees(Rs.),No,No,0.0,0
18486830,Radhe Shyam Chole Bhature,1,New Delhi,Street Food,100,Indian Rupees(Rs.),No,No,0.0,0
18453186,Sanjha Chulha,1,New Delhi,"North Indian, Mughlai",700,Indian Rupees(Rs.),Yes,No,0.0,1
18354663,Sardar A Pure Meat Shop,1,New Delhi,"Raw Meats, Fast Food",300,Indian Rupees(Rs.),No,No,0.0,3
18419897,Shahi Muradabadi & Hyderabadi,1,New Delhi,Mughlai,200,Indian Rupees(Rs.),No,No,0.0,0
18481322,Shankar Chinese Foods,1,New Delhi,"Chinese, Fast Food",200,Indian Rupees(Rs.),No,No,0.0,0
18357557,Shri Ram Sweets,1,New Delhi,"South Indian, Street Food, Chinese",300,Indian Rupees(Rs.),No,No,0.0,2
18025096,Subhash Punjabi Family Dhaba,1,New Delhi,North Indian,350,Indian Rupees(Rs.),No,Yes,0.0,1
18286922,Tandoori Nature,1,New Delhi,North Indian,400,Indian Rupees(Rs.),No,No,0.0,0
18458302,Tinker Koch,1,New Delhi,North Indian,300,Indian Rupees(Rs.),No,No,0.0,0
18447302,Wakhra Swag,1,New Delhi,"South Indian, Chinese, Fast Food",200,Indian Rupees(Rs.),No,No,0.0,0
300744,Chawla's?,1,New Delhi,"North Indian, Mughlai",800,Indian Rupees(Rs.),Yes,Yes,2.3,126
8509,Barbeque Nation,1,New Delhi,"North Indian, Chinese",1600,Indian Rupees(Rs.),No,No,4.0,744
3338,Novelty Dairy & Stores,1,New Delhi,Fast Food,200,Indian Rupees(Rs.),No,No,4.1,352
18133513,Caara Cafe,1,New Delhi,"Cafe, European",600,Indian Rupees(Rs.),No,No,3.3,59
619,Cafe Coffee Day - The Lounge,1,New Delhi,Cafe,750,Indian Rupees(Rs.),No,No,3.3,81
300581,Cafe Coffee Day,1,New Delhi,Cafe,450,Indian Rupees(Rs.),No,No,3.1,34
300577,Costa Coffee,1,New Delhi,Cafe,600,Indian Rupees(Rs.),No,No,3.4,31
6174,Gulnar - Hotel Janpath,1,New Delhi,"North Indian, Chinese",2000,Indian Rupees(Rs.),Yes,No,3.2,40
300593,Kalpana Restaurant,1,New Delhi,"North Indian, Chinese, Mughlai",500,Indian Rupees(Rs.),No,Yes,3.2,40
300589,Meenas,1,New Delhi,"North Indian, Chinese",550,Indian Rupees(Rs.),No,No,2.9,7
261,Pizza Hut,1,New Delhi,"Italian, Pizza, Fast Food",1000,Indian Rupees(Rs.),No,Yes,3.4,116
18400724,Prince Chaat Corner,1,New Delhi,Street Food,150,Indian Rupees(Rs.),No,No,3.2,12
300591,Rajeev Restaurant,1,New Delhi,North Indian,200,Indian Rupees(Rs.),No,No,3.0,5
18372578,RSVP,1,New Delhi,Finger Food,3000,Indian Rupees(Rs.),No,No,2.7,16
307371,Samridhi,1,New Delhi,"Kerala, South Indian",350,Indian Rupees(Rs.),No,No,3.2,85
300584,Shan E Dilli,1,New Delhi,North Indian,400,Indian Rupees(Rs.),No,No,3.0,7
18462606,Svasti Cafe,1,New Delhi,"North Indian, Fast Food, Bihari",800,Indian Rupees(Rs.),Yes,No,3.1,6
18357558,The Zest,1,New Delhi,"North Indian, Continental",1100,Indian Rupees(Rs.),Yes,No,3.2,11
18345728,Masala Library,1,New Delhi,Modern Indian,5000,Indian Rupees(Rs.),No,No,4.9,408
301301,Bhogal Chole Bhature Wala,1,New Delhi,Street Food,150,Indian Rupees(Rs.),No,No,3.8,47
18249111,Bunta Bar,1,New Delhi,"Modern Indian, North Indian",1200,Indian Rupees(Rs.),Yes,No,3.9,450
308280,Cafe Coffee Day The Square,1,New Delhi,Cafe,700,Indian Rupees(Rs.),No,No,3.7,49
309807,Cottage Caf? by Smoothie factory,1,New Delhi,"Cafe, Desserts, Healthy Food, Juices",650,Indian Rupees(Rs.),No,Yes,3.7,223
8451,Depaul's,1,New Delhi,Fast Food,200,Indian Rupees(Rs.),No,No,3.7,475
3782,Fresc Co,1,New Delhi,"Italian, Mediterranean",1900,Indian Rupees(Rs.),Yes,Yes,3.8,1347
18168125,Informal,1,New Delhi,"North Indian, Spanish, Mediterranean",1200,Indian Rupees(Rs.),Yes,No,3.9,555
311982,Lutyens Cocktail House,1,New Delhi,"North Indian, Lebanese, European, Mexican",2100,Indian Rupees(Rs.),Yes,No,3.9,299
182,McDonald's,1,New Delhi,"Fast Food, Burger",500,Indian Rupees(Rs.),No,Yes,3.8,158
18349923,Office Office,1,New Delhi,"North Indian, Continental",1200,Indian Rupees(Rs.),No,No,3.9,291
311871,Pappu Chat Bhandar,1,New Delhi,Street Food,150,Indian Rupees(Rs.),No,No,3.5,19
8911,The Beer Cafe,1,New Delhi,"Finger Food, North Indian",1250,Indian Rupees(Rs.),Yes,No,3.6,1058
18398618,The Masala Trail,1,New Delhi,"North Indian, South Indian, Street Food",800,Indian Rupees(Rs.),Yes,Yes,3.9,303
18486847,Chill House Kafe,1,New Delhi,Cafe,250,Indian Rupees(Rs.),No,No,0.0,1
18394362,Connoisseur,1,New Delhi,Bakery,400,Indian Rupees(Rs.),No,No,0.0,0
18380392,Mahesh Chaat Corner,1,New Delhi,"Chinese, Fast Food, Pizza",250,Indian Rupees(Rs.),No,No,0.0,0
18458647,Pind Balluchi,1,New Delhi,"North Indian, Mughlai",1000,Indian Rupees(Rs.),Yes,No,0.0,3
18124375,Queen's Way,1,New Delhi,"North Indian, Mughlai",500,Indian Rupees(Rs.),No,No,0.0,2
300582,Sea Lord,1,New Delhi,"North Indian, South Indian",250,Indian Rupees(Rs.),No,No,0.0,3
18306547,52 Janpath,1,New Delhi,"American, Italian, North Indian, European, Thai",1550,Indian Rupees(Rs.),Yes,No,4.2,361
18424189,Cafe Southall,1,New Delhi,"North Indian, Italian, Continental, Asian",1350,Indian Rupees(Rs.),Yes,No,4.2,162
899,Saravana Bhavan,1,New Delhi,South Indian,500,Indian Rupees(Rs.),No,Yes,4.2,1869
18357911,Tourist Janpath,1,New Delhi,"North Indian, American, Chinese",2000,Indian Rupees(Rs.),Yes,No,4.1,501
7901,Cafe Coffee Day,1,New Delhi,Cafe,450,Indian Rupees(Rs.),No,No,3.1,23
309778,Cafe Punjabi,1,New Delhi,North Indian,300,Indian Rupees(Rs.),No,No,3.3,33
18359262,Chai Garam,1,New Delhi,"Beverages, Fast Food",300,Indian Rupees(Rs.),No,No,2.9,6
18358682,Chai Shots,1,New Delhi,"Beverages, Fast Food",200,Indian Rupees(Rs.),No,No,3.0,15
18413811,Chao Cart,1,New Delhi,Chinese,400,Indian Rupees(Rs.),No,No,3.1,4
8160,Deli Belly,1,New Delhi,"North Indian, Italian, Continental",1000,Indian Rupees(Rs.),Yes,No,2.6,49
18240023,Ego,1,New Delhi,"Continental, Italian",800,Indian Rupees(Rs.),Yes,No,3.3,14
306038,Fresh n Refresh,1,New Delhi,Fast Food,500,Indian Rupees(Rs.),No,No,2.8,22
18337775,Jack Po!tato's,1,New Delhi,Fast Food,150,Indian Rupees(Rs.),No,No,3.3,15
18241514,Moti Mahal Delux,1,New Delhi,"North Indian, Mughlai",950,Indian Rupees(Rs.),Yes,Yes,2.8,26
7912,Pizza Hut Delivery,1,New Delhi,"Italian, Pizza, Fast Food",800,Indian Rupees(Rs.),No,Yes,2.5,47
18387753,Riviera,1,New Delhi,"Continental, North Indian, Chinese, Mughlai, Asian",1000,Indian Rupees(Rs.),Yes,No,3.2,8
9700,Subway,1,New Delhi,"American, Fast Food, Salad, Healthy Food",500,Indian Rupees(Rs.),No,Yes,2.8,67
307342,Tamura,1,New Delhi,Japanese,1500,Indian Rupees(Rs.),Yes,No,3.3,19
301898,ANF Kitchen Express,1,New Delhi,"North Indian, Fast Food",450,Indian Rupees(Rs.),No,No,3.5,49
18322937,Mumu Dahlin,1,New Delhi,"Continental, North Indian, Chinese, Cafe",1000,Indian Rupees(Rs.),Yes,No,3.8,92
18303834,Startup Cafe,1,New Delhi,Cafe,500,Indian Rupees(Rs.),No,Yes,3.7,78
18241883,Starvin' Marvin,1,New Delhi,"Italian, Mexican, Lebanese, Continental",600,Indian Rupees(Rs.),No,Yes,3.8,170
18285180,Wok On Wheels,1,New Delhi,Chinese,550,Indian Rupees(Rs.),No,Yes,3.8,80
18464001,Chai Mantra,1,New Delhi,"Fast Food, Beverages",200,Indian Rupees(Rs.),No,No,0.0,3
7908,Sagar Ratna,1,New Delhi,"South Indian, North Indian, Chinese",600,Indian Rupees(Rs.),No,Yes,2.4,76
4503,Paatra - Jaypee Siddharth,1,New Delhi,North Indian,3500,Indian Rupees(Rs.),Yes,No,3.4,120
4502,Eggspectation - Jaypee Siddharth,1,New Delhi,"European, Continental, North Indian",3000,Indian Rupees(Rs.),Yes,No,3.5,202
4499,Ano Tai - Jaypee Vasant Continental,1,New Delhi,Chinese,2500,Indian Rupees(Rs.),Yes,No,3.4,64
4235,Tapas - Jaypee Vasant Continental,1,New Delhi,North Indian,3000,Indian Rupees(Rs.),Yes,No,3.2,24
4500,The Old Baker - Jaypee Vasant Continental,1,New Delhi,Bakery,500,Indian Rupees(Rs.),No,No,3.3,17
4234,Eggspectation - Jaypee Vasant Continental,1,New Delhi,"European, Continental, North Indian",3000,Indian Rupees(Rs.),Yes,No,3.6,162
4501,Paatra - Jaypee Vasant Continental,1,New Delhi,"North Indian, Mughlai",2500,Indian Rupees(Rs.),Yes,No,3.5,79
308243,Ambarsaria by Gourmet Affaire's,1,New Delhi,Fast Food,400,Indian Rupees(Rs.),No,Yes,3.1,43
703,August Moon,1,New Delhi,"Chinese, Thai",1250,Indian Rupees(Rs.),Yes,Yes,2.8,142
18334427,Keventers,1,New Delhi,Beverages,400,Indian Rupees(Rs.),No,No,3.3,10
310529,Moets Curry Leaf Express,1,New Delhi,"North Indian, Mughlai",900,Indian Rupees(Rs.),Yes,Yes,3.2,23
309844,Natural Ice Cream,1,New Delhi,Ice Cream,150,Indian Rupees(Rs.),No,Yes,4.5,665
306034,"34, Chowringhee Lane",1,New Delhi,Fast Food,300,Indian Rupees(Rs.),No,No,3.2,15
303604,Qureshi,1,New Delhi,"North Indian, Fast Food",350,Indian Rupees(Rs.),No,No,3.0,27
1505,Shree Ram Sweet Centre,1,New Delhi,"Mithai, Street Food",150,Indian Rupees(Rs.),No,No,2.7,13
303583,Teflas,1,New Delhi,"North Indian, Chinese",300,Indian Rupees(Rs.),No,No,3.4,53
18175324,The Viraj Food Zone,1,New Delhi,"North Indian, Chinese",500,Indian Rupees(Rs.),No,No,3.2,29
18391147,RollsKing,1,New Delhi,Fast Food,300,Indian Rupees(Rs.),No,No,3.5,14
301130,Secular House Canteen,1,New Delhi,"North Indian, Mughlai, Chinese",600,Indian Rupees(Rs.),No,Yes,3.8,414
18354985,Amul Ice-Cream Parlour,1,New Delhi,Ice Cream,200,Indian Rupees(Rs.),No,No,0.0,1
18414503,Sunny Restaurant & Tiffin,1,New Delhi,North Indian,400,Indian Rupees(Rs.),No,No,0.0,0
7807,Kerala Cafe,1,New Delhi,"North Indian, South Indian",150,Indian Rupees(Rs.),No,No,2.3,44
300887,Veer Jee Restaurant,1,New Delhi,"North Indian, Mughlai",450,Indian Rupees(Rs.),No,No,3.1,35
306251,Oval Bar - JW Marriott New Delhi,1,New Delhi,Finger Food,4500,Indian Rupees(Rs.),Yes,No,3.3,15
18144453,Bakey Wish,1,New Delhi,"Bakery, Desserts",300,Indian Rupees(Rs.),No,No,3.0,6
7862,Bikaner Namkeen Bhandar,1,New Delhi,"Mithai, Street Food",150,Indian Rupees(Rs.),No,No,3.1,9
7857,Chhole Bhature Corner,1,New Delhi,North Indian,150,Indian Rupees(Rs.),No,No,3.3,21
2874,Fresh n Frozen,1,New Delhi,"Raw Meats, Fast Food",200,Indian Rupees(Rs.),No,No,3.1,9
18458625,Pind Punjabi,1,New Delhi,North Indian,500,Indian Rupees(Rs.),No,Yes,3.0,4
18252369,Sanjha Chulha,1,New Delhi,"North Indian, Mughlai",700,Indian Rupees(Rs.),No,No,3.1,13
18228895,Shaan e Punjab,1,New Delhi,"North Indian, Mughlai",600,Indian Rupees(Rs.),No,No,3.1,21
2583,Cafe 27,1,New Delhi,"North Indian, Chinese, Italian",1550,Indian Rupees(Rs.),Yes,No,3.6,455
304876,MR.D - Deliciousness Delivered,1,New Delhi,"North Indian, Italian, Chinese",700,Indian Rupees(Rs.),No,Yes,3.5,367
308407,Pita Pit,1,New Delhi,"Healthy Food, Salad",600,Indian Rupees(Rs.),No,Yes,3.8,540
18492050,Al-Malik Chicken Point,1,New Delhi,"North Indian, Mughlai",400,Indian Rupees(Rs.),No,No,0.0,1
18492052,Amul Sweets & Bakery,1,New Delhi,"North Indian, South Indian, Chinese, Fast Food, Bakery, Mithai",300,Indian Rupees(Rs.),No,No,0.0,0
18449620,Elements - Mapple Express,1,New Delhi,"North Indian, Continental, Chinese",1200,Indian Rupees(Rs.),Yes,No,0.0,0
18452403,Food 24,1,New Delhi,"North Indian, Mughlai",400,Indian Rupees(Rs.),No,No,0.0,1
18425740,Food Corner,1,New Delhi,North Indian,100,Indian Rupees(Rs.),No,No,0.0,0
18313153,Food Master's Galley,1,New Delhi,"North Indian, Chinese",150,Indian Rupees(Rs.),No,No,0.0,2
18435830,Habibi Express,1,New Delhi,"Lebanese, Arabian, Moroccan",900,Indian Rupees(Rs.),Yes,Yes,0.0,0
18473378,Hide Out Cafe,1,New Delhi,"Cafe, Chinese, Italian",700,Indian Rupees(Rs.),No,No,0.0,1
18452241,Moriarty Delivers,1,New Delhi,Fast Food,400,Indian Rupees(Rs.),No,No,0.0,0
3190,Big Chill,1,New Delhi,"Italian, Continental, European, Cafe",1500,Indian Rupees(Rs.),No,No,4.4,1521
3041,Maxims Pastry Shop,1,New Delhi,"Bakery, Desserts, Fast Food, Beverages",300,Indian Rupees(Rs.),No,No,4.2,729
18441798,Uncultured Cafe & Bar,1,New Delhi,"Continental, Chinese, Italian, Finger Food",1500,Indian Rupees(Rs.),Yes,No,4.3,90
306505,2 Nice 2 Slice,1,New Delhi,"Bakery, Desserts",1750,Indian Rupees(Rs.),No,No,3.2,17
302868,Aggarwal Bikaneri Sweets,1,New Delhi,"Mithai, Street Food",250,Indian Rupees(Rs.),No,No,2.9,11
7383,Aggarwal Sweet Corner & Restaurant,1,New Delhi,"North Indian, South Indian, Chinese, Mithai",300,Indian Rupees(Rs.),No,No,2.6,38
302793,Aggarwal Sweets India,1,New Delhi,"Mithai, Street Food",100,Indian Rupees(Rs.),No,No,2.8,9
9993,Aggarwal's Sweets Paradise,1,New Delhi,"Mithai, North Indian, South Indian, Street Food",300,Indian Rupees(Rs.),No,No,2.7,16
9985,Aggarwal's Sweets,1,New Delhi,"Mithai, Street Food",150,Indian Rupees(Rs.),No,No,2.9,7
18138461,Anna Ka Dosa,1,New Delhi,South Indian,200,Indian Rupees(Rs.),No,Yes,3.4,41
306957,Big Chow Xpress,1,New Delhi,"Chinese, North Indian",550,Indian Rupees(Rs.),No,Yes,2.6,58
7590,Bikaner Sweets & Namkeen,1,New Delhi,"Mithai, Street Food",200,Indian Rupees(Rs.),No,No,2.9,4
9620,Cafe Coffee Day,1,New Delhi,Cafe,450,Indian Rupees(Rs.),No,Yes,2.9,33
302884,Cake Plaza,1,New Delhi,"Bakery, Desserts, Fast Food",200,Indian Rupees(Rs.),No,Yes,3.1,28
309238,Crispy Tokri,1,New Delhi,Street Food,200,Indian Rupees(Rs.),No,No,3.1,100
309609,De Royale Food's,1,New Delhi,"North Indian, Chinese",550,Indian Rupees(Rs.),No,No,3.2,22
18414477,Faasos,1,New Delhi,"North Indian, Fast Food",600,Indian Rupees(Rs.),No,Yes,3.0,4
9992,Fouji Da Vaishno Dhaba,1,New Delhi,North Indian,400,Indian Rupees(Rs.),No,No,2.9,14
18224572,Fun Bytes,1,New Delhi,Fast Food,250,Indian Rupees(Rs.),No,Yes,2.5,13
312594,G's Patisserie,1,New Delhi,"Bakery, Desserts",600,Indian Rupees(Rs.),No,No,2.8,8
312728,Giani,1,New Delhi,"Ice Cream, Desserts",400,Indian Rupees(Rs.),No,Yes,3.2,17
18025133,Gopals 56,1,New Delhi,"Ice Cream, Desserts",200,Indian Rupees(Rs.),No,No,3.2,8
7329,Green Chick Chop,1,New Delhi,"Raw Meats, North Indian, Fast Food",350,Indian Rupees(Rs.),No,No,3.2,26
302892,Heaven's Kitchen,1,New Delhi,"North Indian, Mughlai, Chinese",500,Indian Rupees(Rs.),No,Yes,3.3,85
302893,Heavens Food Corner,1,New Delhi,"North Indian, Mughlai, Chinese",500,Indian Rupees(Rs.),No,No,2.8,14
309533,Just Kababs,1,New Delhi,"Fast Food, North Indian",250,Indian Rupees(Rs.),No,No,3.4,25
18376487,Keventers,1,New Delhi,Beverages,400,Indian Rupees(Rs.),No,No,3.2,10
302895,Komal Kitchen,1,New Delhi,North Indian,250,Indian Rupees(Rs.),No,No,2.8,7
302896,Kwality Sweets & Restaurant,1,New Delhi,South Indian,250,Indian Rupees(Rs.),No,No,2.9,10
9776,Mehak Food Corner,1,New Delhi,North Indian,350,Indian Rupees(Rs.),No,No,3.2,87
18245255,Mr. Sub,1,New Delhi,Fast Food,400,Indian Rupees(Rs.),No,Yes,3.2,57
309648,Muradabadi Shahi Biryani & Chicken Corner,1,New Delhi,"North Indian, Biryani",450,Indian Rupees(Rs.),No,Yes,2.6,24
18285214,Muradabadi,1,New Delhi,"Mughlai, Biryani",400,Indian Rupees(Rs.),No,No,3.0,5
302938,New Radhe Radhe Snacks Corner,1,New Delhi,North Indian,150,Indian Rupees(Rs.),No,No,3.1,9
18396545,Nirula's Ice Cream,1,New Delhi,"Desserts, Ice Cream",250,Indian Rupees(Rs.),No,No,3.2,14
18414495,Noor Restaurant,1,New Delhi,"North Indian, Mughlai, Chinese",550,Indian Rupees(Rs.),No,Yes,3.4,20
311891,Paul's Homemade,1,New Delhi,"Bakery, Desserts",500,Indian Rupees(Rs.),No,No,3.1,11
312372,Pinkom's Bar-Be-Que,1,New Delhi,"North Indian, Mughlai",350,Indian Rupees(Rs.),No,No,3.2,12
8949,Prince of China,1,New Delhi,"Thai, Chinese, Seafood",800,Indian Rupees(Rs.),No,Yes,3.1,70
302898,Punjabi Corner,1,New Delhi,North Indian,250,Indian Rupees(Rs.),No,Yes,3.3,55
302710,Punjabi Snacks,1,New Delhi,"Street Food, North Indian, South Indian",200,Indian Rupees(Rs.),No,No,2.9,4
9998,Quality Food Point,1,New Delhi,"North Indian, Fast Food, Mughlai",450,Indian Rupees(Rs.),No,No,3.0,10
18317229,Radhe Shyam,1,New Delhi,Street Food,150,Indian Rupees(Rs.),No,No,2.8,10
9623,Raj South Indian Food,1,New Delhi,"South Indian, Chinese",250,Indian Rupees(Rs.),No,No,3.0,8
3634,Roll Club,1,New Delhi,Fast Food,250,Indian Rupees(Rs.),No,No,3.3,91
7382,Shameem Kabab Corner,1,New Delhi,"North Indian, Mughlai",700,Indian Rupees(Rs.),No,No,3.3,67
1866,Shiv Dhaba,1,New Delhi,"North Indian, Chinese",550,Indian Rupees(Rs.),No,No,3.1,92
304783,Silver Spoons,1,New Delhi,"North Indian, Street Food",350,Indian Rupees(Rs.),No,Yes,2.7,6
302811,Takkar Dhaba,1,New Delhi,North Indian,450,Indian Rupees(Rs.),No,Yes,2.6,24
308664,The Biryani Wallas,1,New Delhi,Biryani,650,Indian Rupees(Rs.),No,No,3.2,26
18133506,The Tuck Shop,1,New Delhi,Fast Food,700,Indian Rupees(Rs.),No,No,3.3,17
305293,Uncle Xpress,1,New Delhi,Chinese,400,Indian Rupees(Rs.),No,Yes,3.4,80
2211,Vaishno Rasoi,1,New Delhi,North Indian,350,Indian Rupees(Rs.),No,Yes,2.6,23
9622,Vatika,1,New Delhi,"North Indian, Mughlai",550,Indian Rupees(Rs.),No,Yes,2.7,52
18281989,Walk To Italy,1,New Delhi,Fast Food,300,Indian Rupees(Rs.),No,No,3.1,11
18365855,Behrouz Biryani,1,New Delhi,Biryani,600,Indian Rupees(Rs.),No,Yes,3.6,30
309737,Big Dragon,1,New Delhi,"Chinese, Thai",800,Indian Rupees(Rs.),Yes,No,3.6,108
18386707,Cafe Filter,1,New Delhi,"Fast Food, Italian, North Indian, Chinese",600,Indian Rupees(Rs.),No,Yes,3.6,22
309338,Chowki,1,New Delhi,North Indian,750,Indian Rupees(Rs.),No,Yes,3.7,89
18380155,Circle Cafe and Bar,1,New Delhi,"Cafe, North Indian, Lebanese, Continental",800,Indian Rupees(Rs.),No,No,3.5,30
18372686,FreshMenu,1,New Delhi,"Italian, Chinese, Continental, Thai, Mediterranean, Lebanese",600,Indian Rupees(Rs.),No,Yes,3.6,36
3610,Giani's,1,New Delhi,"Ice Cream, Desserts",400,Indian Rupees(Rs.),No,Yes,3.5,80
3054,Gopal's 56,1,New Delhi,"Ice Cream, Desserts, North Indian, Street Food",200,Indian Rupees(Rs.),No,No,3.8,71
311267,Instapizza,1,New Delhi,"Pizza, Fast Food",900,Indian Rupees(Rs.),No,Yes,3.8,492
307951,Just Vada Pav,1,New Delhi,Street Food,150,Indian Rupees(Rs.),No,No,3.6,94
1876,Khidmat,1,New Delhi,"North Indian, Mughlai, Chinese",1300,Indian Rupees(Rs.),Yes,Yes,3.6,372
412,Naivedyam,1,New Delhi,South Indian,500,Indian Rupees(Rs.),No,Yes,3.8,495
3635,New Shere Punjab Dhaba,1,New Delhi,North Indian,600,Indian Rupees(Rs.),No,No,3.6,91
9654,Sant Sweets,1,New Delhi,"Street Food, North Indian, Mithai",250,Indian Rupees(Rs.),No,No,3.5,60
18354973,Tikka- Way,1,New Delhi,"North Indian, Chinese",850,Indian Rupees(Rs.),No,Yes,3.5,23
18392883,Bake Bite,1,New Delhi,"Bakery, Fast Food",250,Indian Rupees(Rs.),No,No,0.0,3
18446815,Chinese Chaat Corner,1,New Delhi,Chinese,200,Indian Rupees(Rs.),No,No,0.0,0
311014,Chocofairies,1,New Delhi,Bakery,200,Indian Rupees(Rs.),No,No,0.0,3
4325,Punjabi Rasoi,1,New Delhi,North Indian,350,Indian Rupees(Rs.),No,Yes,2.4,11
18322653,Punjabi Xpress,1,New Delhi,"North Indian, Chinese",400,Indian Rupees(Rs.),No,Yes,2.3,9
9557,The Cake Factory,1,New Delhi,"Bakery, Fast Food",400,Indian Rupees(Rs.),No,Yes,2.3,19
9470,"34, Chowringhee Lane",1,New Delhi,Fast Food,300,Indian Rupees(Rs.),No,No,3.3,86
306491,Annapurna Restaurant,1,New Delhi,"North Indian, Chinese",250,Indian Rupees(Rs.),No,Yes,2.5,56
18416860,BTW,1,New Delhi,"Street Food, North Indian, South Indian, Chinese",400,Indian Rupees(Rs.),No,No,3.1,10
640,Cafe Coffee Day,1,New Delhi,Cafe,450,Indian Rupees(Rs.),No,No,3.3,82
305161,Chawla's Chic Inn,1,New Delhi,"North Indian, Chinese",650,Indian Rupees(Rs.),No,No,3.3,26
306149,Chennai Hot Cafe,1,New Delhi,South Indian,300,Indian Rupees(Rs.),No,No,3.4,75
1197,Daawat E Mezbaan,1,New Delhi,"Mughlai, North Indian",800,Indian Rupees(Rs.),No,No,3.1,77
18198467,Dessert in Desert,1,New Delhi,"Cafe, Fast Food, Desserts",450,Indian Rupees(Rs.),No,No,3.4,38
311903,Domino's Pizza,1,New Delhi,"Pizza, Fast Food",700,Indian Rupees(Rs.),No,No,3.4,36
18458665,Filmy Cafe & Bar,1,New Delhi,"North Indian, Fast Food, Chinese, Continental",1200,Indian Rupees(Rs.),Yes,No,2.9,4
6651,Firenze,1,New Delhi,Cafe,500,Indian Rupees(Rs.),No,No,2.8,25
311076,Giani,1,New Delhi,"Ice Cream, Desserts",400,Indian Rupees(Rs.),No,Yes,3.4,41
9001,Gullu's,1,New Delhi,"North Indian, Mughlai",550,Indian Rupees(Rs.),No,No,3.1,69
8995,Manwhar,1,New Delhi,"South Indian, North Indian, Chinese",650,Indian Rupees(Rs.),No,No,3.2,69
18489508,Midnight Hunger Hub,1,New Delhi,"North Indian, Fast Food, Italian, Asian",800,Indian Rupees(Rs.),No,No,3.3,6
7689,Mini Shop,1,New Delhi,"Fast Food, Beverages",150,Indian Rupees(Rs.),No,No,3.3,49
307959,Nine 75 Lounge & Bar,1,New Delhi,"Chinese, North Indian, Italian, Continental, Fast Food",800,Indian Rupees(Rs.),Yes,No,3.2,145
18222571,Pradhan Ji Multi Cuisine Restaurant,1,New Delhi,"North Indian, Chinese, Continental",650,Indian Rupees(Rs.),No,Yes,3.3,41
310202,Punjabi Chaap Corner,1,New Delhi,North Indian,400,Indian Rupees(Rs.),No,Yes,2.9,15
301470,Sagar Ratna,1,New Delhi,"South Indian, North Indian, Chinese",600,Indian Rupees(Rs.),No,Yes,2.7,109
5433,Shiva Coffee & South Indian Fast Food,1,New Delhi,South Indian,300,Indian Rupees(Rs.),No,No,2.7,41
18349733,The Ice Cafe,1,New Delhi,"Cafe, Chinese, Continental, Italian, Desserts, Beverages",400,Indian Rupees(Rs.),No,No,3.2,28
18421019,Tikka Junction,1,New Delhi,"North Indian, Chinese",750,Indian Rupees(Rs.),No,No,3.4,21
18317510,Trending Eats,1,New Delhi,"Italian, Fast Food",800,Indian Rupees(Rs.),No,No,3.4,21
303104,Twenty Four Seven,1,New Delhi,"Fast Food, North Indian",300,Indian Rupees(Rs.),No,No,3.3,53
8991,Vikrant Cafe,1,New Delhi,"South Indian, North Indian",550,Indian Rupees(Rs.),No,Yes,3.3,145
6662,Vishal Restaurant,1,New Delhi,North Indian,600,Indian Rupees(Rs.),No,No,3.1,24
18365889,Badri Prasad Ramesh Kumar Caterers,1,New Delhi,North Indian,200,Indian Rupees(Rs.),No,No,3.5,12
18245268,Bistro,1,New Delhi,Beverages,150,Indian Rupees(Rs.),No,No,3.9,55
309856,Chaudhary Sweets Corner,1,New Delhi,"Desserts, Beverages",300,Indian Rupees(Rs.),No,No,3.8,36
309604,Chowringhee,1,New Delhi,"Fast Food, Beverages",250,Indian Rupees(Rs.),No,Yes,3.6,108
18332062,Cones & Curries,1,New Delhi,Fast Food,250,Indian Rupees(Rs.),No,Yes,3.7,151
6658,Darvesh Corner,1,New Delhi,North Indian,550,Indian Rupees(Rs.),No,No,3.6,91
9644,Deez Biryani & Kebabs,1,New Delhi,"Biryani, North Indian, Mughlai",650,Indian Rupees(Rs.),No,Yes,3.7,393
18349974,Frozen Pan,1,New Delhi,"Ice Cream, Fast Food, Beverages",250,Indian Rupees(Rs.),No,No,3.9,72
2267,Giani's,1,New Delhi,"Ice Cream, Desserts",400,Indian Rupees(Rs.),No,Yes,3.8,167
18377630,Havmor Ice Cream,1,New Delhi,Ice Cream,200,Indian Rupees(Rs.),No,Yes,3.7,20
18289256,Keventers,1,New Delhi,Beverages,250,Indian Rupees(Rs.),No,No,3.5,61
300849,Manohar Bikkaneri,1,New Delhi,"Mithai, Chinese, Street Food",200,Indian Rupees(Rs.),No,No,3.8,83
6675,Manohar Bikkaneri,1,New Delhi,"Bakery, Chinese",200,Indian Rupees(Rs.),No,No,3.6,62
18430598,Nukkadwala,1,New Delhi,"Fast Food, Street Food",300,Indian Rupees(Rs.),No,Yes,3.7,58
303082,Om Di Hatti,1,New Delhi,"Street Food, North Indian",100,Indian Rupees(Rs.),No,No,3.7,116
18445775,Orange Tree Cafe,1,New Delhi,"Continental, Chinese, North Indian",600,Indian Rupees(Rs.),Yes,No,3.5,21
309805,Rigo Noodles,1,New Delhi,"Chinese, Thai",500,Indian Rupees(Rs.),No,No,3.5,133
302972,Sethi's The Cake Shop,1,New Delhi,"Bakery, Fast Food",200,Indian Rupees(Rs.),No,No,3.9,150
7667,Shake Square,1,New Delhi,"Beverages, Fast Food",400,Indian Rupees(Rs.),No,No,3.6,261
307327,Sharma Kachoriwala,1,New Delhi,Street Food,50,Indian Rupees(Rs.),No,No,3.7,131
304461,Shawarma Wala,1,New Delhi,Fast Food,300,Indian Rupees(Rs.),No,No,3.7,234
300854,Shree Rathnam,1,New Delhi,"South Indian, North Indian, Chinese",800,Indian Rupees(Rs.),No,Yes,3.5,85
306402,Shri Bankey Bihari Brajwasi Rasgulle Wala,1,New Delhi,"Mithai, Street Food",150,Indian Rupees(Rs.),No,No,3.5,36
18157402,Sid's Kitchen,1,New Delhi,"North Indian, Chinese",500,Indian Rupees(Rs.),No,Yes,3.8,115
2272,Subway,1,New Delhi,"American, Fast Food, Salad, Healthy Food",500,Indian Rupees(Rs.),No,Yes,3.5,143
18261675,Sweet Life By Henna,1,New Delhi,"Bakery, Desserts",400,Indian Rupees(Rs.),No,No,3.5,47
18458347,The Midnight Heroes,1,New Delhi,"North Indian, Biryani, Chinese, Fast Food",950,Indian Rupees(Rs.),No,Yes,3.8,41
307415,Urban Hub,1,New Delhi,"Chinese, North Indian, Italian, Fast Food",1900,Indian Rupees(Rs.),Yes,No,3.6,346
8985,Vaishno Chat Bhandar,1,New Delhi,Street Food,150,Indian Rupees(Rs.),No,No,3.9,223
6667,Ved Dhaba,1,New Delhi,North Indian,300,Indian Rupees(Rs.),No,No,3.5,97
18294234,Veg Ex,1,New Delhi,North Indian,500,Indian Rupees(Rs.),No,Yes,3.6,24
18458013,Wokin Street,1,New Delhi,Chinese,300,Indian Rupees(Rs.),No,Yes,3.6,25
18218265,Yadav Namkeens & Bakers,1,New Delhi,Bakery,100,Indian Rupees(Rs.),No,Yes,3.5,15
18460325,Javed Chicken Corner,1,New Delhi,Mughlai,400,Indian Rupees(Rs.),No,No,0.0,0
18458658,Kamal Chicken,1,New Delhi,"Mughlai, North Indian",500,Indian Rupees(Rs.),No,No,0.0,0
18458655,Singh Chinese Fast Food,1,New Delhi,Chinese,200,Indian Rupees(Rs.),No,No,0.0,0
4227,Chill'm Bar & Cafe,1,New Delhi,"North Indian, Italian, Chinese, Fast Food",600,Indian Rupees(Rs.),Yes,Yes,4.2,300
18418240,Coffee & Cream,1,New Delhi,"Beverages, Fast Food",400,Indian Rupees(Rs.),No,No,4.0,108
5083,Chawla Di Hutti,1,New Delhi,North Indian,700,Indian Rupees(Rs.),No,No,3.1,59
302254,Sher 'A' Punjab Bhojnalya,1,New Delhi,North Indian,600,Indian Rupees(Rs.),No,Yes,3.3,36
300973,Guru Rakha,1,New Delhi,North Indian,600,Indian Rupees(Rs.),No,No,3.1,62
307069,Shudh Vaishno Hotel,1,New Delhi,North Indian,450,Indian Rupees(Rs.),No,Yes,3.4,44
305289,Kumar Samose Wala,1,New Delhi,Street Food,100,Indian Rupees(Rs.),No,No,4.1,187
18376493,Amigo's Deli,1,New Delhi,"Mughlai, Fast Food",350,Indian Rupees(Rs.),No,No,3.2,11
307989,Ananda Food Express,1,New Delhi,"North Indian, Chinese",450,Indian Rupees(Rs.),No,Yes,3.2,27
310899,Green Chick Chop,1,New Delhi,"Raw Meats, North Indian, Fast Food",350,Indian Rupees(Rs.),No,No,3.4,33
18322591,Khana Vaana,1,New Delhi,"North Indian, South Indian, Chinese",300,Indian Rupees(Rs.),No,No,3.4,32
18486915,Momoholic,1,New Delhi,"Chinese, Fast Food, Ice Cream",200,Indian Rupees(Rs.),No,No,3.3,11
302488,Nazeer Foods,1,New Delhi,"North Indian, Mughlai, Chinese",550,Indian Rupees(Rs.),No,No,3.3,87
3173,Pind Balluchi,1,New Delhi,"North Indian, Mughlai",850,Indian Rupees(Rs.),Yes,Yes,2.6,192
313413,Rumours,1,New Delhi,"North Indian, Chinese, Italian",1000,Indian Rupees(Rs.),Yes,No,3.4,232
307818,Spice Grill,1,New Delhi,"North Indian, Mughlai, Chinese, Continental",1300,Indian Rupees(Rs.),No,Yes,3.2,177
310332,Utopia,1,New Delhi,"North Indian, Mediterranean, Continental",1500,Indian Rupees(Rs.),Yes,No,3.2,286
2295,Aroma Rest O Bar,1,New Delhi,"North Indian, Mughlai, Chinese",800,Indian Rupees(Rs.),Yes,Yes,3.6,306
18361742,Cafe Shloka,1,New Delhi,"Cafe, Italian, Chinese, North Indian",1000,Indian Rupees(Rs.),No,Yes,3.5,63
303578,Chawla's Tandoori Junction,1,New Delhi,North Indian,800,Indian Rupees(Rs.),Yes,No,3.5,159
18429394,Desi Villa,1,New Delhi,"South Indian, North Indian, Chinese",800,Indian Rupees(Rs.),Yes,No,3.7,28
6705,Kanwarji's,1,New Delhi,"Street Food, Mithai",400,Indian Rupees(Rs.),No,No,3.5,40
18250020,Palomino,1,New Delhi,"North Indian, Mughlai, Continental, Chinese",1600,Indian Rupees(Rs.),Yes,Yes,3.7,213
18235498,Raasa The Luxuriate Fine Dine,1,New Delhi,"North Indian, Mughlai, Chinese",1150,Indian Rupees(Rs.),Yes,Yes,3.7,160
300910,Shiv Tikki Wala,1,New Delhi,"Street Food, North Indian",250,Indian Rupees(Rs.),No,No,3.8,300
18317477,The Barbeque Company,1,New Delhi,"North Indian, Chinese, Continental",1300,Indian Rupees(Rs.),No,No,3.8,248
308638,The Wrap Factory,1,New Delhi,Fast Food,250,Indian Rupees(Rs.),No,No,3.6,109
1270,Urban Punjab,1,New Delhi,"North Indian, Chinese",750,Indian Rupees(Rs.),Yes,No,3.5,132
18268715,Classic,1,New Delhi,"Desserts, Fast Food, Ice Cream",250,Indian Rupees(Rs.),No,No,4.0,95
312518,Goosebumps,1,New Delhi,"Ice Cream, Desserts",300,Indian Rupees(Rs.),No,Yes,4.0,292
304028,Adyar Ananda Bhavan,1,New Delhi,"South Indian, North Indian, Chinese, Street Food, Fast Food",500,Indian Rupees(Rs.),No,No,2.8,39
7422,Amma Mess,1,New Delhi,"South Indian, North Indian",250,Indian Rupees(Rs.),No,No,3.4,68
306096,Amritsari Chaap Corner,1,New Delhi,North Indian,200,Indian Rupees(Rs.),No,No,2.9,92
7450,Aroma Spice,1,New Delhi,"North Indian, Chinese",800,Indian Rupees(Rs.),Yes,No,3.4,51
306106,Boheme Cafe Bar,1,New Delhi,"North Indian, Chinese, Continental, Italian",1100,Indian Rupees(Rs.),Yes,Yes,3.2,142
303963,Cafe Coffee Day,1,New Delhi,Cafe,450,Indian Rupees(Rs.),No,No,2.6,21
18124379,Chinese King,1,New Delhi,"Chinese, North Indian, Mughlai",450,Indian Rupees(Rs.),No,Yes,2.5,71
310758,Chopsuey,1,New Delhi,"Chinese, North Indian",600,Indian Rupees(Rs.),No,Yes,3.2,71
309606,Chowringhee,1,New Delhi,"North Indian, Chinese",600,Indian Rupees(Rs.),No,Yes,3.4,122
2408,Crossroad Bar and Restaurant,1,New Delhi,"North Indian, Chinese, Mughlai",700,Indian Rupees(Rs.),No,No,3.0,39
309560,Domino's Pizza,1,New Delhi,"Pizza, Fast Food",700,Indian Rupees(Rs.),No,No,3.4,43
306405,Giani's,1,New Delhi,"Ice Cream, Desserts",400,Indian Rupees(Rs.),No,Yes,3.4,38
5529,Giani,1,New Delhi,"Ice Cream, Desserts",400,Indian Rupees(Rs.),No,Yes,2.7,39
9459,Gulnar Bar Be Que,1,New Delhi,"North Indian, Chinese",700,Indian Rupees(Rs.),No,Yes,3.1,73
300359,Kwality Bengali Sweets,1,New Delhi,"Desserts, Mithai",200,Indian Rupees(Rs.),No,No,2.9,10
18128869,Little Chef,1,New Delhi,"North Indian, Mughlai, Chinese, Fast Food",500,Indian Rupees(Rs.),No,Yes,2.7,32
9011,M J Dosa Corner,1,New Delhi,South Indian,150,Indian Rupees(Rs.),No,No,2.9,36
5507,Moolchand's,1,New Delhi,"North Indian, South Indian, Chinese, Fast Food",450,Indian Rupees(Rs.),No,No,3.3,36
303704,New Angaar Hyderabadi,1,New Delhi,Hyderabadi,750,Indian Rupees(Rs.),Yes,Yes,3.1,134
1924,New Frontier Hotel,1,New Delhi,North Indian,350,Indian Rupees(Rs.),No,No,3.3,55
300257,Oberoi Biryani,1,New Delhi,"North Indian, Mughlai",600,Indian Rupees(Rs.),No,No,2.9,90
7534,Om Ji Om,1,New Delhi,North Indian,500,Indian Rupees(Rs.),No,No,3.2,60
1925,Om Saravana Bhavan,1,New Delhi,South Indian,400,Indian Rupees(Rs.),No,No,2.7,47
311719,Pindi Meat,1,New Delhi,North Indian,300,Indian Rupees(Rs.),No,No,3.4,43
1926,Punjab Sweet Corner,1,New Delhi,"Fast Food, North Indian, South Indian, Chinese, Street Food, Mithai",350,Indian Rupees(Rs.),No,No,3.3,236
306392,R1 Lounge,1,New Delhi,"North Indian, Mughlai, Chinese",1100,Indian Rupees(Rs.),Yes,Yes,2.6,31
306338,R1 Take Away,1,New Delhi,"North Indian, Mughlai, Chinese",700,Indian Rupees(Rs.),No,Yes,2.5,38
1905,Raffles,1,New Delhi,"Fast Food, North Indian, Chinese",800,Indian Rupees(Rs.),Yes,No,3.1,123
300350,Raj Sweets,1,New Delhi,Mithai,150,Indian Rupees(Rs.),No,No,2.8,9
7424,Ramas Cafe,1,New Delhi,"South Indian, Chinese, North Indian",350,Indian Rupees(Rs.),No,No,3.3,70
1906,Sandoz,1,New Delhi,"North Indian, Chinese",550,Indian Rupees(Rs.),No,No,3.4,114
1908,Sandoz,1,New Delhi,"North Indian, Chinese",550,Indian Rupees(Rs.),No,No,2.7,56
1618,Shudh,1,New Delhi,"North Indian, Chinese, South Indian",600,Indian Rupees(Rs.),No,Yes,3.1,247
309064,Southy,1,New Delhi,South Indian,450,Indian Rupees(Rs.),No,Yes,3.1,90
1931,Spicy by Nature,1,New Delhi,"North Indian, Mughlai, Chinese",900,Indian Rupees(Rs.),Yes,No,2.7,84
18277018,Spicy N Karara,1,New Delhi,"North Indian, Chinese, Fast Food",650,Indian Rupees(Rs.),No,Yes,3.3,93
18425764,Spooky Sky,1,New Delhi,"Italian, Chinese, North Indian",650,Indian Rupees(Rs.),No,Yes,3.4,44
1933,Sri Krishna Udupi,1,New Delhi,South Indian,400,Indian Rupees(Rs.),No,No,3.0,27
2411,Tempting Restaurant,1,New Delhi,"Chinese, Mughlai, North Indian",750,Indian Rupees(Rs.),Yes,Yes,2.7,68
18377922,The Smokin' Grill by The Flashback,1,New Delhi,Fast Food,400,Indian Rupees(Rs.),No,Yes,3.3,23
18138437,Three Tuns,1,New Delhi,"European, Italian, Thai, Chinese, North Indian",1400,Indian Rupees(Rs.),Yes,No,3.2,30
4655,Wah Ji Wah,1,New Delhi,"North Indian, Chinese",500,Indian Rupees(Rs.),No,Yes,2.5,69
18289258,Wow! Momo,1,New Delhi,"Tibetan, Fast Food",350,Indian Rupees(Rs.),No,No,2.6,41
18198463,Wrap & Roll,1,New Delhi,"Fast Food, Chinese",400,Indian Rupees(Rs.),No,Yes,3.4,36
300347,Anjlika Pastry Shop,1,New Delhi,"Bakery, Desserts, Fast Food",400,Indian Rupees(Rs.),No,No,3.6,179
18423807,Bakeology,1,New Delhi,"Bakery, Desserts",450,Indian Rupees(Rs.),No,No,3.5,22
300661,Changezi Chicken,1,New Delhi,"North Indian, Mughlai",650,Indian Rupees(Rs.),No,Yes,3.7,456
18349796,Chargrill Resto Bar,1,New Delhi,"North Indian, European, South Indian",900,Indian Rupees(Rs.),Yes,Yes,3.6,43
306643,Chowringhee,1,New Delhi,Fast Food,200,Indian Rupees(Rs.),No,Yes,3.7,120
305758,Glenz Cafe N Bakers,1,New Delhi,"Cafe, Fast Food, Desserts",700,Indian Rupees(Rs.),No,Yes,3.8,230
18240475,Happy2Bake,1,New Delhi,Bakery,300,Indian Rupees(Rs.),No,Yes,3.5,26
18238241,Nazeer Foods,1,New Delhi,"Mughlai, North Indian",600,Indian Rupees(Rs.),No,Yes,3.5,27
306071,Pakode Ki Dukaan,1,New Delhi,Street Food,50,Indian Rupees(Rs.),No,No,3.6,35
8864,Peshawari Chicken Corner,1,New Delhi,North Indian,500,Indian Rupees(Rs.),No,Yes,3.6,76
9643,Prem Dhaba,1,New Delhi,North Indian,650,Indian Rupees(Rs.),No,No,3.7,177
9016,Ravi Raj Di Kulfi,1,New Delhi,Desserts,150,Indian Rupees(Rs.),No,No,3.6,99
300594,Shawarma King's,1,New Delhi,Fast Food,250,Indian Rupees(Rs.),No,Yes,3.7,136
8872,Shri Rama Restaurant,1,New Delhi,"North Indian, Chinese",600,Indian Rupees(Rs.),No,Yes,3.5,72
2407,Sri Balaji,1,New Delhi,"South Indian, North Indian",600,Indian Rupees(Rs.),No,No,3.5,88
7526,Standard Burfee,1,New Delhi,"Mithai, Street Food",200,Indian Rupees(Rs.),No,No,3.8,100
306403,Subway,1,New Delhi,"American, Fast Food, Salad, Healthy Food",500,Indian Rupees(Rs.),No,No,3.6,118
1301,Suruchi,1,New Delhi,"Gujarati, Rajasthani, North Indian, Fast Food",700,Indian Rupees(Rs.),No,Yes,3.8,603
1904,Tera Hotel,1,New Delhi,North Indian,350,Indian Rupees(Rs.),No,No,3.5,149
18322672,The Diet Kitchen,1,New Delhi,"Continental, Healthy Food",700,Indian Rupees(Rs.),No,Yes,3.7,39
5560,The Spot,1,New Delhi,Chinese,350,Indian Rupees(Rs.),No,No,3.5,109
307332,Wrapss,1,New Delhi,"Chinese, Fast Food",350,Indian Rupees(Rs.),No,Yes,3.5,214
311755,Wrapss,1,New Delhi,"Chinese, Fast Food",350,Indian Rupees(Rs.),No,Yes,3.5,64
18396684,Al Naseem Foods Shawarma,1,New Delhi,Fast Food,200,Indian Rupees(Rs.),No,No,0.0,0
18453049,Ganpati Bhoj,1,New Delhi,North Indian,350,Indian Rupees(Rs.),No,No,0.0,1
312000,Pandit Dhaba,1,New Delhi,North Indian,300,Indian Rupees(Rs.),No,No,0.0,0
18203154,Red Chili Potato,1,New Delhi,Chinese,150,Indian Rupees(Rs.),No,No,0.0,0
305360,Cafe Coffee Day,1,New Delhi,Cafe,450,Indian Rupees(Rs.),No,No,2.3,32
1923,Jade Garden,1,New Delhi,Finger Food,1000,Indian Rupees(Rs.),Yes,No,2.4,52
8933,Art of Spices,1,New Delhi,"Fast Food, North Indian, Mughlai",500,Indian Rupees(Rs.),No,No,4.0,841
312003,Sindhi Corner,1,New Delhi,Street Food,200,Indian Rupees(Rs.),No,No,4.0,74
18446504,The Feast House,1,New Delhi,"Continental, North Indian, American, Italian, Mexican",1050,Indian Rupees(Rs.),Yes,No,4.3,142
3541,Zaffran,1,New Delhi,"North Indian, Mughlai",2000,Indian Rupees(Rs.),No,No,4.5,524
189,McDonald's,1,New Delhi,"Fast Food, Burger",500,Indian Rupees(Rs.),No,No,3.3,132
18322651,Captain Grub,1,New Delhi,"American, Fast Food",1000,Indian Rupees(Rs.),No,Yes,3.1,18
5586,M:Eat by Blanco,1,New Delhi,"Bakery, Desserts",300,Indian Rupees(Rs.),No,No,3.3,29
303574,Omazoni,1,New Delhi,"North Indian, Chinese, Mexican, Lebanese, Italian, Fast Food",650,Indian Rupees(Rs.),No,Yes,2.5,120
304628,Prabhu Chaat Bhandar,1,New Delhi,Street Food,150,Indian Rupees(Rs.),No,No,3.2,242
4624,Sugar & Spice - Le Marche,1,New Delhi,"Bakery, Fast Food",800,Indian Rupees(Rs.),No,No,3.3,89
1614,Big Chill,1,New Delhi,"Italian, Continental, European, Cafe",1500,Indian Rupees(Rs.),No,No,4.5,4986
8244,Big Chill,1,New Delhi,"Italian, Continental, European, Cafe",1500,Indian Rupees(Rs.),No,No,4.6,1569
3406,Amici Cafe,1,New Delhi,"Cafe, Pizza, Italian",1200,Indian Rupees(Rs.),Yes,Yes,3.8,863
309576,Azam's Mughlai,1,New Delhi,Mughlai,600,Indian Rupees(Rs.),No,No,3.9,157
4741,Boombox Cafe,1,New Delhi,"American, Italian, North Indian, Chinese, Lebanese",2000,Indian Rupees(Rs.),Yes,No,3.6,1428
310674,Cafe Illuminatii,1,New Delhi,"Continental, Kashmiri, Italian, North Indian, Moroccan",2500,Indian Rupees(Rs.),Yes,Yes,3.6,300
1901,Cafe Turtle,1,New Delhi,"Cafe, Italian, Lebanese",1000,Indian Rupees(Rs.),No,No,3.6,574
813,China Fare,1,New Delhi,Chinese,1000,Indian Rupees(Rs.),No,No,3.7,243
304989,Chokola,1,New Delhi,"Cafe, Desserts, Bakery",700,Indian Rupees(Rs.),No,Yes,3.8,391
300642,Cravings By Arshi Dhupia,1,New Delhi,"Bakery, Desserts, Fast Food",800,Indian Rupees(Rs.),No,No,3.6,29
307284,Harry's Bar + Cafe,1,New Delhi,"Mediterranean, American, Asian",1700,Indian Rupees(Rs.),Yes,No,3.7,395
844,Khan Chacha,1,New Delhi,"Mughlai, North Indian",650,Indian Rupees(Rs.),No,No,3.7,2860
308337,La Bodega,1,New Delhi,Mexican,1700,Indian Rupees(Rs.),Yes,Yes,3.6,505
307822,La Vie,1,New Delhi,"Italian, European",1400,Indian Rupees(Rs.),No,Yes,3.9,454
3425,Latitude 28,1,New Delhi,"American, Continental, Italian",2000,Indian Rupees(Rs.),Yes,No,3.8,203
6271,Laziz Kabab (Subhash Restaurant),1,New Delhi,Mughlai,400,Indian Rupees(Rs.),No,No,3.7,79
312710,Mr. Choy,1,New Delhi,"Seafood, Chinese, Japanese, Vietnamese, Asian, Thai",1200,Indian Rupees(Rs.),No,No,3.9,287
18255125,Public Affair,1,New Delhi,European,2100,Indian Rupees(Rs.),No,No,3.8,199
18285728,Qureshi Kabab,1,New Delhi,Mughlai,450,Indian Rupees(Rs.),No,No,3.5,17
305686,Side Wok,1,New Delhi,"Burmese, Chinese, Japanese, Malaysian, Thai",2000,Indian Rupees(Rs.),Yes,Yes,3.9,372
154,Subway,1,New Delhi,"American, Fast Food, Salad, Healthy Food",500,Indian Rupees(Rs.),No,Yes,3.7,188
18361747,t Lounge by Dilmah,1,New Delhi,"Cafe, Tea, Desserts",800,Indian Rupees(Rs.),No,No,3.6,34
9618,The Blue Door Cafe,1,New Delhi,"Italian, French, European, Cafe",1700,Indian Rupees(Rs.),Yes,No,3.7,774
307370,The Coffee Bean & Tea Leaf,1,New Delhi,Cafe,700,Indian Rupees(Rs.),No,No,3.8,256
307802,Town Hall,1,New Delhi,"Japanese, Thai, Italian, Asian",2500,Indian Rupees(Rs.),No,No,3.8,1186
307799,Wok  In The Clouds,1,New Delhi,"Chinese, Thai, Continental, North Indian",2000,Indian Rupees(Rs.),No,Yes,3.8,669
18486842,Cafe Coffee Day,1,New Delhi,Cafe,450,Indian Rupees(Rs.),No,No,0.0,2
18419910,Civil House,1,New Delhi,"European, Continental, Pizza",1700,Indian Rupees(Rs.),Yes,No,4.2,113
4296,L'Opera,1,New Delhi,"Bakery, Desserts, Fast Food",400,Indian Rupees(Rs.),No,Yes,4.0,518
2632,Mamagoto,1,New Delhi,"Asian, Thai, Chinese",1600,Indian Rupees(Rs.),Yes,Yes,4.1,1330
7227,Out Of The Box,1,New Delhi,"North Indian, Lebanese, Mexican, Asian, Italian, American, European",1550,Indian Rupees(Rs.),Yes,No,4.0,1203
18221038,Parallel,1,New Delhi,"Continental, American",2000,Indian Rupees(Rs.),Yes,No,4.0,79
313299,Perch Wine & Coffee Bar,1,New Delhi,"Cafe, European",2000,Indian Rupees(Rs.),No,No,4.2,551
300656,Smoke House Deli,1,New Delhi,"Italian, European, Cafe",1650,Indian Rupees(Rs.),Yes,No,4.0,1093
313207,Smokey's BBQ and Grill,1,New Delhi,"American, European",2100,Indian Rupees(Rs.),Yes,Yes,4.2,578
309788,SodaBottleOpenerWala,1,New Delhi,"Parsi, Iranian",1300,Indian Rupees(Rs.),No,No,4.2,1914
18082237,The Artful Baker,1,New Delhi,"Bakery, Fast Food",600,Indian Rupees(Rs.),No,No,4.0,220
311531,The Big Chill Cakery,1,New Delhi,"Bakery, Desserts",700,Indian Rupees(Rs.),No,No,4.4,912
18273615,The Chatter House,1,New Delhi,"Finger Food, Italian, North Indian",1800,Indian Rupees(Rs.),Yes,No,4.2,436
17953908,Amaze Dining,1,New Delhi,"North Indian, Chinese",1100,Indian Rupees(Rs.),Yes,No,3.1,10
305722,Amritsari Naan & Kulcha,1,New Delhi,North Indian,250,Indian Rupees(Rs.),No,No,3.1,12
18430600,Bangla Sweets,1,New Delhi,"Mithai, North Indian, South Indian, Chinese, Bakery",450,Indian Rupees(Rs.),No,Yes,3.3,13
18441800,Bj's Lounge & Cafe,1,New Delhi,"North Indian, Chinese",700,Indian Rupees(Rs.),Yes,Yes,3.0,11
18337965,BTW,1,New Delhi,"Street Food, South Indian, Mithai",400,Indian Rupees(Rs.),No,No,3.2,19
300452,Cabana's Kabab & Curry's,1,New Delhi,"North Indian, Mughlai, Chinese",450,Indian Rupees(Rs.),No,No,3.3,73
5590,Cafe Coffee Day,1,New Delhi,Cafe,450,Indian Rupees(Rs.),No,No,3.2,23
18070502,Chaap Point,1,New Delhi,Fast Food,150,Indian Rupees(Rs.),No,No,3.2,11
312098,Chicken Chilli Corner,1,New Delhi,"Chinese, North Indian",500,Indian Rupees(Rs.),No,No,3.1,10
303635,Chinese Dragon,1,New Delhi,"Chinese, Fast Food",550,Indian Rupees(Rs.),No,No,2.6,49
302456,Copper Restro Bar,1,New Delhi,"North Indian, Chinese, Continental",1200,Indian Rupees(Rs.),Yes,No,2.8,15
9549,Corner Sweets,1,New Delhi,"Mithai, Street Food",200,Indian Rupees(Rs.),No,No,3.2,100
306488,D'Casa,1,New Delhi,"North Indian, Chinese, Italian, Fast Food",1100,Indian Rupees(Rs.),Yes,No,2.7,63
302142,Delhi 15,1,New Delhi,"North Indian, Mughlai, Chinese",800,Indian Rupees(Rs.),Yes,Yes,2.7,45
18350118,Dialogue Lounge & Caf?,1,New Delhi,"Cafe, Continental",750,Indian Rupees(Rs.),No,No,3.0,4
7396,Domino's Pizza,1,New Delhi,"Pizza, Fast Food",700,Indian Rupees(Rs.),No,No,3.3,57
18435836,Flavours From Heaven,1,New Delhi,"North Indian, Chinese",650,Indian Rupees(Rs.),No,No,3.3,12
18277180,Flavours Of Biryani,1,New Delhi,"Biryani, Mughlai",400,Indian Rupees(Rs.),No,Yes,3.3,35
18366018,Flirty Momo's,1,New Delhi,Chinese,350,Indian Rupees(Rs.),No,Yes,3.0,6
308555,Gedi Grill,1,New Delhi,"North Indian, Mughlai, Chinese",700,Indian Rupees(Rs.),No,No,3.4,143
306662,Green Chick Chop,1,New Delhi,"Raw Meats, North Indian, Fast Food",350,Indian Rupees(Rs.),No,No,2.7,23
310253,Indian Bites,1,New Delhi,"North Indian, Chinese, Continental",550,Indian Rupees(Rs.),No,Yes,2.7,41
5664,Karan's Vaishno Dhaba,1,New Delhi,North Indian,300,Indian Rupees(Rs.),No,Yes,3.2,29
18460329,Le Swaadik,1,New Delhi,"North Indian, Chinese",500,Indian Rupees(Rs.),No,No,3.3,13
18360284,Let's Meet Up,1,New Delhi,"Fast Food, Bakery",350,Indian Rupees(Rs.),No,No,3.2,16
9552,Madan's Kabab Centre,1,New Delhi,"North Indian, Mughlai",600,Indian Rupees(Rs.),No,No,3.2,31
308156,Midnight Fries,1,New Delhi,"Chinese, Italian, Fast Food",550,Indian Rupees(Rs.),No,Yes,2.7,46
308189,Moradabadi Biryani,1,New Delhi,"Lucknowi, Biryani",300,Indian Rupees(Rs.),No,No,3.1,9
300448,Namdhari's Icecream & Bakers,1,New Delhi,"Desserts, Bakery, Fast Food",300,Indian Rupees(Rs.),No,No,2.8,23
311944,Pahariya Chicken Corner,1,New Delhi,"Raw Meats, Fast Food",400,Indian Rupees(Rs.),No,No,3.1,7
9550,Pahariya Chicken,1,New Delhi,North Indian,450,Indian Rupees(Rs.),No,No,2.7,15
18198179,Pappi Machhi Wala,1,New Delhi,North Indian,450,Indian Rupees(Rs.),No,No,3.2,9
7400,Pizza Hut Delivery,1,New Delhi,"Italian, Pizza, Fast Food",800,Indian Rupees(Rs.),No,Yes,2.6,67
309289,Polka Cakes & Coffee,1,New Delhi,"Fast Food, Chinese, Bakery",400,Indian Rupees(Rs.),No,No,3.3,17
18365872,Punjabi Joint,1,New Delhi,"Mughlai, North Indian, Chinese",600,Indian Rupees(Rs.),No,No,2.8,4
9050,Rain Tree Grill,1,New Delhi,"North Indian, Chinese, Mughlai",1200,Indian Rupees(Rs.),Yes,Yes,3.2,74
18366011,Resunga Food Corner,1,New Delhi,"Chinese, Mughlai",600,Indian Rupees(Rs.),No,No,3.0,5
305720,Shri Ram Poori Wale,1,New Delhi,Street Food,50,Indian Rupees(Rs.),No,No,2.8,8
4036,Supa's Restaurant,1,New Delhi,"North Indian, Chinese",800,Indian Rupees(Rs.),Yes,No,3.2,50
5658,Swad Fast Food,1,New Delhi,"Chinese, South Indian",300,Indian Rupees(Rs.),No,No,2.9,16
5659,Syall Kotian Da Dhaba,1,New Delhi,North Indian,600,Indian Rupees(Rs.),No,No,3.0,20
18265677,The Krib,1,New Delhi,"Italian, Continental",2500,Indian Rupees(Rs.),Yes,No,3.2,14
309998,Turtle Bay,1,New Delhi,"North Indian, Chinese, Fast Food",1100,Indian Rupees(Rs.),Yes,No,3.4,74
18201995,Yakooz,1,New Delhi,"Hyderabadi, North Indian",550,Indian Rupees(Rs.),No,No,3.1,20
306245,Above & Beyond,1,New Delhi,"North Indian, Chinese, Mughlai, Continental",1200,Indian Rupees(Rs.),Yes,Yes,3.5,133
306168,Bawa Chicken,1,New Delhi,"North Indian, Mughlai, Chinese",650,Indian Rupees(Rs.),No,No,3.5,98
18365996,Chatore,1,New Delhi,Street Food,250,Indian Rupees(Rs.),No,No,3.6,26
311448,Chocomore,1,New Delhi,Bakery,500,Indian Rupees(Rs.),No,No,3.7,68
303350,Clay 1 Grill,1,New Delhi,"North Indian, Mughlai",1000,Indian Rupees(Rs.),Yes,No,3.6,283
18378056,Firangi Island,1,New Delhi,"North Indian, Chinese, Continental, Italian",1200,Indian Rupees(Rs.),Yes,No,3.5,21
9513,Jeet Chaat Bhandar,1,New Delhi,Street Food,150,Indian Rupees(Rs.),No,No,3.5,23
18303704,Mr. Grill,1,New Delhi,"North Indian, Chinese",600,Indian Rupees(Rs.),No,Yes,3.6,55
308111,Tikka Junction,1,New Delhi,"North Indian, Chinese",750,Indian Rupees(Rs.),No,Yes,3.5,102
312922,Momos Hut & Chinese Food,1,New Delhi,"Chinese, Fast Food",500,Indian Rupees(Rs.),No,No,2.4,20
3918,Wah Ji Wah,1,New Delhi,North Indian,350,Indian Rupees(Rs.),No,No,2.1,54
308784,Yo! China,1,New Delhi,Chinese,800,Indian Rupees(Rs.),No,Yes,2.4,39
2316,Aapki Apni Rasoi,1,New Delhi,North Indian,200,Indian Rupees(Rs.),No,No,2.9,6
2315,Aapki Rasoi,1,New Delhi,North Indian,250,Indian Rupees(Rs.),No,No,3.0,15
313307,Advance Bakery,1,New Delhi,"Bakery, Fast Food, Street Food",200,Indian Rupees(Rs.),No,No,2.9,7
301208,Apni Rasoi,1,New Delhi,"North Indian, Chinese",300,Indian Rupees(Rs.),No,No,2.9,16
18386203,Bakeyard,1,New Delhi,Bakery,300,Indian Rupees(Rs.),No,No,3.0,6
18258507,Bharat Chicken Inn Foods,1,New Delhi,Mughlai,400,Indian Rupees(Rs.),No,No,2.9,9
313091,Bobby Veg Corner,1,New Delhi,Chinese,350,Indian Rupees(Rs.),No,No,2.9,5
313381,Brunch Point,1,New Delhi,North Indian,150,Indian Rupees(Rs.),No,No,2.9,4
301201,Bunty Dhaba,1,New Delhi,"North Indian, Chinese",500,Indian Rupees(Rs.),No,Yes,2.5,50
309496,Chandni Chowk Ka Sonu Parathe Wala,1,New Delhi,Street Food,100,Indian Rupees(Rs.),No,No,3.1,12
2297,Chankya,1,New Delhi,"North Indian, Fast Food, South Indian",500,Indian Rupees(Rs.),No,No,3.2,79
305003,Chaudhary Di Hatti,1,New Delhi,"Desserts, Street Food",150,Indian Rupees(Rs.),No,No,3.3,20
306310,Cook Du Kdu,1,New Delhi,"North Indian, Chinese, Mughlai",650,Indian Rupees(Rs.),No,Yes,3.2,52
18332058,Daawat Restaurant,1,New Delhi,"North Indian, Chinese, South Indian",500,Indian Rupees(Rs.),No,Yes,3.3,26
18128895,Delhi Dairy,1,New Delhi,"Fast Food, North Indian, South Indian, Chinese, Bakery",350,Indian Rupees(Rs.),No,No,3.2,11
312747,Domino's Pizza,1,New Delhi,"Pizza, Fast Food",700,Indian Rupees(Rs.),No,No,2.9,13
6128,Domino's Pizza,1,New Delhi,"Pizza, Fast Food",700,Indian Rupees(Rs.),No,No,3.1,75
304994,F 2 Pastry Shop,1,New Delhi,"Bakery, Fast Food",150,Indian Rupees(Rs.),No,No,3.3,26
313132,Food Villa,1,New Delhi,"North Indian, Chinese",700,Indian Rupees(Rs.),No,No,2.9,10
18423095,Goosebumps,1,New Delhi,"Ice Cream, Desserts",300,Indian Rupees(Rs.),No,No,3.2,6
18378024,Gulab,1,New Delhi,"Mithai, North Indian",500,Indian Rupees(Rs.),No,No,3.3,12
313508,Health Buzzz,1,New Delhi,Healthy Food,350,Indian Rupees(Rs.),No,Yes,3.1,22
301213,Jain Dhaba,1,New Delhi,North Indian,400,Indian Rupees(Rs.),No,No,3.2,30
8293,Jeeta Kulfi Walle,1,New Delhi,Desserts,100,Indian Rupees(Rs.),No,No,3.3,12
309495,Kamal Meat House,1,New Delhi,North Indian,400,Indian Rupees(Rs.),No,No,2.6,15
305565,Katyani Rasoi,1,New Delhi,North Indian,300,Indian Rupees(Rs.),No,No,3.2,10
309489,Magic Masala,1,New Delhi,"North Indian, South Indian",400,Indian Rupees(Rs.),No,No,3.0,11
3772,Masala Magic,1,New Delhi,"North Indian, South Indian, Fast Food",400,Indian Rupees(Rs.),No,No,3.0,16
301204,Mother Sweets,1,New Delhi,Mithai,100,Indian Rupees(Rs.),No,No,3.4,15
18421495,Panj Taara,1,New Delhi,North Indian,600,Indian Rupees(Rs.),No,No,3.1,8
306656,Prince Fried N Grilled Chicken,1,New Delhi,North Indian,450,Indian Rupees(Rs.),No,No,2.7,18
18126085,Punjabi's Veg Grill,1,New Delhi,"North Indian, Fast Food",400,Indian Rupees(Rs.),No,No,3.1,10
308942,Raja Chat Corner,1,New Delhi,Street Food,100,Indian Rupees(Rs.),No,No,3.3,20
309254,Rajshree,1,New Delhi,"North Indian, Chinese",550,Indian Rupees(Rs.),No,No,3.3,16
301417,Sachdeva Chicken Corner,1,New Delhi,North Indian,500,Indian Rupees(Rs.),No,No,3.4,39
301203,Shree Rathnam,1,New Delhi,"South Indian, North Indian, Chinese",800,Indian Rupees(Rs.),No,Yes,2.9,66
18014143,Sialkot,1,New Delhi,North Indian,250,Indian Rupees(Rs.),No,No,3.1,7
309793,Singh-O-Singh Kebabs,1,New Delhi,"North Indian, Mughlai",500,Indian Rupees(Rs.),No,Yes,3.1,54
6131,Super Snacks,1,New Delhi,"South Indian, Fast Food, Street Food",500,Indian Rupees(Rs.),No,No,3.1,44
309498,Tandoori Night,1,New Delhi,"North Indian, Mughlai",600,Indian Rupees(Rs.),No,No,3.1,15
1274,The Chaupal Bar And Restaurant,1,New Delhi,"Chinese, North Indian",800,Indian Rupees(Rs.),Yes,No,2.9,14
18431416,The Grill Point,1,New Delhi,"Chinese, Mughlai, North Indian",350,Indian Rupees(Rs.),No,No,3.0,4
309481,The Roll Hut,1,New Delhi,"Chinese, Fast Food",200,Indian Rupees(Rs.),No,No,3.1,13
301207,Triveni,1,New Delhi,"North Indian, South Indian, Chinese, Fast Food",300,Indian Rupees(Rs.),No,No,3.2,31
18409201,Gokul Foods,1,New Delhi,"North Indian, Chinese",550,Indian Rupees(Rs.),No,No,3.6,22
308938,Papa Pizza,1,New Delhi,"Pizza, Fast Food",450,Indian Rupees(Rs.),No,No,3.5,21
18282453,Aalishaan,1,New Delhi,"Chinese, North Indian",300,Indian Rupees(Rs.),No,No,0.0,2
18434966,Amritsari Chaat Bhandar,1,New Delhi,Street Food,200,Indian Rupees(Rs.),No,No,0.0,1
18349764,Bansal Foods,1,New Delhi,North Indian,600,Indian Rupees(Rs.),No,No,0.0,0
18421474,Bhatia Chinese Food,1,New Delhi,"Chinese, South Indian, Fast Food",200,Indian Rupees(Rs.),No,No,0.0,0
18377904,Break Fast Junction,1,New Delhi,North Indian,200,Indian Rupees(Rs.),No,No,0.0,0
18421482,Breakfast Hut,1,New Delhi,North Indian,200,Indian Rupees(Rs.),No,No,0.0,0
18433869,Buddy 's. Pizza,1,New Delhi,Pizza,300,Indian Rupees(Rs.),No,No,0.0,0
18376495,Chai Garam,1,New Delhi,"Beverages, Fast Food",150,Indian Rupees(Rs.),No,No,0.0,0
309483,Deepu Fish & Chicken,1,New Delhi,North Indian,500,Indian Rupees(Rs.),No,No,0.0,2
18217428,deliKitchen,1,New Delhi,"North Indian, Chinese, South Indian, Fast Food",350,Indian Rupees(Rs.),No,No,0.0,3
18323446,Dial A Cake,1,New Delhi,"Bakery, Fast Food",400,Indian Rupees(Rs.),No,Yes,0.0,2
18423892,Fuel Diet Cafe,1,New Delhi,Healthy Food,350,Indian Rupees(Rs.),No,No,0.0,0
18432000,GO CHATZ With Breadz,1,New Delhi,"Chinese, Fast Food",250,Indian Rupees(Rs.),No,No,0.0,1
18261956,Goldy Chat Bhandar,1,New Delhi,Street Food,100,Indian Rupees(Rs.),No,No,0.0,0
18378017,Green Chick Chop,1,New Delhi,"Raw Meats, Fast Food",350,Indian Rupees(Rs.),No,No,0.0,2
18126099,Hungry Heights,1,New Delhi,Fast Food,300,Indian Rupees(Rs.),No,No,0.0,2
18423101,Kebabish,1,New Delhi,North Indian,550,Indian Rupees(Rs.),No,No,0.0,0
18376513,Khalsa Dhaba,1,New Delhi,North Indian,350,Indian Rupees(Rs.),No,No,0.0,0
18432218,Khanna's Hot Pizza,1,New Delhi,Pizza,350,Indian Rupees(Rs.),No,No,0.0,1
18255168,Lets Eat Veg,1,New Delhi,North Indian,450,Indian Rupees(Rs.),No,No,0.0,2
18384143,Mitra Da Dhabha,1,New Delhi,"Mughlai, North Indian",350,Indian Rupees(Rs.),No,No,0.0,0
18222598,Murliwala Bakers,1,New Delhi,"Bakery, Fast Food",250,Indian Rupees(Rs.),No,No,0.0,0
18431979,Panjabi Chic-Shoppe,1,New Delhi,"Raw Meats, Street Food",300,Indian Rupees(Rs.),No,No,0.0,0
313225,Raj Petha Bhandar,1,New Delhi,Mithai,200,Indian Rupees(Rs.),No,No,0.0,1
18423103,Ramlal Sweets,1,New Delhi,Mithai,100,Indian Rupees(Rs.),No,No,0.0,0
308940,Sanjha Chula Baba Da,1,New Delhi,North Indian,250,Indian Rupees(Rs.),No,No,0.0,1
18433871,Sri Krishna,1,New Delhi,Street Food,200,Indian Rupees(Rs.),No,No,0.0,0
308928,Sugandh Corner,1,New Delhi,South Indian,250,Indian Rupees(Rs.),No,No,0.0,3
18469838,The Friends Cafe,1,New Delhi,"Chinese, Italian",300,Indian Rupees(Rs.),No,No,0.0,0
18458342,The Muffin Girl,1,New Delhi,Bakery,400,Indian Rupees(Rs.),No,No,0.0,3
18382338,Rainbows,1,New Delhi,"Bakery, Fast Food",400,Indian Rupees(Rs.),No,Yes,3.1,10
17977751,The Nest,1,New Delhi,"Continental, Italian, North Indian",2200,Indian Rupees(Rs.),Yes,No,3.5,218
18382373,Burger Head Quarter BHQ,1,New Delhi,Fast Food,300,Indian Rupees(Rs.),No,No,0.0,1
18485936,Chez Jerome - Q Cafe,1,New Delhi,"Cafe, French",1500,Indian Rupees(Rs.),Yes,No,0.0,1
18415370,Mr. Billiken,1,New Delhi,North Indian,600,Indian Rupees(Rs.),No,No,0.0,0
18363216,Mulligan Cafe,1,New Delhi,"South Indian, Fast Food",300,Indian Rupees(Rs.),No,No,0.0,1
18472689,Naya Adda,1,New Delhi,Fast Food,200,Indian Rupees(Rs.),No,No,0.0,0
18385727,OCD - Online Cake Delivery,1,New Delhi,"Bakery, Desserts",200,Indian Rupees(Rs.),No,No,0.0,1
18414508,Puja Sandwich House,1,New Delhi,Fast Food,300,Indian Rupees(Rs.),No,No,0.0,1
9571,Ambersari Dhaba,1,New Delhi,Fast Food,250,Indian Rupees(Rs.),No,No,3.4,44
313491,Arabian Knites,1,New Delhi,"Cafe, Chinese",500,Indian Rupees(Rs.),No,No,3.0,7
18260714,Aryan's Rajasthani Pyaz Ki Kachori,1,New Delhi,Street Food,100,Indian Rupees(Rs.),No,No,3.1,4
310344,Aviram's Chinese Kitchen,1,New Delhi,"Chinese, Fast Food",250,Indian Rupees(Rs.),No,Yes,2.7,4
9875,Bhagwan Sweets,1,New Delhi,"Mithai, North Indian, Chinese, Street Food",250,Indian Rupees(Rs.),No,No,2.8,8
18396161,Chawla,1,New Delhi,"North Indian, Chinese",400,Indian Rupees(Rs.),No,Yes,2.7,7
9572,Chinese Hut,1,New Delhi,"Chinese, Fast Food",450,Indian Rupees(Rs.),No,Yes,3.2,56
18371289,Flavourz,1,New Delhi,Fast Food,150,Indian Rupees(Rs.),No,Yes,3.3,6
18356840,Lets Bake Love,1,New Delhi,"Bakery, Desserts",600,Indian Rupees(Rs.),No,No,3.0,4
303784,Mahadev Dhaba,1,New Delhi,North Indian,100,Indian Rupees(Rs.),No,Yes,2.6,10
9906,Sethi's Food Corner,1,New Delhi,"Chinese, North Indian",550,Indian Rupees(Rs.),No,No,3.3,40
305581,Sethi's Restaurant,1,New Delhi,"North Indian, Chinese, Fast Food",700,Indian Rupees(Rs.),No,Yes,3.4,49
9588,Sindhi Kulfi,1,New Delhi,"Desserts, Ice Cream",100,Indian Rupees(Rs.),No,No,3.0,4
312798,Sri Kamakshi Vilas,1,New Delhi,"South Indian, North Indian",400,Indian Rupees(Rs.),No,No,2.7,9
18361738,The Midnight Hub - C,1,New Delhi,"North Indian, Chinese, Fast Food",450,Indian Rupees(Rs.),No,Yes,2.6,102
9579,Anand Ji,1,New Delhi,"North Indian, Street Food",200,Indian Rupees(Rs.),No,No,3.8,183
309816,Happy Hakka,1,New Delhi,"Chinese, Asian, Thai",650,Indian Rupees(Rs.),No,Yes,3.7,270
307283,Oberoi's,1,New Delhi,North Indian,600,Indian Rupees(Rs.),No,Yes,3.6,75
311150,Relax Restaurant,1,New Delhi,"North Indian, Mughlai",800,Indian Rupees(Rs.),Yes,Yes,3.5,116
18294237,Al-Rihan,1,New Delhi,Mughlai,250,Indian Rupees(Rs.),No,No,0.0,0
18455557,All Day 99,1,New Delhi,"North Indian, Chinese, South Indian",250,Indian Rupees(Rs.),No,Yes,0.0,3
18425773,Anna Dosa,1,New Delhi,South Indian,300,Indian Rupees(Rs.),No,No,0.0,3
310358,Chick Chicken House,1,New Delhi,"Raw Meats, Fast Food",250,Indian Rupees(Rs.),No,No,0.0,2
18425161,Chicken King,1,New Delhi,Mughlai,300,Indian Rupees(Rs.),No,No,0.0,1
308704,Choco Kraft,1,New Delhi,"Bakery, Desserts",300,Indian Rupees(Rs.),No,Yes,0.0,2
18323603,Cocoalicious Delights,1,New Delhi,"Bakery, Desserts",300,Indian Rupees(Rs.),No,No,0.0,0
18025089,FNV,1,New Delhi,"North Indian, Chinese",600,Indian Rupees(Rs.),No,No,0.0,2
18264993,Food En Vouge,1,New Delhi,North Indian,400,Indian Rupees(Rs.),No,Yes,0.0,0
18429151,Food Junction,1,New Delhi,Chinese,300,Indian Rupees(Rs.),No,No,0.0,0
18429161,Gian Ji Punjabi Dhaba,1,New Delhi,North Indian,150,Indian Rupees(Rs.),No,No,0.0,0
18425781,Govinda,1,New Delhi,Street Food,100,Indian Rupees(Rs.),No,No,0.0,1
18446391,Intermission,1,New Delhi,"Bakery, Fast Food",200,Indian Rupees(Rs.),No,Yes,0.0,3
18481310,Karma Cafe & Lounge,1,New Delhi,"North Indian, Chinese",350,Indian Rupees(Rs.),No,Yes,0.0,1
18425777,Lotes Bakes,1,New Delhi,Bakery,300,Indian Rupees(Rs.),No,Yes,0.0,0
18429157,New Anna Ka Dosa,1,New Delhi,South Indian,250,Indian Rupees(Rs.),No,No,0.0,1
18265712,New Sethi's,1,New Delhi,"Mughlai, North Indian",500,Indian Rupees(Rs.),No,No,0.0,0
9599,Punjab Sweets,1,New Delhi,"Mithai, Street Food",150,Indian Rupees(Rs.),No,No,0.0,2
18425148,Shri Ram Dhaba,1,New Delhi,North Indian,200,Indian Rupees(Rs.),No,No,0.0,0
18265724,Standard Punjabi Food,1,New Delhi,North Indian,200,Indian Rupees(Rs.),No,Yes,0.0,3
18458659,Sunrise Bakery,1,New Delhi,Bakery,400,Indian Rupees(Rs.),No,No,0.0,0
18424905,Taste of Spice,1,New Delhi,North Indian,400,Indian Rupees(Rs.),No,Yes,0.0,0
18410302,The Celiac Kitchen,1,New Delhi,North Indian,500,Indian Rupees(Rs.),No,No,0.0,0
7856,Aggarwal Sweet Corner,1,New Delhi,"North Indian, Chinese, Street Food, Mithai",300,Indian Rupees(Rs.),No,Yes,3.4,22
18365894,Behrouz Biryani,1,New Delhi,Biryani,600,Indian Rupees(Rs.),No,Yes,3.0,32
18441523,Biryani Blues,1,New Delhi,"Biryani, Hyderabadi",1000,Indian Rupees(Rs.),Yes,Yes,3.1,8
18400728,Burger King,1,New Delhi,"Burger, Fast Food",500,Indian Rupees(Rs.),No,Yes,3.4,45
310345,Domino's Pizza,1,New Delhi,"Pizza, Fast Food",700,Indian Rupees(Rs.),No,No,2.5,47
9596,Gopal (Sindhi) Restaurant,1,New Delhi,"North Indian, Mughlai",650,Indian Rupees(Rs.),No,Yes,3.4,59
302577,Kabul Delhi,1,New Delhi,Afghani,550,Indian Rupees(Rs.),No,Yes,2.9,39
18334458,Khan Chacha,1,New Delhi,"Mughlai, North Indian",650,Indian Rupees(Rs.),No,Yes,2.9,31
4847,Pizza Hut Delivery,1,New Delhi,"Italian, Pizza, Fast Food",800,Indian Rupees(Rs.),No,Yes,2.8,54
2601,Punjabi Jaika,1,New Delhi,"North Indian, Street Food",250,Indian Rupees(Rs.),No,No,3.3,40
3490,Rozy Restaurant,1,New Delhi,"North Indian, South Indian, Chinese",500,Indian Rupees(Rs.),No,No,2.6,50
18349930,Taj Cafe,1,New Delhi,"North Indian, Chinese",600,Indian Rupees(Rs.),No,No,3.1,18
7735,Tewari Sweets,1,New Delhi,"Mithai, North Indian, South Indian, Chinese, Street Food",500,Indian Rupees(Rs.),No,No,3.1,33
301239,The Burger Hut & Cake Shop,1,New Delhi,"Burger, Fast Food, Chinese, Bakery",300,Indian Rupees(Rs.),No,Yes,3.0,41
7861,Angel's Basket,1,New Delhi,Bakery,200,Indian Rupees(Rs.),No,No,3.5,70
491,Bikanervala,1,New Delhi,"North Indian, South Indian, Fast Food, Street Food, Chinese, Beverages, Desserts, Mithai",550,Indian Rupees(Rs.),No,Yes,3.7,269
553,Haldiram's,1,New Delhi,"North Indian, South Indian, Chinese, Street Food, Fast Food, Mithai, Desserts",600,Indian Rupees(Rs.),No,No,3.8,472
18426285,Moon of Taj,1,New Delhi,Desserts,500,Indian Rupees(Rs.),No,Yes,3.8,21
18345810,Tongue Thai'd,1,New Delhi,"Asian, Thai",1000,Indian Rupees(Rs.),No,Yes,3.7,57
7906,Udupi Sai Sarover,1,New Delhi,"North Indian, South Indian, Chinese",550,Indian Rupees(Rs.),No,No,3.8,63
311593,Wagh Bakri Tea Lounge,1,New Delhi,Cafe,550,Indian Rupees(Rs.),No,No,3.5,54
18466740,K2 Multi Cuisine Restaurant,1,New Delhi,"North Indian, Mughlai, Nepalese, Tibetan, Korean",1000,Indian Rupees(Rs.),Yes,No,0.0,2
1533,Tibet Kitchen,1,New Delhi,"Tibetan, Chinese",500,Indian Rupees(Rs.),No,No,3.5,515
9529,Baba Nagpal Corner,1,New Delhi,"North Indian, Street Food",150,Indian Rupees(Rs.),No,No,4.1,577
311466,Burger Street,1,New Delhi,Fast Food,300,Indian Rupees(Rs.),No,No,3.4,32
5358,Dilli Zaika,1,New Delhi,"Fast Food, South Indian, Chinese",300,Indian Rupees(Rs.),No,No,3.2,23
301532,Mughal Chic Inn,1,New Delhi,"Mughlai, North Indian",600,Indian Rupees(Rs.),No,No,3.3,23
18336529,Nutrition Theka,1,New Delhi,Cafe,500,Indian Rupees(Rs.),No,No,3.3,12
301530,Punjabi Chaap Corner,1,New Delhi,"North Indian, Fast Food",550,Indian Rupees(Rs.),No,No,3.1,20
18317975,Samosa Street,1,New Delhi,"Fast Food, Street Food",200,Indian Rupees(Rs.),No,No,3.3,7
18469935,Shanu's Chicken Planet,1,New Delhi,"North Indian, Mughlai, Chinese, Italian",450,Indian Rupees(Rs.),No,No,3.2,11
300874,Shanu's Food Shop,1,New Delhi,"North Indian, Chinese, Fast Food",450,Indian Rupees(Rs.),No,Yes,2.8,13
18357561,Bigbee,1,New Delhi,Bakery,100,Indian Rupees(Rs.),No,No,0.0,0
18445793,Delhi 6 Cafe,1,New Delhi,"Chinese, South Indian",300,Indian Rupees(Rs.),No,No,0.0,0
18458348,Lala Ji Sweets,1,New Delhi,"Mithai, Street Food",300,Indian Rupees(Rs.),No,No,0.0,0
18449646,MK's Chinese Food,1,New Delhi,"Chinese, Fast Food",250,Indian Rupees(Rs.),No,No,0.0,0
18445784,Nirvana The Divine Kitchen,1,New Delhi,"North Indian, Chinese",700,Indian Rupees(Rs.),No,No,0.0,0
18378861,Preechen,1,New Delhi,"North Indian, Fast Food",400,Indian Rupees(Rs.),No,No,0.0,0
301677,Rahul Eggs,1,New Delhi,"Fast Food, South Indian",400,Indian Rupees(Rs.),No,No,4.2,762
8537,7 Stick,1,New Delhi,"Pizza, Fast Food",250,Indian Rupees(Rs.),No,No,2.8,8
18268367,Aashirwad Restaurant,1,New Delhi,"North Indian, Chinese",400,Indian Rupees(Rs.),No,Yes,2.6,5
18244534,Amar Bakery,1,New Delhi,"Fast Food, Mithai, Bakery",250,Indian Rupees(Rs.),No,No,3.3,13
8517,Apni Rasoi,1,New Delhi,North Indian,400,Indian Rupees(Rs.),No,No,3.1,24
310653,Baked Buns,1,New Delhi,Fast Food,500,Indian Rupees(Rs.),No,Yes,3.1,18
312479,Banspi,1,New Delhi,Chinese,350,Indian Rupees(Rs.),No,No,2.9,13
18222593,Benchmark,1,New Delhi,"Chinese, Continental, Mexican",500,Indian Rupees(Rs.),No,No,2.8,14
2012,Bobby Tikki Wala,1,New Delhi,Street Food,250,Indian Rupees(Rs.),No,No,3.0,74
6265,Cafe Coffee Day,1,New Delhi,Cafe,450,Indian Rupees(Rs.),No,No,2.7,18
9829,Cafe Coffee Day,1,New Delhi,Cafe,450,Indian Rupees(Rs.),No,No,2.8,14
311949,Canteeno,1,New Delhi,"North Indian, Chinese",200,Indian Rupees(Rs.),No,No,3.0,7
18421027,Chai Mantra,1,New Delhi,"Fast Food, Beverages",200,Indian Rupees(Rs.),No,No,3.2,15
304957,Chandni Chowk ke Mashhoor Makkhan Wale Paranthe,1,New Delhi,North Indian,200,Indian Rupees(Rs.),No,No,2.8,9
305948,Chandni Chowk Parantha Corner,1,New Delhi,North Indian,100,Indian Rupees(Rs.),No,No,3.1,8
306113,Chauhan Laxmi Sweets,1,New Delhi,Mithai,150,Indian Rupees(Rs.),No,No,3.0,11
305987,Chawla's The Cake Room,1,New Delhi,"Bakery, Fast Food, Beverages",250,Indian Rupees(Rs.),No,Yes,3.4,17
4935,China Town,1,New Delhi,Chinese,250,Indian Rupees(Rs.),No,No,2.9,11
313265,Domino's Pizza,1,New Delhi,"Pizza, Fast Food",700,Indian Rupees(Rs.),No,No,2.6,46
18414470,Faasos,1,New Delhi,"North Indian, Fast Food",600,Indian Rupees(Rs.),No,Yes,2.6,10
18377903,Fast Trax,1,New Delhi,Fast Food,250,Indian Rupees(Rs.),No,Yes,3.2,4
300729,Finger Licious,1,New Delhi,"Bakery, Fast Food",200,Indian Rupees(Rs.),No,Yes,3.4,188
9850,Gulshan Pastry Shop,1,New Delhi,Bakery,200,Indian Rupees(Rs.),No,No,3.0,9
4939,Handa's,1,New Delhi,"North Indian, Chinese",500,Indian Rupees(Rs.),No,Yes,2.6,8
18416369,Homely Delight,1,New Delhi,"Mughlai, Biryani",400,Indian Rupees(Rs.),No,No,3.1,7
311194,Jahangeer Foods,1,New Delhi,"North Indian, Mughlai",500,Indian Rupees(Rs.),No,Yes,2.7,64
1205,Kaleva,1,New Delhi,"North Indian, Mithai",400,Indian Rupees(Rs.),No,No,3.3,61
305949,Laxmi Vaishno Dhaba,1,New Delhi,North Indian,300,Indian Rupees(Rs.),No,No,3.0,13
18400760,Little Pleasure Restaurant & Cafe,1,New Delhi,"North Indian, Chinese",600,Indian Rupees(Rs.),No,No,2.9,7
18372696,Mauryan Multi Cuisine Restaurant,1,New Delhi,"North Indian, Chinese",900,Indian Rupees(Rs.),No,Yes,3.4,31
9849,Mehta Food Junction,1,New Delhi,"North Indian, South Indian",300,Indian Rupees(Rs.),No,Yes,3.0,8
305298,Om Bikaner Wale,1,New Delhi,"Mithai, Street Food",200,Indian Rupees(Rs.),No,No,2.8,8
18451584,Ovenstory Pizza,1,New Delhi,"Pizza, Fast Food",500,Indian Rupees(Rs.),No,Yes,2.9,17
18291212,Prasadam,1,New Delhi,"South Indian, Fast Food",400,Indian Rupees(Rs.),No,No,2.8,34
6072,Priyanshi Fast Food,1,New Delhi,South Indian,300,Indian Rupees(Rs.),No,No,3.3,29
308253,Punjabi Tadka,1,New Delhi,North Indian,350,Indian Rupees(Rs.),No,No,3.1,21
18354257,Pyaali,1,New Delhi,"Fast Food, Tea",200,Indian Rupees(Rs.),No,Yes,2.8,7
6095,Ruby Dhaba,1,New Delhi,North Indian,500,Indian Rupees(Rs.),No,No,2.7,25
305942,Shree Manakamna Fast Food,1,New Delhi,Chinese,300,Indian Rupees(Rs.),No,No,3.4,31
18208895,The Chinese Hut,1,New Delhi,"Chinese, Fast Food",350,Indian Rupees(Rs.),No,No,3.0,10
309190,The Chinese Hut,1,New Delhi,"Chinese, Fast Food",300,Indian Rupees(Rs.),No,Yes,3.2,23
18472702,The Chinese Kitchen,1,New Delhi,Chinese,350,Indian Rupees(Rs.),No,No,3.1,7
311331,Twenty Four Seven,1,New Delhi,Fast Food,250,Indian Rupees(Rs.),No,No,3.1,13
18418242,Vegie Kitchen,1,New Delhi,"Chinese, North Indian",250,Indian Rupees(Rs.),No,No,3.1,10
18365372,Behrouz Biryani,1,New Delhi,Biryani,600,Indian Rupees(Rs.),No,Yes,3.5,22
18415367,Burger King,1,New Delhi,"Burger, Fast Food",500,Indian Rupees(Rs.),No,Yes,3.5,66
18382755,Mohit di Hatti,1,New Delhi,Street Food,200,Indian Rupees(Rs.),No,No,3.8,70
312385,Play Pizza,1,New Delhi,"Italian, Pizza",600,Indian Rupees(Rs.),No,Yes,3.8,270
18345730,Sushiya Express,1,New Delhi,"Sushi, Asian",800,Indian Rupees(Rs.),No,Yes,3.7,40
312639,Tantrum Coffee Bar,1,New Delhi,"Cafe, Pizza",500,Indian Rupees(Rs.),No,No,3.5,54
18381652,Chawla's Tandoori Junction,1,New Delhi,"North Indian, Mughlai",500,Indian Rupees(Rs.),No,No,0.0,3
18440186,Chennai Express Greens,1,New Delhi,South Indian,250,Indian Rupees(Rs.),No,No,0.0,0
18421464,Omi Pizza,1,New Delhi,Fast Food,350,Indian Rupees(Rs.),No,No,0.0,0
18440394,South Indian & Chinese Fast Food,1,New Delhi,"South Indian, Chinese, Fast Food",350,Indian Rupees(Rs.),No,No,0.0,0
18441680,The Khoj Cafe Restaurent,1,New Delhi,"Chinese, North Indian",300,Indian Rupees(Rs.),No,No,0.0,0
6122,Bharat Chicken Inn,1,New Delhi,"Mughlai, Fast Food, North Indian",800,Indian Rupees(Rs.),No,Yes,2.4,41
584,Nathu's Sweets,1,New Delhi,"North Indian, South Indian, Street Food, Chinese, Fast Food, Mithai",400,Indian Rupees(Rs.),No,Yes,2.1,121
4725,Wah Ji Wah,1,New Delhi,"North Indian, Chinese",500,Indian Rupees(Rs.),No,Yes,2.2,120
18070486,QD's Restaurant,1,New Delhi,"Chinese, North Indian, Fast Food, Italian",800,Indian Rupees(Rs.),No,Yes,4.1,675
3943,Henri's Bar - Le Meridien,1,New Delhi,Finger Food,2000,Indian Rupees(Rs.),No,No,3.3,20
3246,Le Belvedere - Le Meridien,1,New Delhi,Chinese,5000,Indian Rupees(Rs.),Yes,No,3.5,114
4380,Longitude - Le Meridien,1,New Delhi,Cafe,2000,Indian Rupees(Rs.),No,No,3.9,90
6600,Nero - Le Meridien,1,New Delhi,Finger Food,3000,Indian Rupees(Rs.),Yes,No,3.5,39
3937,The One - Le Meridien,1,New Delhi,Continental,4500,Indian Rupees(Rs.),Yes,No,3.8,273
3235,Eau De Monsoon - Le Meridien,1,New Delhi,"Continental, European, North Indian, French",4500,Indian Rupees(Rs.),Yes,No,4.0,189
306815,Slounge - Lemon Tree Premier,1,New Delhi,North Indian,1000,Indian Rupees(Rs.),Yes,No,3.5,26
5869,Al Bake,1,New Delhi,"North Indian, Chinese",600,Indian Rupees(Rs.),No,No,2.5,66
18273623,Al-Bawarchi,1,New Delhi,"North Indian, Mughlai, Chinese",650,Indian Rupees(Rs.),No,No,3.1,15
2997,Big Dragon,1,New Delhi,"Chinese, Thai",650,Indian Rupees(Rs.),No,No,3.1,81
3371,BTW,1,New Delhi,"North Indian, Street Food, South Indian, Mithai",400,Indian Rupees(Rs.),No,No,3.3,205
3003,Capital Curry,1,New Delhi,"North Indian, Mughlai",1000,Indian Rupees(Rs.),Yes,No,3.1,54
3004,Domino's Pizza,1,New Delhi,"Pizza, Fast Food",700,Indian Rupees(Rs.),No,No,2.5,81
3744,Ekta's Kitchen,1,New Delhi,"North Indian, Mughlai, Chinese",650,Indian Rupees(Rs.),No,Yes,3.2,67
9996,Gopal's,1,New Delhi,"Ice Cream, Street Food",150,Indian Rupees(Rs.),No,No,2.9,8
2999,Moti Mahal Delux,1,New Delhi,"North Indian, Mughlai, Chinese",1000,Indian Rupees(Rs.),Yes,Yes,2.6,72
9929,Open Oven,1,New Delhi,"Bakery, Desserts, Fast Food",250,Indian Rupees(Rs.),No,No,3.4,51
3002,Relax Xpress,1,New Delhi,"North Indian, Mughlai, Chinese",700,Indian Rupees(Rs.),No,Yes,3.2,75
5899,Roll Club,1,New Delhi,Fast Food,250,Indian Rupees(Rs.),No,No,2.7,27
2995,SM Gopal Ice Cream & Cakes,1,New Delhi,"Ice Cream, Desserts",200,Indian Rupees(Rs.),No,No,3.2,15
9316,Bangla Sweet Corner,1,New Delhi,"Chinese, North Indian, Mithai, Street Food",400,Indian Rupees(Rs.),No,No,2.6,32
311766,Chinois,1,New Delhi,Asian,1500,Indian Rupees(Rs.),Yes,No,3.0,7
3493,Dawat,1,New Delhi,"North Indian, Chinese, Mughlai",450,Indian Rupees(Rs.),No,No,2.9,49
18027962,Establishment Ristorante,1,New Delhi,Bakery,400,Indian Rupees(Rs.),No,No,3.1,12
1407,Ganesha Sweets & Restaurant,1,New Delhi,"North Indian, Mithai, Street Food",500,Indian Rupees(Rs.),No,No,2.6,26
1917,Gopala,1,New Delhi,"Mithai, Street Food",250,Indian Rupees(Rs.),No,No,3.3,25
3497,Green Chick Chop,1,New Delhi,"Raw Meats, North Indian, Fast Food",350,Indian Rupees(Rs.),No,No,2.9,12
3494,Hot Chimney,1,New Delhi,"North Indian, Chinese, Mughlai",850,Indian Rupees(Rs.),Yes,No,2.5,55
18222557,Icon,1,New Delhi,"Chinese, North Indian",1000,Indian Rupees(Rs.),Yes,No,3.2,18
1397,Juneja's Eating Plaza,1,New Delhi,"North Indian, Mughlai, Chinese, Fast Food",700,Indian Rupees(Rs.),No,Yes,3.4,98
18346857,Lodhi Knights,1,New Delhi,Fast Food,200,Indian Rupees(Rs.),No,No,3.1,8
6222,Ram Singh's Bhoj,1,New Delhi,"Mithai, Street Food",350,Indian Rupees(Rs.),No,No,2.9,6
5727,Republic of Chicken,1,New Delhi,"Raw Meats, Fast Food",400,Indian Rupees(Rs.),No,No,2.7,10
776,Slice of Italy,1,New Delhi,"Italian, Pizza, Bakery",700,Indian Rupees(Rs.),Yes,Yes,3.3,171
305604,Subway,1,New Delhi,"American, Fast Food, Salad, Healthy Food",500,Indian Rupees(Rs.),No,Yes,3.2,66
18391309,The Altitude Cafe and Deli,1,New Delhi,Cafe,600,Indian Rupees(Rs.),No,No,3.1,11
18255171,Tokyo Mon Amour,1,New Delhi,"Japanese, French",2200,Indian Rupees(Rs.),Yes,No,3.1,10
313280,Bhane,1,New Delhi,Ice Cream,300,Indian Rupees(Rs.),No,No,3.6,26
18279453,Celeste,1,New Delhi,"Cafe, Desserts, Bakery",500,Indian Rupees(Rs.),No,No,3.5,14
9315,Chidambaram's New Madras Hotel,1,New Delhi,"South Indian, Fast Food",400,Indian Rupees(Rs.),No,Yes,3.8,330
18438416,CJ's Fresh,1,New Delhi,"American, Italian, Bakery, Deli, Burger, Sandwich, Pizza",1000,Indian Rupees(Rs.),No,Yes,3.8,25
303753,Elma's Brasserie,1,New Delhi,"American, Continental, Italian, Bakery",2000,Indian Rupees(Rs.),Yes,Yes,3.7,393
7515,Kunafa,1,New Delhi,"Desserts, Middle Eastern, Turkish",300,Indian Rupees(Rs.),No,Yes,3.9,200
308195,Lahori Gate,1,New Delhi,"Mughlai, North Indian",1800,Indian Rupees(Rs.),Yes,Yes,3.5,148
306088,M I Food Center,1,New Delhi,"North Indian, Mughlai, Chinese",600,Indian Rupees(Rs.),No,No,3.8,202
307223,Sugar Blossoms,1,New Delhi,"Desserts, Bakery",300,Indian Rupees(Rs.),No,No,3.6,58
18472648,Eywa by Saby @ Celeste,1,New Delhi,Cafe,1000,Indian Rupees(Rs.),Yes,No,0.0,2
658,Cafe Coffee Day,1,New Delhi,Cafe,450,Indian Rupees(Rs.),No,No,2.3,52
304931,Guppy,1,New Delhi,"Japanese, Sushi",2900,Indian Rupees(Rs.),Yes,No,4.1,665
18277165,Ping's Caf? Orient,1,New Delhi,Asian,2100,Indian Rupees(Rs.),Yes,No,4.1,278
1819,The All American Diner,1,New Delhi,"American, Fast Food",1000,Indian Rupees(Rs.),No,No,4.1,3495
6203,Armaan's Restaurant,1,New Delhi,"North Indian, South Indian, Chinese",500,Indian Rupees(Rs.),No,No,2.8,8
5840,Garden Chef,1,New Delhi,Chinese,450,Indian Rupees(Rs.),No,No,3.0,63
307695,Golooji's Chat Waat,1,New Delhi,Street Food,400,Indian Rupees(Rs.),No,No,3.3,13
307693,Oriental Lee,1,New Delhi,"Chinese, Thai",500,Indian Rupees(Rs.),No,No,2.7,19
301654,Peshawari Restaurant,1,New Delhi,"North Indian, Chinese",700,Indian Rupees(Rs.),No,No,3.1,55
307696,Tikka Town,1,New Delhi,North Indian,550,Indian Rupees(Rs.),No,No,3.1,53
6202,Titu Restaurant,1,New Delhi,North Indian,300,Indian Rupees(Rs.),No,No,2.9,13
300888,Vijay Dhaba,1,New Delhi,North Indian,150,Indian Rupees(Rs.),No,No,2.9,7
307694,Wild Willy,1,New Delhi,"Pizza, Fast Food",500,Indian Rupees(Rs.),No,No,3.2,19
311470,Diva Spiced,1,New Delhi,"Asian, Chinese",2000,Indian Rupees(Rs.),Yes,No,3.7,131
307692,Granma's Homemade,1,New Delhi,"Bakery, Desserts, Fast Food",200,Indian Rupees(Rs.),No,No,3.6,25
4924,Karim's,1,New Delhi,"North Indian, Mughlai",1000,Indian Rupees(Rs.),Yes,No,3.8,194
302742,Sab Ki Khatir,1,New Delhi,Mughlai,450,Indian Rupees(Rs.),No,No,3.7,162
18471330,Golden Bakery,1,New Delhi,Bakery,400,Indian Rupees(Rs.),No,No,0.0,1
6269,Krishan Sweets,1,New Delhi,Mithai,250,Indian Rupees(Rs.),No,No,0.0,2
18423145,Rai Ji Caterers,1,New Delhi,North Indian,400,Indian Rupees(Rs.),No,No,0.0,0
18444040,Szoun Chinese Food,1,New Delhi,Chinese,300,Indian Rupees(Rs.),No,No,0.0,0
18391691,Yummy Mummy @ Delhi,1,New Delhi,"Bengali, North Indian",300,Indian Rupees(Rs.),No,No,0.0,2
1188,Lodi - The Garden Restaurant,1,New Delhi,"European, Lebanese, Mediterranean",2600,Indian Rupees(Rs.),Yes,Yes,4.2,2549
7353,Aggarwal Sweets & Restaurant,1,New Delhi,"North Indian, Mithai, South Indian, Street Food, Fast Food",400,Indian Rupees(Rs.),No,No,2.7,11
7365,Ashirwad Dhaba,1,New Delhi,North Indian,200,Indian Rupees(Rs.),No,No,2.9,5
303851,Barichi Restaurant,1,New Delhi,"North Indian, South Indian, Chinese",1000,Indian Rupees(Rs.),Yes,No,2.9,7
9097,Bikaner Sweets,1,New Delhi,Mithai,200,Indian Rupees(Rs.),No,No,2.7,14
7317,Bikaner,1,New Delhi,"Mithai, North Indian, South Indian, Chinese, Street Food",600,Indian Rupees(Rs.),No,No,2.9,6
311067,Chatori Zubaan 2,1,New Delhi,"North Indian, Chinese",550,Indian Rupees(Rs.),No,No,3.0,5
305201,Chinese Mania,1,New Delhi,Chinese,300,Indian Rupees(Rs.),No,No,3.2,17
18312458,Da Pizza Corner,1,New Delhi,"Fast Food, Pizza",600,Indian Rupees(Rs.),No,Yes,2.5,6
7332,Dhaba Cash 'N' Carry Kitchen,1,New Delhi,North Indian,600,Indian Rupees(Rs.),No,No,3.1,16
305180,Dom Dang Kins Restaurant,1,New Delhi,Chinese,400,Indian Rupees(Rs.),No,No,3.1,12
4312,First Choice,1,New Delhi,"North Indian, Chinese, Fast Food",600,Indian Rupees(Rs.),No,No,2.9,11
18356811,Hungry Hut,1,New Delhi,"North Indian, Chinese, Mughlai",700,Indian Rupees(Rs.),No,No,3.1,6
7315,Le Seasons Restaurant,1,New Delhi,"North Indian, Chinese",950,Indian Rupees(Rs.),Yes,No,2.8,17
9145,Moti Mahal Delux,1,New Delhi,"North Indian, Mughlai, Chinese",800,Indian Rupees(Rs.),Yes,No,3.0,22
18025111,Popsy's,1,New Delhi,"North Indian, South Indian, Continental, Fast Food",550,Indian Rupees(Rs.),No,No,3.0,5
303958,Prabhu,1,New Delhi,"Fast Food, North Indian, Bakery",500,Indian Rupees(Rs.),No,No,3.1,8
4311,Saptagiri,1,New Delhi,"North Indian, Mughlai, Chinese, Continental, Fast Food",900,Indian Rupees(Rs.),Yes,No,2.8,10
7309,Spice Hut,1,New Delhi,"North Indian, Fast Food, Biryani",500,Indian Rupees(Rs.),No,No,2.9,15
7307,Taste of Vishal,1,New Delhi,"North Indian, Chinese",900,Indian Rupees(Rs.),Yes,No,2.9,6
4315,The Tandoori Night,1,New Delhi,"Biryani, Chinese, North Indian",300,Indian Rupees(Rs.),No,No,2.8,5
305151,Traffic Jaam,1,New Delhi,"North Indian, Chinese",550,Indian Rupees(Rs.),No,No,2.9,5
7366,Tripti,1,New Delhi,"North Indian, Chinese, Mughlai, South Indian",1000,Indian Rupees(Rs.),Yes,No,3.1,16
9141,Uttaranchal Dhaba & Restaurant,1,New Delhi,North Indian,200,Indian Rupees(Rs.),No,No,2.9,5
18333396,Wah Ji Wah,1,New Delhi,"North Indian, Chinese",450,Indian Rupees(Rs.),No,No,2.9,6
7363,Resto 37,1,New Delhi,"North Indian, Chinese, Continental, Fast Food",700,Indian Rupees(Rs.),No,No,3.9,23
305181,Aakash Sweets & Caterers,1,New Delhi,"Mithai, Street Food",150,Indian Rupees(Rs.),No,No,0.0,0
18403469,Aapka Mangal Restaurant,1,New Delhi,North Indian,500,Indian Rupees(Rs.),No,No,0.0,0
18416845,Al-Karim,1,New Delhi,North Indian,350,Indian Rupees(Rs.),No,No,0.0,0
302475,Apna Dhaba,1,New Delhi,North Indian,150,Indian Rupees(Rs.),No,No,0.0,1
18489805,Burger Wala,1,New Delhi,"Burger, Fast Food",200,Indian Rupees(Rs.),No,No,0.0,1
302473,Cafe Highway,1,New Delhi,"Fast Food, Chinese",250,Indian Rupees(Rs.),No,No,0.0,0
18361932,Cake Point,1,New Delhi,"Bakery, Desserts",600,Indian Rupees(Rs.),No,Yes,0.0,0
18414467,Chatori Zubaan Chur Chur Naan,1,New Delhi,North Indian,100,Indian Rupees(Rs.),No,No,0.0,0
18358665,Coffee Shop,1,New Delhi,"Cafe, North Indian, Continental",1000,Indian Rupees(Rs.),No,No,0.0,0
18427203,Colonel's Kebabs & Curries,1,New Delhi,"North Indian, Chinese, Mughlai",600,Indian Rupees(Rs.),No,No,0.0,0
18358663,Dhaba Cash 'n' Carry Kitchen Chur Chur Naan,1,New Delhi,North Indian,150,Indian Rupees(Rs.),No,No,0.0,0
18489807,Dolphin - The Food Cafe,1,New Delhi,"North Indian, Mughlai, Chinese",300,Indian Rupees(Rs.),No,No,0.0,0
305183,First Treat Bakers,1,New Delhi,Bakery,300,Indian Rupees(Rs.),No,No,0.0,2
305153,Flavours Of Delhi,1,New Delhi,"North Indian, Chinese, Fast Food",650,Indian Rupees(Rs.),No,No,0.0,0
18372674,Foresto Lawn & Restaurant,1,New Delhi,"North Indian, Mughlai, Chinese",600,Indian Rupees(Rs.),No,No,0.0,2
18356797,Jain Sweets & Bakers,1,New Delhi,"North Indian, Mithai",300,Indian Rupees(Rs.),No,No,0.0,1
18414511,JD's Restaurant,1,New Delhi,"North Indian, Chinese",350,Indian Rupees(Rs.),No,No,0.0,0
18408033,Just Vada Pav,1,New Delhi,Street Food,150,Indian Rupees(Rs.),No,No,0.0,0
18358661,Kaka De Dhaba,1,New Delhi,North Indian,350,Indian Rupees(Rs.),No,No,0.0,0
18180072,Kolcata Bengali Dhaba,1,New Delhi,North Indian,100,Indian Rupees(Rs.),No,No,0.0,0
18311961,Kukkuu Da Dhaba,1,New Delhi,North Indian,400,Indian Rupees(Rs.),No,No,0.0,3
18416830,M&S Coffee Cafe,1,New Delhi,Fast Food,450,Indian Rupees(Rs.),No,No,0.0,3
18357534,Malabar Style Kitchen,1,New Delhi,Kerala,350,Indian Rupees(Rs.),No,No,0.0,0
18356819,Mathura Lassi Wala,1,New Delhi,"North Indian, Chinese, South Indian",250,Indian Rupees(Rs.),No,No,0.0,0
18356795,Metropolitan Cafe,1,New Delhi,"North Indian, Chinese",500,Indian Rupees(Rs.),No,No,0.0,1
18357529,Mr. Bake,1,New Delhi,Bakery,250,Indian Rupees(Rs.),No,No,0.0,2
311666,Mughal-E-Zaika,1,New Delhi,"Mughlai, North Indian",500,Indian Rupees(Rs.),No,No,0.0,0
18357541,Mukesh Bhojnalaya,1,New Delhi,North Indian,300,Indian Rupees(Rs.),No,No,0.0,0
312970,New Royal Blue Dhaba,1,New Delhi,North Indian,300,Indian Rupees(Rs.),No,No,0.0,0
305190,New Sharma Chicken Corner,1,New Delhi,"North Indian, Biryani",150,Indian Rupees(Rs.),No,No,0.0,2
303149,Pakwan,1,New Delhi,"North Indian, Chinese, Fast Food",500,Indian Rupees(Rs.),No,No,0.0,1
18168164,Pizza Corner,1,New Delhi,"Pizza, Fast Food",250,Indian Rupees(Rs.),No,No,0.0,2
18489540,Pokhreli Kitchen,1,New Delhi,"South Indian, Nepalese",450,Indian Rupees(Rs.),No,No,0.0,1
18268344,Rasoi,1,New Delhi,North Indian,500,Indian Rupees(Rs.),No,No,0.0,1
309219,Satya Dhaba,1,New Delhi,North Indian,450,Indian Rupees(Rs.),No,No,0.0,2
9129,Sha-O-Lin Chinese Fast Food,1,New Delhi,Chinese,300,Indian Rupees(Rs.),No,No,0.0,1
18358657,Shahi Chicken Corner,1,New Delhi,Mughlai,300,Indian Rupees(Rs.),No,No,0.0,1
312972,Shama Muradabadi,1,New Delhi,"North Indian, Biryani",250,Indian Rupees(Rs.),No,No,0.0,2
18415377,Sunil Punjabi Dhaba,1,New Delhi,North Indian,150,Indian Rupees(Rs.),No,No,0.0,0
18489534,Sunita Dhaba,1,New Delhi,North Indian,250,Indian Rupees(Rs.),No,No,0.0,0
18313112,Taste of India,1,New Delhi,"North Indian, Mughlai, Chinese",1000,Indian Rupees(Rs.),Yes,No,0.0,0
18416842,U.P. Al-Flah Restaurant,1,New Delhi,Biryani,350,Indian Rupees(Rs.),No,No,0.0,0
7362,Vaishno Da Dhaba,1,New Delhi,North Indian,200,Indian Rupees(Rs.),No,No,0.0,0
305189,Yadav Sweets,1,New Delhi,"Mithai, Street Food",150,Indian Rupees(Rs.),No,No,0.0,1
3286,The Cavalry Bar - Maidens Hotel,1,New Delhi,Finger Food,2000,Indian Rupees(Rs.),Yes,No,2.7,17
4374,The Curzon Room - Maidens Hotel,1,New Delhi,"European, North Indian",3200,Indian Rupees(Rs.),Yes,No,3.4,39
4373,The Garden Terrace - Maidens Hotel,1,New Delhi,"North Indian, Continental",3000,Indian Rupees(Rs.),Yes,No,3.3,57
18232577,Ama Rabsel House,1,New Delhi,"Chinese, North Indian",500,Indian Rupees(Rs.),No,No,3.0,8
18317502,Cafe Plus,1,New Delhi,Cafe,500,Indian Rupees(Rs.),No,No,3.2,13
18410770,Hornbill,1,New Delhi,"Naga, Chinese",450,Indian Rupees(Rs.),No,No,3.1,7
18303701,Orange Cafe & Restaurant,1,New Delhi,"Tibetan, Chinese",450,Indian Rupees(Rs.),No,No,3.1,8
18272391,ABC Restaurant,1,New Delhi,"North Indian, Chinese",300,Indian Rupees(Rs.),No,No,0.0,0
18422748,Achi Restaurant,1,New Delhi,Chinese,400,Indian Rupees(Rs.),No,No,0.0,1
18424643,Asian House Restaurant,1,New Delhi,"Tibetan, South Indian, North Indian",400,Indian Rupees(Rs.),No,No,0.0,0
18481209,Cafe 59,1,New Delhi,"Cafe, North Eastern",600,Indian Rupees(Rs.),No,No,0.0,0
304280,Drepung Loselling,1,New Delhi,"Tibetan, Chinese",400,Indian Rupees(Rs.),No,No,0.0,3
18272389,Dus Bab,1,New Delhi,Tibetan,500,Indian Rupees(Rs.),No,No,0.0,0
18261164,DZI House,1,New Delhi,"North Indian, Chinese, Tibetan",550,Indian Rupees(Rs.),No,No,0.0,0
18391757,Good Luck Cafe,1,New Delhi,Ice Cream,250,Indian Rupees(Rs.),No,No,0.0,0
18273526,Kathmandu,1,New Delhi,Chinese,300,Indian Rupees(Rs.),No,No,0.0,0
309101,Kullu Manali Restaurant,1,New Delhi,"Tibetan, Chinese, North Indian",400,Indian Rupees(Rs.),No,No,0.0,0
18446419,Lhamo's Kitchen,1,New Delhi,Nepalese,300,Indian Rupees(Rs.),No,No,0.0,0
18424639,Lhasa Manthang Restaurant,1,New Delhi,"Tibetan, Chinese",300,Indian Rupees(Rs.),No,No,0.0,0
18446411,Lhasa Thali House,1,New Delhi,Nepalese,300,Indian Rupees(Rs.),No,No,0.0,0
18424646,Little Tibet,1,New Delhi,"Cafe, Tibetan",300,Indian Rupees(Rs.),No,No,0.0,0
18261162,Lotus House Restaurant,1,New Delhi,"Tibetan, Chinese",600,Indian Rupees(Rs.),No,No,0.0,1
18273530,Mahi Rasoi,1,New Delhi,"North Indian, South Indian, Fast Food",400,Indian Rupees(Rs.),No,No,0.0,0
18446424,New Open Restaurant,1,New Delhi,"Nepalese, Tibetan",300,Indian Rupees(Rs.),No,No,0.0,0
18272385,Rooftop Restaurant,1,New Delhi,Chinese,450,Indian Rupees(Rs.),No,No,0.0,3
18424635,Somang House Restaurant,1,New Delhi,"Asian, Chinese",500,Indian Rupees(Rs.),No,No,0.0,0
18272376,Tandoori Khazana,1,New Delhi,"North Indian, Fast Food",350,Indian Rupees(Rs.),No,No,0.0,0
18368943,Tsopema Restaurant,1,New Delhi,"Tibetan, Chinese, North Indian",600,Indian Rupees(Rs.),No,No,0.0,1
308286,33 Food,1,New Delhi,"North Indian, Mughlai",700,Indian Rupees(Rs.),No,Yes,3.2,93
18261723,Burger Point,1,New Delhi,"Burger, Fast Food",400,Indian Rupees(Rs.),No,No,3.3,78
18463424,Cafe Blur,1,New Delhi,"Cafe, Chinese",450,Indian Rupees(Rs.),No,No,3.1,7
650,Cafe Coffee Day,1,New Delhi,Cafe,450,Indian Rupees(Rs.),No,No,2.5,52
1037,Cafe Rendezvous,1,New Delhi,"Mexican, Italian, North Indian, Continental, Asian",1550,Indian Rupees(Rs.),Yes,Yes,3.3,191
6377,Cakes & Bakes,1,New Delhi,"Bakery, Desserts",500,Indian Rupees(Rs.),No,No,3.4,75
311609,Chatorey Chacha,1,New Delhi,"Street Food, North Indian",350,Indian Rupees(Rs.),No,No,3.3,51
18175252,Chilli Dragon,1,New Delhi,"Chinese, Thai",650,Indian Rupees(Rs.),No,Yes,3.3,35
309448,DCK- Dana Choga's Kitchen,1,New Delhi,"North Indian, Mughlai",800,Indian Rupees(Rs.),No,Yes,3.4,297
2863,Divya's Rimpy Restaurant,1,New Delhi,"North Indian, Chinese, Mughlai",800,Indian Rupees(Rs.),No,No,3.2,245
5135,Express Dhaba,1,New Delhi,"North Indian, Chinese, Mughlai",650,Indian Rupees(Rs.),No,Yes,2.7,68
300828,Go Foodie,1,New Delhi,"North Indian, Chinese",500,Indian Rupees(Rs.),No,No,3.3,105
18238307,Health Pan,1,New Delhi,Healthy Food,200,Indian Rupees(Rs.),No,Yes,3.4,45
1040,Karim's,1,New Delhi,"Mughlai, North Indian",800,Indian Rupees(Rs.),Yes,Yes,3.0,183
18285199,Karuna,1,New Delhi,South Indian,200,Indian Rupees(Rs.),No,No,3.0,15
303423,Kathi,1,New Delhi,"North Indian, Fast Food, Chinese",400,Indian Rupees(Rs.),No,Yes,2.8,75
18354972,King Chilly Kitchen,1,New Delhi,"Chinese, Tibetan",400,Indian Rupees(Rs.),No,Yes,3.2,17
18332076,Kolhapuri Veg Non-Veg Foods,1,New Delhi,Maharashtrian,300,Indian Rupees(Rs.),No,Yes,3.3,20
1406,Mehfil Dhaba,1,New Delhi,"Fast Food, North Indian",300,Indian Rupees(Rs.),No,No,3.4,214
308444,Moti Mahal Delux - Legendary Culinary,1,New Delhi,"North Indian, Chinese",600,Indian Rupees(Rs.),No,Yes,2.6,146
309452,Open Oven,1,New Delhi,"Bakery, Desserts, Fast Food",250,Indian Rupees(Rs.),No,Yes,3.4,103
310312,Paapi Paet,1,New Delhi,"Fast Food, Beverages",550,Indian Rupees(Rs.),No,Yes,3.3,250
305162,Pepper Corn Express,1,New Delhi,"North Indian, Chinese, Fast Food",800,Indian Rupees(Rs.),No,Yes,3.4,50
18471299,Pinch Of China,1,New Delhi,Chinese,400,Indian Rupees(Rs.),No,No,3.2,14
4855,Pizza Hut Delivery,1,New Delhi,"Italian, Pizza, Fast Food",800,Indian Rupees(Rs.),No,Yes,2.8,120
18272382,Punjabee's Darbar,1,New Delhi,"North Indian, Chinese",700,Indian Rupees(Rs.),No,Yes,3.0,34
313398,Ramjee's,1,New Delhi,"Street Food, North Indian",150,Indian Rupees(Rs.),No,Yes,3.3,62
307746,Rollmaal,1,New Delhi,"Fast Food, North Indian, Chinese",500,Indian Rupees(Rs.),No,Yes,3.4,218
3043,Shaolin,1,New Delhi,Chinese,800,Indian Rupees(Rs.),No,Yes,3.4,217
301190,Subway,1,New Delhi,"American, Fast Food, Salad, Healthy Food",500,Indian Rupees(Rs.),No,Yes,2.8,183
18233599,The Chocolate Room,1,New Delhi,"Cafe, Italian, Mexican, Salad, Desserts",850,Indian Rupees(Rs.),Yes,Yes,3.4,155
1036,The Delhi Heights,1,New Delhi,"North Indian, Mughlai, Chinese",800,Indian Rupees(Rs.),Yes,Yes,2.8,198
310665,Thok (The House of Kakori),1,New Delhi,"North Indian, Mughlai, Chinese",600,Indian Rupees(Rs.),No,Yes,3.4,485
18322671,Uloo,1,New Delhi,"North Indian, Mughlai, Chinese",600,Indian Rupees(Rs.),No,Yes,3.2,134
18353692,Vadapav Junction & More,1,New Delhi,"Street Food, Fast Food",350,Indian Rupees(Rs.),No,Yes,3.3,37
18365877,Behrouz Biryani,1,New Delhi,Biryani,600,Indian Rupees(Rs.),No,Yes,3.6,61
310848,Beliram Degchiwala,1,New Delhi,"North Indian, Mughlai, Chinese",900,Indian Rupees(Rs.),No,Yes,3.5,226
18398602,Bhukkhar,1,New Delhi,"North Indian, Chinese, Mughlai",500,Indian Rupees(Rs.),No,Yes,3.9,100
18376472,Biryani Blues,1,New Delhi,"Biryani, Hyderabadi",1000,Indian Rupees(Rs.),No,Yes,3.9,113
18455531,Bun Intended,1,New Delhi,"Burger, American, Fast Food",850,Indian Rupees(Rs.),No,Yes,3.9,50
18208912,Casa Asia,1,New Delhi,Chinese,650,Indian Rupees(Rs.),No,Yes,3.8,306
2586,Chic Fish,1,New Delhi,"North Indian, Chinese",750,Indian Rupees(Rs.),No,Yes,3.5,361
301722,Dunkin' Donuts,1,New Delhi,"Burger, Desserts, Fast Food",600,Indian Rupees(Rs.),No,Yes,3.6,290
18285729,Farratta,1,New Delhi,"North Indian, Chinese",800,Indian Rupees(Rs.),No,Yes,3.7,93
305526,Flavors of Chennai,1,New Delhi,South Indian,400,Indian Rupees(Rs.),No,Yes,3.7,370
18357542,Food For Thought,1,New Delhi,"North Indian, Italian",700,Indian Rupees(Rs.),No,Yes,3.8,55
18291199,FreshMenu,1,New Delhi,"Italian, Chinese, Continental, Thai, Mediterranean, Lebanese",600,Indian Rupees(Rs.),No,Yes,3.7,132
5726,Giani's,1,New Delhi,"Ice Cream, Desserts",400,Indian Rupees(Rs.),No,Yes,3.7,145
302922,Gopala,1,New Delhi,"Mithai, Street Food",250,Indian Rupees(Rs.),No,No,3.8,45
7658,Green Chick Chop,1,New Delhi,"Raw Meats, North Indian, Fast Food",350,Indian Rupees(Rs.),No,No,3.5,52
18286490,Hunger Must Die,1,New Delhi,"Italian, North Indian, Chinese, Mughlai",500,Indian Rupees(Rs.),No,Yes,3.7,99
7654,Kolkata Kathi Roll,1,New Delhi,Fast Food,150,Indian Rupees(Rs.),No,No,3.6,82
18254534,Max Grille and Kitchen,1,New Delhi,"North Indian, Mughlai, Chinese",850,Indian Rupees(Rs.),Yes,Yes,3.5,99
9100,Moti Sweets,1,New Delhi,"Mithai, Street Food",100,Indian Rupees(Rs.),No,No,3.6,114
6475,Nazeer Foods,1,New Delhi,"North Indian, Mughlai, Chinese",650,Indian Rupees(Rs.),No,No,3.6,427
300302,Nikashee,1,New Delhi,"Chinese, Thai",600,Indian Rupees(Rs.),No,No,3.7,408
304302,Noodle Box,1,New Delhi,"Chinese, Thai",700,Indian Rupees(Rs.),No,Yes,3.5,60
306166,Pema's,1,New Delhi,"Chinese, Tibetan, Japanese",700,Indian Rupees(Rs.),No,Yes,3.6,412
18345755,Plumber - The Lounge,1,New Delhi,"Thai, Chinese, North Indian",1500,Indian Rupees(Rs.),No,No,3.9,38
9751,Pudding & Pie,1,New Delhi,"Bakery, Fast Food",450,Indian Rupees(Rs.),No,No,3.7,137
2867,RP's Restaurant,1,New Delhi,"Mughlai, North Indian, Chinese",700,Indian Rupees(Rs.),No,Yes,3.5,259
8346,Soi Thai,1,New Delhi,"Thai, Japanese",1500,Indian Rupees(Rs.),No,Yes,3.6,148
305871,Speedy Chow,1,New Delhi,"Chinese, Thai",850,Indian Rupees(Rs.),No,Yes,3.6,268
18425151,Stoned Age Kitchen,1,New Delhi,Continental,400,Indian Rupees(Rs.),No,Yes,3.9,91
998,Suribachi,1,New Delhi,"Asian, North Indian, Continental",1500,Indian Rupees(Rs.),Yes,Yes,3.5,104
452,Swagath,1,New Delhi,"North Indian, Chinese, Seafood, Chettinad",1500,Indian Rupees(Rs.),Yes,No,3.5,168
18163892,The Delhi Canteen,1,New Delhi,"North Indian, Continental, Asian, Chinese, Thai",1000,Indian Rupees(Rs.),Yes,Yes,3.6,305
18432219,The Grill Kitchen,1,New Delhi,"North Indian, Mughlai",650,Indian Rupees(Rs.),No,Yes,3.8,75
18458339,The Midnight Heroes,1,New Delhi,"North Indian, Biryani, Chinese, Fast Food",950,Indian Rupees(Rs.),No,Yes,3.7,41
18375421,The Salad Bowl,1,New Delhi,"Healthy Food, Salad",800,Indian Rupees(Rs.),No,Yes,3.5,34
209,Domino's Pizza,1,New Delhi,"Pizza, Fast Food",700,Indian Rupees(Rs.),No,No,2.3,185
18428394,Food Army,1,New Delhi,"North Indian, Mughlai, Chinese",450,Indian Rupees(Rs.),No,Yes,2.3,18
1030,Moti Restaurant,1,New Delhi,"North Indian, South Indian, Chinese, Mughlai",550,Indian Rupees(Rs.),No,Yes,2.4,137
7661,New Baba Da Dhaba,1,New Delhi,"North Indian, Mughlai, Chinese",400,Indian Rupees(Rs.),No,Yes,2.0,84
6179,Tunday Kababi,1,New Delhi,"Lucknowi, Mughlai",600,Indian Rupees(Rs.),No,Yes,2.2,182
18446475,Dilli BC,1,New Delhi,"North Indian, Mughlai",700,Indian Rupees(Rs.),No,Yes,4.4,84
311161,Litti.In,1,New Delhi,Bihari,300,Indian Rupees(Rs.),No,Yes,4.0,308
313206,Nizam's Kathi Kabab,1,New Delhi,"North Indian, Fast Food",900,Indian Rupees(Rs.),Yes,Yes,4.0,153
18334452,Pepper Kitchen,1,New Delhi,"Cafe, American, Italian",500,Indian Rupees(Rs.),No,Yes,4.0,244
18253111,Rustom's Cafe & Bakery,1,New Delhi,"Cafe, Bakery, Parsi",700,Indian Rupees(Rs.),No,Yes,4.1,84
18219545,Salad Days,1,New Delhi,"Healthy Food, Salad",800,Indian Rupees(Rs.),No,Yes,4.0,255
18348970,Stop My Starvation,1,New Delhi,"Cafe, Desserts",300,Indian Rupees(Rs.),No,Yes,4.3,126
18334465,Sushi Junction,1,New Delhi,"Sushi, Japanese, Healthy Food",1000,Indian Rupees(Rs.),No,Yes,4.0,53
18272370,Vero Gusto,1,New Delhi,"Cafe, Fast Food, Healthy Food",250,Indian Rupees(Rs.),No,Yes,4.1,135
311846,Snack Junction,1,New Delhi,Chinese,300,Indian Rupees(Rs.),No,No,3.2,10
311432,Turant,1,New Delhi,Chinese,300,Indian Rupees(Rs.),No,No,3.3,47
304972,Snacks Point,1,New Delhi,Fast Food,100,Indian Rupees(Rs.),No,No,0.0,1
18356812,The Sweet Spot,1,New Delhi,Bakery,600,Indian Rupees(Rs.),No,No,0.0,2
18294392,Kafe @ Museum,1,New Delhi,"North Indian, Continental",300,Indian Rupees(Rs.),No,No,0.0,2
308489,Friends Cafe,1,New Delhi,North Indian,500,Indian Rupees(Rs.),No,No,0.0,2
313175,Aromas of Pind,1,New Delhi,"North Indian, Chinese",1200,Indian Rupees(Rs.),Yes,Yes,4.2,278
301842,Apna Dhaba and Caters,1,New Delhi,North Indian,300,Indian Rupees(Rs.),No,No,3.2,20
311378,Green Chick Chop,1,New Delhi,"Raw Meats, North Indian, Fast Food",350,Indian Rupees(Rs.),No,Yes,2.7,7
301830,Jai Shree Durga South Indian Corner,1,New Delhi,"South Indian, Chinese",350,Indian Rupees(Rs.),No,No,3.0,6
18323144,Malabar Catering House,1,New Delhi,"Biryani, Kerala",400,Indian Rupees(Rs.),No,No,3.2,13
311377,Meenakshi Bhawan,1,New Delhi,"South Indian, Chinese",300,Indian Rupees(Rs.),No,No,3.1,14
301848,New Raja Sweets,1,New Delhi,"Mithai, Street Food",150,Indian Rupees(Rs.),No,No,2.9,18
307998,Pizza Treat,1,New Delhi,"Pizza, Fast Food",250,Indian Rupees(Rs.),No,No,3.0,6
5940,Pudding & Pie,1,New Delhi,"Bakery, Fast Food",450,Indian Rupees(Rs.),No,No,3.1,7
301826,Rita Chinese Food,1,New Delhi,Chinese,350,Indian Rupees(Rs.),No,No,3.1,10
312923,Vibes of Punjab,1,New Delhi,"North Indian, Mughlai, Chinese",700,Indian Rupees(Rs.),No,No,3.2,21
301817,Ramji Di Hatti & Caterers,1,New Delhi,North Indian,350,Indian Rupees(Rs.),No,No,3.5,25
301820,Spicy Tadka,1,New Delhi,"North Indian, Chinese",600,Indian Rupees(Rs.),No,Yes,3.5,24
18460315,Mr. Tandoori Lal,1,New Delhi,"Chinese, North Indian",300,Indian Rupees(Rs.),No,No,0.0,3
301809,Om Sweets & Caterers,1,New Delhi,North Indian,200,Indian Rupees(Rs.),No,No,0.0,3
18368012,Sardar Ji Take Away & Caterers,1,New Delhi,"North Indian, Chinese",450,Indian Rupees(Rs.),No,No,0.0,2
18429423,9 is Mine,1,New Delhi,Fast Food,300,Indian Rupees(Rs.),No,Yes,2.6,4
6180,Aashirwad,1,New Delhi,"Chinese, North Indian",450,Indian Rupees(Rs.),No,No,3.2,19
301108,Aggarwal Sweet & Bakers,1,New Delhi,"Mithai, Street Food",150,Indian Rupees(Rs.),No,No,2.9,5
8105,Amit Hotel,1,New Delhi,North Indian,150,Indian Rupees(Rs.),No,No,2.9,7
313185,Angrezee Dhaba,1,New Delhi,"North Indian, Mughlai, Chinese",350,Indian Rupees(Rs.),No,Yes,2.8,7
8109,Ankur Family Restaurant,1,New Delhi,North Indian,300,Indian Rupees(Rs.),No,No,2.9,4
304267,Bansal Sweet,1,New Delhi,"Desserts, Street Food",150,Indian Rupees(Rs.),No,No,2.7,20
313351,Baskin Robbins,1,New Delhi,Ice Cream,300,Indian Rupees(Rs.),No,Yes,3.1,13
309227,Caravan Resto Bar,1,New Delhi,"North Indian, Chinese, Mughlai",1100,Indian Rupees(Rs.),Yes,Yes,3.2,51
18285695,Celebration Multi Cuisine Restaurant,1,New Delhi,"North Indian, Chinese",500,Indian Rupees(Rs.),No,No,2.7,14
18146358,Chatto Chapati,1,New Delhi,North Indian,250,Indian Rupees(Rs.),No,No,3.0,8
312715,Chawla's?,1,New Delhi,"North Indian, Mughlai",750,Indian Rupees(Rs.),Yes,No,2.7,29
311245,China Town,1,New Delhi,Chinese,300,Indian Rupees(Rs.),No,Yes,2.7,11
6173,China Town,1,New Delhi,Chinese,350,Indian Rupees(Rs.),No,No,2.7,28
301353,Dazzle Pastry Shop,1,New Delhi,"Bakery, Fast Food",150,Indian Rupees(Rs.),No,No,2.6,25
300957,Delicacy Foods,1,New Delhi,"North Indian, Mughlai, Chinese",650,Indian Rupees(Rs.),No,No,3.2,86
312703,Dolphin Rolls,1,New Delhi,"Fast Food, Chinese",200,Indian Rupees(Rs.),No,No,2.9,6
6183,Durbar Restaurant,1,New Delhi,"North Indian, Chinese",500,Indian Rupees(Rs.),No,No,2.7,33
301037,Ever Green Pastry Shop,1,New Delhi,Bakery,200,Indian Rupees(Rs.),No,No,3.1,34
8069,Evergreen Sweets Corner,1,New Delhi,"Mithai, Street Food",100,Indian Rupees(Rs.),No,No,3.0,8
306107,Great Plates By AJ,1,New Delhi,"North Indian, Chinese, Mughlai",900,Indian Rupees(Rs.),Yes,Yes,3.1,77
308359,Green Chick Chop,1,New Delhi,"Raw Meats, North Indian, Fast Food",350,Indian Rupees(Rs.),No,No,3.2,24
18260604,Haqeem's,1,New Delhi,North Indian,250,Indian Rupees(Rs.),No,No,2.7,14
6185,Himalaya Food Corner,1,New Delhi,"North Indian, Mughlai, Chinese",500,Indian Rupees(Rs.),No,No,2.7,46
304259,Hot Joint Fast Food,1,New Delhi,"Chinese, Fast Food",350,Indian Rupees(Rs.),No,No,2.6,61
300959,Hyderabadi Dum Biryani,1,New Delhi,"Biryani, Hyderabadi",650,Indian Rupees(Rs.),No,Yes,2.7,60
18238249,Kasturi Family Restaurant,1,New Delhi,"North Indian, Chinese",400,Indian Rupees(Rs.),No,Yes,3.0,20
309346,Kerala Cafe,1,New Delhi,Kerala,300,Indian Rupees(Rs.),No,No,3.3,45
307306,Keuchen Paradise,1,New Delhi,Bakery,300,Indian Rupees(Rs.),No,Yes,2.8,8
18203881,Kook For Health,1,New Delhi,"American, Asian, North Indian, Mexican, South Indian",500,Indian Rupees(Rs.),No,Yes,3.3,21
18138441,Lahorian's Sweets & Bakers,1,New Delhi,"Street Food, Desserts",250,Indian Rupees(Rs.),No,No,2.9,5
8531,Mr. Baker's,1,New Delhi,"Bakery, Fast Food",100,Indian Rupees(Rs.),No,No,3.0,22
18267785,Night Food Delivery,1,New Delhi,"North Indian, Chinese",500,Indian Rupees(Rs.),No,Yes,2.7,5
8110,Nine 2 Nine Snacks & Restaurant,1,New Delhi,"North Indian, Street Food",250,Indian Rupees(Rs.),No,No,2.9,5
18281964,Punjabi Mirch,1,New Delhi,North Indian,400,Indian Rupees(Rs.),No,No,3.0,4
2932,Rasoi The Food Express,1,New Delhi,"North Indian, Chinese",600,Indian Rupees(Rs.),No,Yes,2.6,53
6182,Republic of Chicken,1,New Delhi,"Raw Meats, Fast Food",400,Indian Rupees(Rs.),No,No,2.8,11
18324529,Sandwichai,1,New Delhi,Fast Food,350,Indian Rupees(Rs.),No,Yes,3.3,58
308237,SB's Raisins,1,New Delhi,"Bakery, Desserts, Fast Food",350,Indian Rupees(Rs.),No,Yes,2.8,15
311894,Shanghai Kitchen,1,New Delhi,"Chinese, Fast Food",300,Indian Rupees(Rs.),No,No,3.1,26
300960,Shiv Shakti Restaurant,1,New Delhi,"South Indian, Chinese",200,Indian Rupees(Rs.),No,No,3.0,18
308222,Smoky Chettinad,1,New Delhi,"South Indian, Chettinad",600,Indian Rupees(Rs.),No,No,2.8,49
18258510,Spice Fusion,1,New Delhi,"North Indian, Mughlai",400,Indian Rupees(Rs.),No,No,3.1,7
308526,Sweet Toof Designer Cakes,1,New Delhi,"Bakery, Desserts",250,Indian Rupees(Rs.),No,No,3.1,7
301118,The Chef,1,New Delhi,"North Indian, Chinese",600,Indian Rupees(Rs.),No,Yes,3.2,23
309551,The Edge Cafe,1,New Delhi,"Fast Food, Chinese",400,Indian Rupees(Rs.),No,Yes,3.1,53
9736,The Epicure - Fraser Suites,1,New Delhi,"Asian, Thai, Chinese, North Indian",2000,Indian Rupees(Rs.),Yes,No,3.1,80
18022625,Udupidarshini Veg Restaurant,1,New Delhi,"Chinese, North Indian, South Indian",550,Indian Rupees(Rs.),No,Yes,3.4,33
18420679,36 lebzelter,1,New Delhi,"Bakery, Desserts",150,Indian Rupees(Rs.),No,No,3.7,39
301361,Baked Buns,1,New Delhi,"Fast Food, Pizza, Burger",500,Indian Rupees(Rs.),No,Yes,3.6,165
312991,Freakin Beans,1,New Delhi,Cafe,250,Indian Rupees(Rs.),No,No,3.7,72
18277153,Nutri Cafe,1,New Delhi,Fast Food,500,Indian Rupees(Rs.),No,Yes,3.7,49
18273548,Senorita's,1,New Delhi,"Mexican, North Indian",550,Indian Rupees(Rs.),No,No,3.7,57
18399818,Village - The House of Food,1,New Delhi,"Street Food, Fast Food, Chinese, South Indian, North Indian",300,Indian Rupees(Rs.),No,Yes,3.7,65
8062,Aman Vaishno Dhaba,1,New Delhi,North Indian,150,Indian Rupees(Rs.),No,No,0.0,1
304254,Anupam Hotel,1,New Delhi,North Indian,200,Indian Rupees(Rs.),No,No,0.0,2
18469823,Bake Bank,1,New Delhi,"Bakery, Desserts",300,Indian Rupees(Rs.),No,No,0.0,0
18057803,Buzybee,1,New Delhi,"Bakery, Desserts",300,Indian Rupees(Rs.),No,No,0.0,0
18208900,Cafe Tandoor,1,New Delhi,Fast Food,250,Indian Rupees(Rs.),No,No,0.0,2
18420694,Chawlas 2,1,New Delhi,"North Indian, Mughlai",500,Indian Rupees(Rs.),No,No,0.0,1
18438463,Choksi Chinese,1,New Delhi,Chinese,200,Indian Rupees(Rs.),No,No,0.0,0
18317329,Desi Chulha,1,New Delhi,"North Indian, Chinese",400,Indian Rupees(Rs.),No,No,0.0,0
18442896,Fumble Foods,1,New Delhi,"North Indian, Fast Food",150,Indian Rupees(Rs.),No,No,0.0,0
18494989,Games v/s Cafe,1,New Delhi,"Cafe, Beverages",200,Indian Rupees(Rs.),No,No,0.0,0
18432170,Goodies- Snacks N More,1,New Delhi,"Fast Food, Chinese",400,Indian Rupees(Rs.),No,No,0.0,1
18489526,Grubhouse Cafe,1,New Delhi,Fast Food,300,Indian Rupees(Rs.),No,No,0.0,0
18375372,Mr. Baker's,1,New Delhi,Bakery,250,Indian Rupees(Rs.),No,No,0.0,1
8108,Muradabadi Chicken Biryani & Dhaba,1,New Delhi,North Indian,450,Indian Rupees(Rs.),No,No,0.0,3
6237,Pakiza Restaurant,1,New Delhi,"North Indian, Mughlai",600,Indian Rupees(Rs.),No,No,0.0,2
311993,Riddhi Siddhi Restaurant,1,New Delhi,"North Indian, Fast Food",200,Indian Rupees(Rs.),No,No,0.0,2
18479003,Rockers & Shockers,1,New Delhi,"North Indian, Mughlai, Chinese",550,Indian Rupees(Rs.),No,No,0.0,0
18472612,Saikutir Food,1,New Delhi,"North Indian, South Indian, Chinese",200,Indian Rupees(Rs.),No,No,0.0,0
18357972,Satnaam Foods,1,New Delhi,North Indian,300,Indian Rupees(Rs.),No,No,0.0,0
18375388,Senorita's,1,New Delhi,Mexican,300,Indian Rupees(Rs.),No,No,0.0,3
18292453,Shri Bala Ji Rasoi,1,New Delhi,North Indian,200,Indian Rupees(Rs.),No,No,0.0,0
18421494,South Indian,1,New Delhi,South Indian,150,Indian Rupees(Rs.),No,No,0.0,0
8033,Tip Top Eating Corner,1,New Delhi,North Indian,100,Indian Rupees(Rs.),No,No,0.0,0
18360957,ToLoveFromLove,1,New Delhi,"Bakery, Desserts",300,Indian Rupees(Rs.),No,No,0.0,0
18281993,Tripti Foods,1,New Delhi,South Indian,200,Indian Rupees(Rs.),No,No,0.0,1
18282003,U Like,1,New Delhi,Bakery,150,Indian Rupees(Rs.),No,No,0.0,3
18421492,Zayka chicken restaurant,1,New Delhi,"North Indian, Biryani",300,Indian Rupees(Rs.),No,No,0.0,0
6190,Cafe Coffee Day,1,New Delhi,Cafe,450,Indian Rupees(Rs.),No,No,2.4,49
2017,Food Fantasy,1,New Delhi,"North Indian, Chinese, Fast Food",500,Indian Rupees(Rs.),No,Yes,2.4,76
308812,Just Chinese,1,New Delhi,Chinese,300,Indian Rupees(Rs.),No,Yes,2.4,36
308848,Agarwal Bikaneri Sweets,1,New Delhi,"Mithai, Street Food",100,Indian Rupees(Rs.),No,No,3.1,12
301056,Bikaner Sweets,1,New Delhi,Mithai,100,Indian Rupees(Rs.),No,No,2.8,14
301692,Breadz,1,New Delhi,"Bakery, Fast Food",300,Indian Rupees(Rs.),No,Yes,3.3,48
18265707,Desi Jugaad,1,New Delhi,"North Indian, Chinese",350,Indian Rupees(Rs.),No,No,3.2,12
18368006,Food Trax,1,New Delhi,Chinese,300,Indian Rupees(Rs.),No,No,2.9,4
18225277,Hub Tub,1,New Delhi,"Chinese, Fast Food",300,Indian Rupees(Rs.),No,No,3.0,7
2936,Malabar Foods,1,New Delhi,"North Indian, Fast Food",500,Indian Rupees(Rs.),No,Yes,2.7,49
18291201,Mitra Di Chaap,1,New Delhi,"Street Food, Fast Food",300,Indian Rupees(Rs.),No,No,3.0,5
3854,New Hyderabadi Biryani House,1,New Delhi,"North Indian, Biryani",500,Indian Rupees(Rs.),No,Yes,2.5,25
308831,New Madras Cafe,1,New Delhi,South Indian,250,Indian Rupees(Rs.),No,No,2.8,11
301062,Roll Club,1,New Delhi,Fast Food,250,Indian Rupees(Rs.),No,No,3.2,44
5186,Sanju Cool & Hot Hut,1,New Delhi,"North Indian, Street Food",250,Indian Rupees(Rs.),No,No,2.8,8
3851,Sethi's Kabab & Curries,1,New Delhi,North Indian,500,Indian Rupees(Rs.),No,No,3.1,22
305357,South Indian Fast Food,1,New Delhi,South Indian,300,Indian Rupees(Rs.),No,No,3.3,23
2019,Sweets and Spices,1,New Delhi,"North Indian, Chinese, South Indian, Fast Food",400,Indian Rupees(Rs.),No,No,2.8,69
305370,Urban Degchi Kitchen & Bar,1,New Delhi,"North Indian, Chinese",1000,Indian Rupees(Rs.),Yes,Yes,2.6,94
301053,Wah Ji Wah,1,New Delhi,"North Indian, Fast Food",400,Indian Rupees(Rs.),No,Yes,3.1,81
308844,Zaiqa Kathi Roll & Momos,1,New Delhi,Street Food,150,Indian Rupees(Rs.),No,No,3.3,16
308839,Duggal Snacks,1,New Delhi,Street Food,50,Indian Rupees(Rs.),No,No,3.6,32
18440191,Granny's Flavour,1,New Delhi,Street Food,150,Indian Rupees(Rs.),No,No,3.5,16
18203185,Moustache Coffee,1,New Delhi,Cafe,400,Indian Rupees(Rs.),No,Yes,3.7,79
301047,Pradeep Pav Bhaji,1,New Delhi,Street Food,200,Indian Rupees(Rs.),No,No,3.8,94
312492,Sandwich Factory,1,New Delhi,Cafe,500,Indian Rupees(Rs.),No,Yes,3.9,254
4672,Scorpio Cafe,1,New Delhi,"Chinese, Fast Food",400,Indian Rupees(Rs.),No,Yes,3.7,410
311336,Veggie-Licious,1,New Delhi,"North Indian, Chinese, Continental, Fast Food",450,Indian Rupees(Rs.),No,Yes,3.6,100
18379056,Creamy Creation,1,New Delhi,Bakery,300,Indian Rupees(Rs.),No,No,0.0,0
18440185,Evergreen Food Corner,1,New Delhi,"Fast Food, Raw Meats",350,Indian Rupees(Rs.),No,No,0.0,3
18440429,K.D Corner,1,New Delhi,North Indian,300,Indian Rupees(Rs.),No,No,0.0,0
2942,Slice Of Italy,1,New Delhi,"Italian, Pizza, Bakery",700,Indian Rupees(Rs.),No,Yes,2.2,119
301103,Anokha Chinese Hut,1,New Delhi,"North Indian, Chinese",700,Indian Rupees(Rs.),No,No,2.6,27
18292451,Bobby Dhaba & Caterers,1,New Delhi,"North Indian, Mughlai",450,Indian Rupees(Rs.),No,No,3.1,5
9740,Clever Fox Cafe,1,New Delhi,"North Indian, Continental, Chinese",900,Indian Rupees(Rs.),Yes,No,3.0,25
301106,Dana Pani,1,New Delhi,"North Indian, Chinese",300,Indian Rupees(Rs.),No,No,2.8,4
6225,Hotel Malabar,1,New Delhi,Kerala,300,Indian Rupees(Rs.),No,No,3.0,24
301120,Lumbini Fast Point,1,New Delhi,"Chinese, Fast Food",400,Indian Rupees(Rs.),No,No,3.0,30
307850,Mayur Restaurant,1,New Delhi,"North Indian, South Indian, Chinese",400,Indian Rupees(Rs.),No,No,2.8,19
18292449,MOC - The American Restaurant,1,New Delhi,"American, Fast Food",400,Indian Rupees(Rs.),No,No,2.6,35
301116,Muradabadi Chicken Biryani,1,New Delhi,North Indian,450,Indian Rupees(Rs.),No,No,3.3,28
8462,New Aggarwal Sweet Corner,1,New Delhi,Mithai,100,Indian Rupees(Rs.),No,No,2.7,11
309599,Pizza Castle,1,New Delhi,"Pizza, Fast Food",500,Indian Rupees(Rs.),No,Yes,2.7,29
309499,Punjabi Dhaba,1,New Delhi,North Indian,200,Indian Rupees(Rs.),No,No,3.0,6
300958,Qureshi Chicken Corner,1,New Delhi,North Indian,200,Indian Rupees(Rs.),No,No,3.0,6
301105,Samarpan Fast Food,1,New Delhi,Chinese,300,Indian Rupees(Rs.),No,No,2.9,9
311228,Shaan-E-Tandoorz,1,New Delhi,North Indian,400,Indian Rupees(Rs.),No,No,2.9,5
6226,Sonu Sudh Bhojnalaya,1,New Delhi,North Indian,250,Indian Rupees(Rs.),No,No,2.8,10
311229,The Test,1,New Delhi,North Indian,500,Indian Rupees(Rs.),No,No,2.9,4
306555,True Blue,1,New Delhi,"Chinese, North Indian",900,Indian Rupees(Rs.),Yes,No,3.3,26
301110,Zaika Kathi Rolls,1,New Delhi,Fast Food,150,Indian Rupees(Rs.),No,No,3.0,13
304986,Baked Buns,1,New Delhi,Fast Food,500,Indian Rupees(Rs.),No,Yes,3.5,90
311256,A One Muradabadi,1,New Delhi,North Indian,300,Indian Rupees(Rs.),No,No,0.0,3
307847,Annapurna,1,New Delhi,North Indian,100,Indian Rupees(Rs.),No,No,0.0,1
18376492,Cake Walkers,1,New Delhi,Bakery,200,Indian Rupees(Rs.),No,No,0.0,2
6216,Harish And Sonu Sudh Bhojnalya,1,New Delhi,North Indian,300,Indian Rupees(Rs.),No,No,0.0,1
313360,Mitra Da Dhaba,1,New Delhi,"North Indian, Chinese",200,Indian Rupees(Rs.),No,No,0.0,2
18490756,Munchies Midnight Delivery,1,New Delhi,"Continental, Italian, Fast Food",300,Indian Rupees(Rs.),No,No,0.0,1
18375376,Muradabadi Chicken Corner,1,New Delhi,Mughlai,500,Indian Rupees(Rs.),No,No,0.0,3
18089212,Riyaz Chicken Corner,1,New Delhi,Biryani,300,Indian Rupees(Rs.),No,No,0.0,1
18375395,Romano's Pizza,1,New Delhi,Pizza,300,Indian Rupees(Rs.),No,No,0.0,0
18237719,Royal Spice,1,New Delhi,"Continental, North Indian, South Indian",500,Indian Rupees(Rs.),No,No,0.0,1
18082236,Sonu Bhojanalya,1,New Delhi,North Indian,250,Indian Rupees(Rs.),No,No,0.0,2
18375383,The Deshi Bites,1,New Delhi,North Indian,500,Indian Rupees(Rs.),No,No,0.0,0
309979,Green Chick Chop,1,New Delhi,"Raw Meats, North Indian, Fast Food",350,Indian Rupees(Rs.),No,No,3.0,7
18025093,Mahara Hotel,1,New Delhi,"North Indian, South Indian",400,Indian Rupees(Rs.),No,No,2.9,4
307990,Malik Vegetarian Rasoi,1,New Delhi,North Indian,250,Indian Rupees(Rs.),No,No,2.9,9
309517,Yash Aadi Food Corner,1,New Delhi,"North Indian, Chinese",400,Indian Rupees(Rs.),No,No,2.9,6
18489842,#hashtag,1,New Delhi,Cafe,500,Indian Rupees(Rs.),No,No,0.0,0
18350159,Al Zaika,1,New Delhi,Mughlai,300,Indian Rupees(Rs.),No,No,0.0,1
18375201,Ashiyan Foods,1,New Delhi,"North Indian, Chinese, Continental",700,Indian Rupees(Rs.),No,No,0.0,0
18025127,Bake My Day,1,New Delhi,"Bakery, Desserts, Fast Food",250,Indian Rupees(Rs.),No,No,0.0,2
18478990,Bhutani Chaap,1,New Delhi,"North Indian, Fast Food",250,Indian Rupees(Rs.),No,No,0.0,0
18433297,China Pan,1,New Delhi,"Chinese, Fast Food",200,Indian Rupees(Rs.),No,No,0.0,0
18472695,Chinese Fast Food,1,New Delhi,"Chinese, Fast Food",200,Indian Rupees(Rs.),No,No,0.0,0
18415339,Dilkhush Punjabi Dhaba,1,New Delhi,North Indian,500,Indian Rupees(Rs.),No,No,0.0,3
311683,Dragun Hut,1,New Delhi,Chinese,400,Indian Rupees(Rs.),No,No,0.0,1
313073,Giani's,1,New Delhi,"Ice Cream, Desserts",400,Indian Rupees(Rs.),No,No,0.0,3
18415338,Kathi House,1,New Delhi,Fast Food,200,Indian Rupees(Rs.),No,No,0.0,0
18168122,Kerala Kitchen & Restaurant,1,New Delhi,South Indian,250,Indian Rupees(Rs.),No,No,0.0,0
18478992,Retro Kichen,1,New Delhi,"Chinese, North Indian",300,Indian Rupees(Rs.),No,No,0.0,0
18168124,The China Town,1,New Delhi,Chinese,250,Indian Rupees(Rs.),No,No,0.0,1
18414506,The Urban Dhaba,1,New Delhi,North Indian,600,Indian Rupees(Rs.),No,No,0.0,1
18409207,Twenty Four Seven,1,New Delhi,"Fast Food, North Indian",300,Indian Rupees(Rs.),No,No,0.0,0
6341,McDonald's,1,New Delhi,"Fast Food, Burger",500,Indian Rupees(Rs.),No,No,3.4,91
1951,Moti Mahal Delux Tandoori Trail,1,New Delhi,"North Indian, Mughlai, Chinese",1000,Indian Rupees(Rs.),Yes,Yes,3.2,151
250,Pizza Hut,1,New Delhi,"Italian, Pizza, Fast Food",1000,Indian Rupees(Rs.),No,No,2.8,83
312753,Dill's Chawla Chik-Inn,1,New Delhi,"North Indian, Mughlai",700,Indian Rupees(Rs.),No,No,2.9,4
312983,Tandoori Zaaika,1,New Delhi,North Indian,500,Indian Rupees(Rs.),No,No,3.0,4
18492029,Aap Ki Khatir,1,New Delhi,"Mughlai, North Indian",400,Indian Rupees(Rs.),No,No,0.0,0
18489541,Aggarwal Sweets,1,New Delhi,"Mithai, South Indian, Street Food",250,Indian Rupees(Rs.),No,No,0.0,0
18486862,Baskin Robbins,1,New Delhi,Ice Cream,300,Indian Rupees(Rs.),No,No,0.0,1
18492025,Bikaner Sweets,1,New Delhi,"Mithai, North Indian, South Indian, Chinese, Street Food, Bakery",400,Indian Rupees(Rs.),No,No,0.0,0
18352672,Bollywood Khana,1,New Delhi,"North Indian, Fast Food",150,Indian Rupees(Rs.),No,No,0.0,0
18489825,Cake And Bakes,1,New Delhi,Bakery,200,Indian Rupees(Rs.),No,No,0.0,0
18340302,Cake Point,1,New Delhi,"Bakery, Desserts",600,Indian Rupees(Rs.),No,Yes,0.0,0
18489819,Chinese Corner,1,New Delhi,Chinese,150,Indian Rupees(Rs.),No,No,0.0,0
18175297,Choudhary Dhaba,1,New Delhi,North Indian,350,Indian Rupees(Rs.),No,No,0.0,2
18034037,Green Chick Chop,1,New Delhi,"Raw Meats, North Indian, Fast Food",350,Indian Rupees(Rs.),No,No,0.0,0
18175282,Green Chick Chop,1,New Delhi,"Raw Meats, North Indian, Fast Food",350,Indian Rupees(Rs.),No,No,0.0,3
18489532,Gujjar Dhaba,1,New Delhi,"Mughlai, North Indian",200,Indian Rupees(Rs.),No,No,0.0,0
18277178,Hotel Aditi,1,New Delhi,North Indian,200,Indian Rupees(Rs.),No,No,0.0,1
18408079,JMD Food Palace,1,New Delhi,North Indian,500,Indian Rupees(Rs.),No,No,0.0,2
18232989,Kitchen Namaste,1,New Delhi,"North Indian, Chinese",200,Indian Rupees(Rs.),No,No,0.0,0
18492033,Lajawab Chicken & Fish Fry,1,New Delhi,Mughlai,350,Indian Rupees(Rs.),No,No,0.0,0
18489832,Lotus Kitchen,1,New Delhi,North Indian,100,Indian Rupees(Rs.),No,No,0.0,0
18467388,Manami Japanese Restaurant,1,New Delhi,Japanese,1000,Indian Rupees(Rs.),Yes,No,0.0,0
18175299,Manna Sweets & Restaurant,1,New Delhi,"Mithai, Bakery, North Indian",200,Indian Rupees(Rs.),No,No,0.0,1
18337908,Moets Curry Pot,1,New Delhi,"North Indian, Chinese, Italian",1200,Indian Rupees(Rs.),No,No,0.0,1
18463608,Mr. Sub,1,New Delhi,Fast Food,400,Indian Rupees(Rs.),No,No,0.0,2
18489836,New Gaurav Dhaba,1,New Delhi,North Indian,250,Indian Rupees(Rs.),No,No,0.0,0
18277163,Pandit Ji Ki Apni Rasoi,1,New Delhi,North Indian,250,Indian Rupees(Rs.),No,Yes,0.0,2
18489545,Rajdhani Restaurant,1,New Delhi,North Indian,200,Indian Rupees(Rs.),No,No,0.0,0
18277176,Saraswati Food Corner,1,New Delhi,"Chinese, North Indian, South Indian",250,Indian Rupees(Rs.),No,No,0.0,1
18175278,Shri Balaji Bhojnalaya,1,New Delhi,North Indian,250,Indian Rupees(Rs.),No,No,0.0,1
18489808,Swadist Bhojnalaya,1,New Delhi,"Chinese, North Indian",200,Indian Rupees(Rs.),No,No,0.0,2
18446867,Swiss Gourmessa,1,New Delhi,Bakery,500,Indian Rupees(Rs.),No,No,0.0,0
18486879,Truly Yours,1,New Delhi,"North Indian, Street Food, Fast Food",200,Indian Rupees(Rs.),No,No,0.0,0
18489852,Uttrakhand Hotel,1,New Delhi,North Indian,200,Indian Rupees(Rs.),No,No,0.0,0
18489804,Vandana Food Corner,1,New Delhi,"Fast Food, North Indian, South Indian",150,Indian Rupees(Rs.),No,No,0.0,0
18489802,Zaika Biryani,1,New Delhi,"Mughlai, North Indian",350,Indian Rupees(Rs.),No,No,0.0,0
3207,Buzz,1,New Delhi,"North Indian, Chinese, Italian, Finger Food",2000,Indian Rupees(Rs.),No,Yes,3.4,220
4752,Lighthouse 13,1,New Delhi,"North Indian, European, Chinese",2100,Indian Rupees(Rs.),Yes,No,3.4,570
4830,Berco's,1,New Delhi,"Chinese, Thai",1100,Indian Rupees(Rs.),No,Yes,3.8,565
4341,The Great Kabab Factory,1,New Delhi,"North Indian, Mughlai",2200,Indian Rupees(Rs.),Yes,Yes,3.5,498
307237,The Tea Place by Manjushree,1,New Delhi,"Cafe, Beverages",700,Indian Rupees(Rs.),No,No,4.1,92
18260028,Victoria,1,New Delhi,"North Indian, Chinese",1200,Indian Rupees(Rs.),Yes,No,3.2,20
18317481,Aces - The Card Room,1,New Delhi,Finger Food,2000,Indian Rupees(Rs.),Yes,No,0.0,2
18317473,Curzon - The Royal Bar,1,New Delhi,Finger Food,1000,Indian Rupees(Rs.),Yes,No,0.0,0
18317479,London Eye - The Open Lounge,1,New Delhi,Finger Food,2000,Indian Rupees(Rs.),Yes,No,0.0,0
18317476,Lord's - The Sports Lounge,1,New Delhi,Finger Food,2000,Indian Rupees(Rs.),Yes,No,0.0,1
18317483,Viceroy - The Coffee Shop,1,New Delhi,Cafe,1000,Indian Rupees(Rs.),No,No,0.0,0
312576,Munch Nation,1,New Delhi,"Chinese, Fast Food",350,Indian Rupees(Rs.),No,Yes,3.8,727
5347,"34, Chowringhee Lane",1,New Delhi,Fast Food,250,Indian Rupees(Rs.),No,No,3.2,62
300945,Any Time Food,1,New Delhi,"Fast Food, Beverages",400,Indian Rupees(Rs.),No,Yes,2.6,52
300934,Bikaner Sweet House,1,New Delhi,Mithai,200,Indian Rupees(Rs.),No,No,3.2,16
3223,Domino's Pizza,1,New Delhi,"Pizza, Fast Food",700,Indian Rupees(Rs.),No,No,2.8,94
307554,Giani,1,New Delhi,"Ice Cream, Desserts",400,Indian Rupees(Rs.),No,Yes,2.9,39
967,Grand Plaza,1,New Delhi,"North Indian, Chinese, Fast Food",800,Indian Rupees(Rs.),No,Yes,3.3,255
6196,Great Wall,1,New Delhi,"North Indian, Mughlai, Chinese",1200,Indian Rupees(Rs.),No,No,2.7,47
18381220,Healthy Food Station,1,New Delhi,"Salad, Healthy Food, Burger, Italian, Continental, Chinese, North Indian, Beverages",400,Indian Rupees(Rs.),No,Yes,3.1,25
2491,Hostess Tasty Bites,1,New Delhi,Chinese,500,Indian Rupees(Rs.),No,No,3.1,16
1041,Hot Pot,1,New Delhi,Chinese,500,Indian Rupees(Rs.),No,No,3.1,105
982,Kabab Factory,1,New Delhi,"North Indian, Mughlai, Chinese",700,Indian Rupees(Rs.),No,No,3.0,12
18352186,Keventers,1,New Delhi,Beverages,400,Indian Rupees(Rs.),No,No,3.1,17
9380,Krishna Sweet House,1,New Delhi,"Mithai, South Indian",200,Indian Rupees(Rs.),No,No,3.3,32
1303,Mitraz,1,New Delhi,"North Indian, Chinese",850,Indian Rupees(Rs.),Yes,Yes,3.4,101
18168462,Nut Khut Chaats & Snacks,1,New Delhi,"Fast Food, Street Food",300,Indian Rupees(Rs.),No,No,3.2,8
311734,Subway,1,New Delhi,"American, Fast Food, Salad, Healthy Food",500,Indian Rupees(Rs.),No,Yes,3.4,68
2291,The Host,1,New Delhi,Chinese,450,Indian Rupees(Rs.),No,No,2.7,20
9427,Chacha Di Hatti,1,New Delhi,Street Food,100,Indian Rupees(Rs.),No,No,3.7,78
5874,Cocoberry,1,New Delhi,Desserts,300,Indian Rupees(Rs.),No,No,3.5,62
3375,Eating Corner,1,New Delhi,"North Indian, Fast Food, Street Food",300,Indian Rupees(Rs.),No,No,3.7,142
312353,El Posto,1,New Delhi,Bakery,300,Indian Rupees(Rs.),No,No,3.5,41
180,McDonald's,1,New Delhi,"Fast Food, Burger",500,Indian Rupees(Rs.),No,Yes,3.6,122
18057822,Pizza Station,1,New Delhi,Pizza,300,Indian Rupees(Rs.),No,No,3.5,20
6607,Puri Bakers,1,New Delhi,"Bakery, Fast Food",300,Indian Rupees(Rs.),No,No,3.7,128
18247031,JAIL - Behind The Bar,1,New Delhi,"North Indian, Chinese, Continental, Italian",1600,Indian Rupees(Rs.),Yes,Yes,4.1,155
18264447,Curry Shurry,1,New Delhi,"North Indian, Mughlai",600,Indian Rupees(Rs.),No,Yes,3.3,28
300911,Frontier,1,New Delhi,Bakery,200,Indian Rupees(Rs.),No,No,3.2,15
4090,Hari Om Bhojnalaya,1,New Delhi,North Indian,400,Indian Rupees(Rs.),No,No,3.2,21
5729,Nirmal's,1,New Delhi,Chinese,400,Indian Rupees(Rs.),No,No,2.7,9
309704,Sardar A Pure Meat Shop,1,New Delhi,"Raw Meats, Fast Food, North Indian",150,Indian Rupees(Rs.),No,No,2.8,13
964,The Dragon Hucks,1,New Delhi,Chinese,800,Indian Rupees(Rs.),Yes,No,3.3,97
307333,Green Chick Chop,1,New Delhi,"Raw Meats, North Indian, Fast Food",350,Indian Rupees(Rs.),No,No,3.5,38
5765,New Arjun Bombay Pav Bhaji,1,New Delhi,Street Food,250,Indian Rupees(Rs.),No,No,3.8,234
18037821,Sweeter Delight,1,New Delhi,Bakery,300,Indian Rupees(Rs.),No,No,0.0,3
18400738,Madaari,1,New Delhi,"North Indian, Chinese, Continental, Italian",1200,Indian Rupees(Rs.),Yes,No,4.3,113
307730,Amritsari Express,1,New Delhi,North Indian,400,Indian Rupees(Rs.),No,No,3.4,33
305251,Barista,1,New Delhi,Cafe,650,Indian Rupees(Rs.),No,No,3.1,18
312087,Baskin Robbins,1,New Delhi,Ice Cream,300,Indian Rupees(Rs.),No,No,3.1,6
18070503,Bikano's Chat Cafe,1,New Delhi,"Street Food, South Indian, Chinese",500,Indian Rupees(Rs.),No,No,2.7,31
18454460,Burger Singh,1,New Delhi,"Burger, Fast Food",500,Indian Rupees(Rs.),No,Yes,3.3,19
18419902,Cafe Grub,1,New Delhi,"Chinese, Fast Food",300,Indian Rupees(Rs.),No,No,3.2,13
307356,Chicago Pizza,1,New Delhi,Pizza,800,Indian Rupees(Rs.),No,No,2.9,48
8580,Cocoberry,1,New Delhi,Desserts,300,Indian Rupees(Rs.),No,No,3.1,25
18324914,Dosa Plaza,1,New Delhi,South Indian,400,Indian Rupees(Rs.),No,No,3.2,13
300473,Karim's,1,New Delhi,"North Indian, Mughlai",700,Indian Rupees(Rs.),No,No,3.3,79
306250,Kebab Xpress,1,New Delhi,"North Indian, Mughlai",600,Indian Rupees(Rs.),No,No,3.2,32
18356784,Keventers,1,New Delhi,Beverages,400,Indian Rupees(Rs.),No,No,3.3,11
8373,KFC,1,New Delhi,"American, Fast Food",500,Indian Rupees(Rs.),No,Yes,2.6,87
308101,Paranthas 21,1,New Delhi,"North Indian, Street Food",350,Indian Rupees(Rs.),No,No,3.3,28
8840,Subway,1,New Delhi,"American, Fast Food, Salad, Healthy Food",500,Indian Rupees(Rs.),No,Yes,2.6,69
18228870,Wow! Momo,1,New Delhi,"Tibetan, Chinese",350,Indian Rupees(Rs.),No,No,3.2,41
7066,Berco's,1,New Delhi,"Chinese, Thai",1100,Indian Rupees(Rs.),No,Yes,3.5,120
305479,Dunkin' Donuts,1,New Delhi,"Burger, Desserts, Fast Food",600,Indian Rupees(Rs.),No,No,3.5,107
8845,Giani's,1,New Delhi,"Ice Cream, Desserts",400,Indian Rupees(Rs.),No,No,3.5,33
7509,The Beer Cafe,1,New Delhi,"Finger Food, North Indian",1200,Indian Rupees(Rs.),Yes,No,3.8,371
302715,Basil Tree,1,New Delhi,"North Indian, Italian, Chinese",1000,Indian Rupees(Rs.),Yes,Yes,2.4,96
18241509,Chaayos,1,New Delhi,"Cafe, Tea",400,Indian Rupees(Rs.),No,No,4.1,60
18277003,QD's Restaurant,1,New Delhi,"Chinese, North Indian, Fast Food, Italian",800,Indian Rupees(Rs.),No,Yes,4.1,137
7547,Ada e Handi Restaurant,1,New Delhi,"Mughlai, North Indian, Chinese",700,Indian Rupees(Rs.),No,Yes,2.6,34
301236,Darjeeling Momos,1,New Delhi,"Chinese, Fast Food",250,Indian Rupees(Rs.),No,No,2.9,22
18082630,Ingredients,1,New Delhi,North Indian,750,Indian Rupees(Rs.),Yes,Yes,3.3,27
7548,Al Quresh,1,New Delhi,"North Indian, Mughlai",600,Indian Rupees(Rs.),No,No,3.6,62
310419,Angels in my Kitchen,1,New Delhi,"Bakery, Desserts, Fast Food",350,Indian Rupees(Rs.),No,Yes,3.5,57
4634,Aapki Rasoi,1,New Delhi,North Indian,300,Indian Rupees(Rs.),No,No,3.1,15
18228874,Bats On Delivery,1,New Delhi,"North Indian, Fast Food",700,Indian Rupees(Rs.),No,No,3.1,17
18433904,Bimbo Cakes,1,New Delhi,Bakery,400,Indian Rupees(Rs.),No,No,3.2,10
312145,Burger Bros,1,New Delhi,"Fast Food, Burger",300,Indian Rupees(Rs.),No,No,3.1,21
304585,Chinese Food Corner,1,New Delhi,"Chinese, North Indian",500,Indian Rupees(Rs.),No,No,2.5,20
312916,CL Snacks,1,New Delhi,Street Food,150,Indian Rupees(Rs.),No,No,3.1,7
313006,Kapoor's Sanjha Chulha,1,New Delhi,"North Indian, Mughlai",500,Indian Rupees(Rs.),No,No,3.0,5
305861,King's,1,New Delhi,Ice Cream,150,Indian Rupees(Rs.),No,No,3.2,7
9026,Kumar Hotel,1,New Delhi,"North Indian, Mughlai",700,Indian Rupees(Rs.),No,No,3.4,57
309178,Kumar Pastry Shop,1,New Delhi,"Bakery, Fast Food",300,Indian Rupees(Rs.),No,No,3.2,31
18249097,Midnight Adda,1,New Delhi,North Indian,600,Indian Rupees(Rs.),No,No,3.0,6
308880,Mughlaai Daawat,1,New Delhi,"North Indian, Mughlai, Fast Food",550,Indian Rupees(Rs.),No,No,2.9,8
18382113,Pindiwala,1,New Delhi,Mughlai,500,Indian Rupees(Rs.),No,No,3.0,4
18241861,Pipes & Hipes,1,New Delhi,"North Indian, Chinese, Fast Food",900,Indian Rupees(Rs.),Yes,No,3.0,8
310162,Sai Rasoi,1,New Delhi,"Chinese, North Indian",500,Indian Rupees(Rs.),No,No,3.1,9
303589,Snaxpress Tastes & Cakes,1,New Delhi,"Bakery, Desserts",200,Indian Rupees(Rs.),No,No,2.9,5
311459,Veggie Adda,1,New Delhi,"North Indian, Fast Food",400,Indian Rupees(Rs.),No,Yes,3.4,25
9053,C L Corner,1,New Delhi,Street Food,100,Indian Rupees(Rs.),No,Yes,3.8,85
312893,Chin 10,1,New Delhi,"North Indian, Chinese",500,Indian Rupees(Rs.),No,No,3.5,53
18273640,Kati Roll Cottage,1,New Delhi,Fast Food,200,Indian Rupees(Rs.),No,Yes,3.7,39
308130,Kings Kulfi,1,New Delhi,Ice Cream,150,Indian Rupees(Rs.),No,No,3.7,39
5663,Paramjeet Machi Wala,1,New Delhi,"Seafood, North Indian",700,Indian Rupees(Rs.),No,No,3.6,99
18247005,Rajan Corner,1,New Delhi,South Indian,400,Indian Rupees(Rs.),No,No,3.6,20
18449827,Amit Dhaba,1,New Delhi,Fast Food,200,Indian Rupees(Rs.),No,No,0.0,0
18342574,Apni Rasoi,1,New Delhi,North Indian,500,Indian Rupees(Rs.),No,No,0.0,0
18391689,Chap Corner,1,New Delhi,Street Food,250,Indian Rupees(Rs.),No,No,0.0,0
304573,Chinese Corner,1,New Delhi,"Fast Food, Chinese",350,Indian Rupees(Rs.),No,No,0.0,0
304586,Evergreen Punjabi Swad,1,New Delhi,North Indian,200,Indian Rupees(Rs.),No,No,0.0,2
18449629,Giani,1,New Delhi,"Ice Cream, Desserts",400,Indian Rupees(Rs.),No,No,0.0,0
18451179,Hot & Hot Shudhir Chinese Point,1,New Delhi,"Chinese, Fast Food",300,Indian Rupees(Rs.),No,No,0.0,0
18451158,Hungerz Hub,1,New Delhi,"Burger, Pizza, Fast Food",250,Indian Rupees(Rs.),No,No,0.0,0
18451166,Magic Mo:Mo Corner,1,New Delhi,"Chinese, Fast Food",250,Indian Rupees(Rs.),No,No,0.0,0
18238245,Malhotra's Zayeeka,1,New Delhi,"North Indian, Chinese",500,Indian Rupees(Rs.),No,No,0.0,1
308110,Moji Dhaba,1,New Delhi,North Indian,400,Indian Rupees(Rs.),No,No,0.0,0
312213,Naughty 9 Kitchen & Bar,1,New Delhi,"North Indian, Chinese",600,Indian Rupees(Rs.),No,No,0.0,3
18410370,Street Chaat Chatoron Ka Adda,1,New Delhi,Street Food,100,Indian Rupees(Rs.),No,No,0.0,0
18236975,Syall Kotian Da Dhaba,1,New Delhi,North Indian,500,Indian Rupees(Rs.),No,No,0.0,0
18471517,Taaj Kitchen,1,New Delhi,"Asian, North Indian, Mughlai",700,Indian Rupees(Rs.),Yes,No,0.0,1
304469,Tirath Sweets,1,New Delhi,Mithai,100,Indian Rupees(Rs.),No,No,0.0,0
18451144,Tummyy Tull,1,New Delhi,Fast Food,200,Indian Rupees(Rs.),No,No,0.0,0
4084,34 Parkstreet Lane,1,New Delhi,Fast Food,200,Indian Rupees(Rs.),No,No,2.9,4
310947,Bhikaram Bhujawala,1,New Delhi,Mithai,100,Indian Rupees(Rs.),No,No,3.0,5
310989,Chawla The Pastry Palace,1,New Delhi,Bakery,200,Indian Rupees(Rs.),No,No,2.9,5
18358295,Food Box,1,New Delhi,Fast Food,300,Indian Rupees(Rs.),No,No,3.0,4
18317756,Foody Box,1,New Delhi,"North Indian, Chinese",300,Indian Rupees(Rs.),No,No,3.1,8
310936,Giani,1,New Delhi,"Ice Cream, Desserts",300,Indian Rupees(Rs.),No,No,3.1,9
308796,Green Chick Chop,1,New Delhi,"Raw Meats, North Indian, Fast Food",350,Indian Rupees(Rs.),No,No,3.1,14
18460320,Heaven's Shawarma,1,New Delhi,Lebanese,200,Indian Rupees(Rs.),No,No,3.0,6
18241893,Hyderabad Spl. Chicken Biryani Point,1,New Delhi,Mughlai,350,Indian Rupees(Rs.),No,No,3.0,4
18363053,Keshar,1,New Delhi,"North Indian, South Indian, Chinese",400,Indian Rupees(Rs.),No,No,3.0,4
310997,Madras Cafe,1,New Delhi,"South Indian, Chinese",450,Indian Rupees(Rs.),No,No,2.7,11
6629,Milan Chole Bhature,1,New Delhi,Street Food,100,Indian Rupees(Rs.),No,No,3.1,12
302685,New Laxmi Sweets,1,New Delhi,"South Indian, Chinese, Fast Food, Mithai",200,Indian Rupees(Rs.),No,No,2.8,11
18241860,Pasta Hub,1,New Delhi,Fast Food,250,Indian Rupees(Rs.),No,No,3.1,7
2920,Patna Roll Center,1,New Delhi,Fast Food,200,Indian Rupees(Rs.),No,No,3.1,10
18238281,Refuel,1,New Delhi,Beverages,150,Indian Rupees(Rs.),No,No,3.1,6
18204485,Saara Veg,1,New Delhi,"North Indian, Chinese",400,Indian Rupees(Rs.),No,No,3.0,4
18126086,SGF - Spice Grill Flame,1,New Delhi,"North Indian, Chinese",500,Indian Rupees(Rs.),No,No,3.1,8
9031,Shivam Corner,1,New Delhi,North Indian,100,Indian Rupees(Rs.),No,No,3.0,14
18254532,Swad Mubarak,1,New Delhi,North Indian,200,Indian Rupees(Rs.),No,No,3.0,11
18380219,The Little Fork,1,New Delhi,"Chinese, North Indian",700,Indian Rupees(Rs.),No,Yes,3.1,5
18258473,The Metro Fast Food,1,New Delhi,Chinese,250,Indian Rupees(Rs.),No,Yes,2.6,6
303602,Tibet Kujing,1,New Delhi,"Chinese, Tibetan",400,Indian Rupees(Rs.),No,No,2.9,11
18396163,Yummy Adda,1,New Delhi,"North Indian, Mughlai",400,Indian Rupees(Rs.),No,No,3.5,14
18485962,Bawarchi's Canteen,1,New Delhi,North Indian,100,Indian Rupees(Rs.),No,No,0.0,0
18421485,Bikaner Restaurant,1,New Delhi,North Indian,100,Indian Rupees(Rs.),No,No,0.0,0
18363044,Bikaner Sweets Chaat cafe,1,New Delhi,"Mithai, Street Food",100,Indian Rupees(Rs.),No,No,0.0,0
18424171,Brijwasi,1,New Delhi,"North Indian, Chinese, South Indian",300,Indian Rupees(Rs.),No,No,0.0,0
18363051,Chaap Chaska,1,New Delhi,"North Indian, Mughlai",400,Indian Rupees(Rs.),No,No,0.0,1
18449788,Delhi Chaap Express,1,New Delhi,North Indian,200,Indian Rupees(Rs.),No,No,0.0,3
18466410,Delhi Chaat Bhandar,1,New Delhi,Street Food,50,Indian Rupees(Rs.),No,No,0.0,0
18107851,Delhite P?tisserie,1,New Delhi,Bakery,300,Indian Rupees(Rs.),No,No,0.0,1
18466408,Desi Dhaba,1,New Delhi,North Indian,400,Indian Rupees(Rs.),No,No,0.0,0
18466400,Desi Thaat Amritsari Naan,1,New Delhi,North Indian,300,Indian Rupees(Rs.),No,No,0.0,0
18361765,Dhaba Express,1,New Delhi,North Indian,200,Indian Rupees(Rs.),No,No,0.0,0
18424169,Flavours Kitchen,1,New Delhi,"North Indian, Mughlai, Chinese",700,Indian Rupees(Rs.),No,No,0.0,1
18449653,Food Campus,1,New Delhi,North Indian,100,Indian Rupees(Rs.),No,No,0.0,0
18449786,Fresh Fast Food,1,New Delhi,North Indian,100,Indian Rupees(Rs.),No,No,0.0,0
18466675,Gungun Tiffin Services,1,New Delhi,North Indian,200,Indian Rupees(Rs.),No,No,0.0,0
18449647,Happy Italiano,1,New Delhi,Fast Food,300,Indian Rupees(Rs.),No,No,0.0,0
18361779,Haryana Bhojnalaya,1,New Delhi,North Indian,100,Indian Rupees(Rs.),No,No,0.0,0
18363048,Hasty Tasty,1,New Delhi,Chinese,200,Indian Rupees(Rs.),No,No,0.0,1
310954,Inam Muradabadi,1,New Delhi,Mughlai,250,Indian Rupees(Rs.),No,No,0.0,1
312413,Just In,1,New Delhi,North Indian,200,Indian Rupees(Rs.),No,No,0.0,0
18361767,Jyoti Dhaba,1,New Delhi,North Indian,150,Indian Rupees(Rs.),No,No,0.0,0
18421473,Lasha Chinese Food,1,New Delhi,Chinese,300,Indian Rupees(Rs.),No,No,0.0,1
310995,Lasha Chinese Food,1,New Delhi,Chinese,250,Indian Rupees(Rs.),No,No,0.0,2
18421475,Lily Tasty Fast Food,1,New Delhi,"North Eastern, North Indian, Chinese",150,Indian Rupees(Rs.),No,No,0.0,1
18418268,Maa Vaishno Dinesh Dhaba,1,New Delhi,North Indian,100,Indian Rupees(Rs.),No,No,0.0,1
18421459,Madras Cafe,1,New Delhi,"South Indian, Chinese",200,Indian Rupees(Rs.),No,No,0.0,0
18361771,NIK's Chicken Corner,1,New Delhi,North Indian,300,Indian Rupees(Rs.),No,No,0.0,0
18241864,Om Shanti Foods,1,New Delhi,North Indian,100,Indian Rupees(Rs.),No,No,0.0,0
18449657,Panj Tara,1,New Delhi,North Indian,500,Indian Rupees(Rs.),No,No,0.0,0
18396177,Pasta Pizza & Roll Hut,1,New Delhi,"Italian, Fast Food",350,Indian Rupees(Rs.),No,No,0.0,0
18449639,Pheva Tandooris,1,New Delhi,"North Indian, Chinese",300,Indian Rupees(Rs.),No,No,0.0,0
18357954,Punjabi Delight,1,New Delhi,North Indian,300,Indian Rupees(Rs.),No,No,0.0,0
310965,Punjabi Parantha Station and Punjabi Thali,1,New Delhi,North Indian,150,Indian Rupees(Rs.),No,No,0.0,2
18418278,Punjabi Paratha Station,1,New Delhi,North Indian,100,Indian Rupees(Rs.),No,No,0.0,1
18449664,Raja Rasoi,1,New Delhi,North Indian,200,Indian Rupees(Rs.),No,No,0.0,0
18480435,Rollacious,1,New Delhi,Fast Food,100,Indian Rupees(Rs.),No,No,0.0,3
311009,Singh Chicken,1,New Delhi,North Indian,500,Indian Rupees(Rs.),No,No,0.0,3
310988,Special Tea Point,1,New Delhi,"Street Food, North Indian",50,Indian Rupees(Rs.),No,No,0.0,0
18421461,Spl. Flavour Sodas & Fruit shakes,1,New Delhi,Juices,100,Indian Rupees(Rs.),No,No,0.0,0
310952,Student Corner,1,New Delhi,Fast Food,50,Indian Rupees(Rs.),No,No,0.0,0
18449667,Taneja Corner,1,New Delhi,North Indian,200,Indian Rupees(Rs.),No,No,0.0,0
18449661,Taste Zone,1,New Delhi,North Indian,100,Indian Rupees(Rs.),No,No,0.0,0
18449643,Tea Point,1,New Delhi,"Beverages, Fast Food",150,Indian Rupees(Rs.),No,No,0.0,0
300791,West Bangal Kolkata Hot Kathi Rolls,1,New Delhi,Fast Food,200,Indian Rupees(Rs.),No,No,0.0,1
300264,Asli Alam Muradabadi Biryani Centre,1,New Delhi,Biryani,250,Indian Rupees(Rs.),No,No,2.8,22
18425751,Cafe Rasoi,1,New Delhi,North Indian,350,Indian Rupees(Rs.),No,No,3.2,11
7388,Chinese Food,1,New Delhi,"Fast Food, Street Food, Chinese",250,Indian Rupees(Rs.),No,No,2.9,8
311485,Green Chick Chop,1,New Delhi,"Raw Meats, North Indian, Fast Food",350,Indian Rupees(Rs.),No,No,2.9,10
2870,Hasty Tasty,1,New Delhi,"Chinese, Fast Food",400,Indian Rupees(Rs.),No,No,3.3,86
18397908,Hunter's Kitchen,1,New Delhi,"North Eastern, North Indian",1000,Indian Rupees(Rs.),Yes,No,3.0,6
312765,Manahang Restaurant,1,New Delhi,"Chinese, North Indian",500,Indian Rupees(Rs.),No,No,3.2,12
5879,Mezbaan Restaurant,1,New Delhi,"North Indian, Mughlai, Chinese",600,Indian Rupees(Rs.),No,Yes,3.4,135
304621,Moon Light Sweets,1,New Delhi,"Mithai, Street Food",200,Indian Rupees(Rs.),No,No,3.3,16
18472788,North East Castle,1,New Delhi,Cafe,500,Indian Rupees(Rs.),No,No,2.9,4
309510,Pizza Point,1,New Delhi,"Fast Food, Pizza",350,Indian Rupees(Rs.),No,No,2.9,10
300259,Roll Point,1,New Delhi,Fast Food,200,Indian Rupees(Rs.),No,No,2.8,7
310430,Sanjha Tandoor,1,New Delhi,"North Indian, Mughlai",700,Indian Rupees(Rs.),No,No,2.8,17
300273,Sayyam,1,New Delhi,Chinese,250,Indian Rupees(Rs.),No,No,2.7,16
7393,Shiv Bhojnalaya,1,New Delhi,"South Indian, North Indian, Fast Food",250,Indian Rupees(Rs.),No,No,2.8,12
311451,Subway,1,New Delhi,"American, Fast Food, Salad, Healthy Food",500,Indian Rupees(Rs.),No,Yes,3.4,78
7240,Take Away,1,New Delhi,Chinese,400,Indian Rupees(Rs.),No,No,2.9,20
300268,Vedanta's,1,New Delhi,"North Indian, Chinese",650,Indian Rupees(Rs.),No,No,2.7,66
310328,Asian Chopstick,1,New Delhi,"Chinese, Thai",400,Indian Rupees(Rs.),No,No,3.5,27
309471,Chinese Delights,1,New Delhi,"Chinese, North Indian",400,Indian Rupees(Rs.),No,Yes,3.5,21
18383522,Dezertfox,1,New Delhi,"Bakery, Desserts",550,Indian Rupees(Rs.),No,Yes,3.7,21
18424615,Aggarwal Sweets,1,New Delhi,"Mithai, Street Food",100,Indian Rupees(Rs.),No,No,0.0,1
18425758,Aggarwal Sweets,1,New Delhi,"Mithai, Street Food",150,Indian Rupees(Rs.),No,No,0.0,2
18425178,Al Meraj Chicken Shop,1,New Delhi,"Awadhi, Mughlai",100,Indian Rupees(Rs.),No,No,0.0,0
18354994,Chinese Food Corner,1,New Delhi,"Chinese, North Indian",400,Indian Rupees(Rs.),No,No,0.0,0
18146362,Creative Food House,1,New Delhi,"Continental, Chinese, North Indian",400,Indian Rupees(Rs.),No,No,0.0,3
18425175,D.A.A.,1,New Delhi,Chinese,300,Indian Rupees(Rs.),No,No,0.0,0
18225831,Dee Cake Shop,1,New Delhi,Bakery,300,Indian Rupees(Rs.),No,No,0.0,3
18354988,Jaca Restaurant,1,New Delhi,"North Indian, Chinese",300,Indian Rupees(Rs.),No,No,0.0,0
18425772,King Of Roll,1,New Delhi,Fast Food,100,Indian Rupees(Rs.),No,No,0.0,0
18354998,Kirti Food Plaza,1,New Delhi,North Indian,100,Indian Rupees(Rs.),No,No,0.0,0
18354992,KT's Shik-Shack,1,New Delhi,Street Food,200,Indian Rupees(Rs.),No,No,0.0,1
309509,Namaste Restaurant,1,New Delhi,Chinese,300,Indian Rupees(Rs.),No,No,0.0,1
18423905,Nishaj Chicken Corner,1,New Delhi,North Indian,200,Indian Rupees(Rs.),No,No,0.0,0
18357566,Royal Bakery,1,New Delhi,"Bakery, Desserts",200,Indian Rupees(Rs.),No,No,0.0,2
18425768,S.R. Bakers,1,New Delhi,Bakery,100,Indian Rupees(Rs.),No,No,0.0,0
18025119,Shahi Muradabadi,1,New Delhi,Mughlai,300,Indian Rupees(Rs.),No,No,0.0,0
18472683,Shree Vinayaga Restaurant,1,New Delhi,South Indian,400,Indian Rupees(Rs.),No,No,0.0,0
18425739,The Cake Basket,1,New Delhi,Bakery,100,Indian Rupees(Rs.),No,No,0.0,1
18468524,The Pure Kitchen,1,New Delhi,"Chinese, Continental, North Indian",250,Indian Rupees(Rs.),No,No,0.0,0
18354996,The Yolmo Kitchen,1,New Delhi,Chinese,500,Indian Rupees(Rs.),No,No,0.0,0
18229077,Zawlbuk,1,New Delhi,Tibetan,300,Indian Rupees(Rs.),No,No,0.0,2
300275,Anupam Restaurant,1,New Delhi,"North Indian, Chinese",500,Indian Rupees(Rs.),No,Yes,2.3,32
9251,Bobby Di Punjabi Rasoi,1,New Delhi,North Indian,150,Indian Rupees(Rs.),No,No,2.9,4
18471235,Aditya Da Vaishno Dhaba,1,New Delhi,North Indian,250,Indian Rupees(Rs.),No,No,0.0,0
306695,Aggarwal Bikaner Sweets,1,New Delhi,Mithai,100,Indian Rupees(Rs.),No,No,0.0,1
9281,Aggarwal Sweet Centre,1,New Delhi,Mithai,200,Indian Rupees(Rs.),No,No,0.0,1
18432222,Anjel China & Tibetian Food,1,New Delhi,"Tibetan, Chinese",400,Indian Rupees(Rs.),No,No,0.0,0
18471254,Annpurna Rasoi,1,New Delhi,"North Indian, Fast Food",200,Indian Rupees(Rs.),No,No,0.0,0
18371414,Apni Rasoi,1,New Delhi,"Mughlai, North Indian",300,Indian Rupees(Rs.),No,No,0.0,0
306678,Bajrang Misthan Bhawan,1,New Delhi,Mithai,100,Indian Rupees(Rs.),No,No,0.0,0
18371416,Bake Town,1,New Delhi,"Bakery, Chinese",200,Indian Rupees(Rs.),No,No,0.0,0
18361199,Bikaner Sweets & Restaurant,1,New Delhi,"Mithai, South Indian, Street Food",200,Indian Rupees(Rs.),No,No,0.0,0
312620,Brown Town Bakers,1,New Delhi,"Desserts, Fast Food",150,Indian Rupees(Rs.),No,No,0.0,1
18432206,Captain Food Factory,1,New Delhi,Chinese,500,Indian Rupees(Rs.),No,No,0.0,1
311394,Cheffron Bakery,1,New Delhi,Bakery,250,Indian Rupees(Rs.),No,No,0.0,2
18471270,Chicken Darwar,1,New Delhi,"Fast Food, Mughlai",350,Indian Rupees(Rs.),No,No,0.0,0
313349,Chili's Treat,1,New Delhi,"North Indian, Chinese",400,Indian Rupees(Rs.),No,No,0.0,3
18359302,Chilli Tadka,1,New Delhi,"Chinese, Fast Food",250,Indian Rupees(Rs.),No,No,0.0,0
18352287,Chinese Food Point,1,New Delhi,Chinese,300,Indian Rupees(Rs.),No,No,0.0,0
9262,Chinese Temptation,1,New Delhi,"Chinese, Fast Food",300,Indian Rupees(Rs.),No,No,0.0,2
18469981,Dana Pani,1,New Delhi,North Indian,250,Indian Rupees(Rs.),No,No,0.0,0
18349922,Dev Sweets & Restaurant,1,New Delhi,"North Indian, Chinese, South Indian",400,Indian Rupees(Rs.),No,No,0.0,1
18432214,Dilli Darbar Chicken Point,1,New Delhi,Mughlai,400,Indian Rupees(Rs.),No,No,0.0,0
310357,Food Point and Sweets Corner,1,New Delhi,"South Indian, Fast Food, North Indian, Chinese",250,Indian Rupees(Rs.),No,No,0.0,2
18429155,Green Chick Chop,1,New Delhi,"Raw Meats, North Indian, Fast Food",350,Indian Rupees(Rs.),No,No,0.0,0
18471319,Grover Burfee & Cakes,1,New Delhi,"Bakery, Chinese",250,Indian Rupees(Rs.),No,No,0.0,0
18471263,Hans's Planet-F,1,New Delhi,"Chinese, Fast Food, North Indian",350,Indian Rupees(Rs.),No,No,0.0,0
18432200,Hotel Delhi 43,1,New Delhi,North Indian,700,Indian Rupees(Rs.),Yes,No,0.0,0
18430911,Kanhaiya Fast Food,1,New Delhi,"Chinese, Fast Food",300,Indian Rupees(Rs.),No,No,0.0,0
18354672,Karol Bagh Ke Chhole Bhature,1,New Delhi,North Indian,150,Indian Rupees(Rs.),No,No,0.0,0
18352275,King's Food,1,New Delhi,Chinese,250,Indian Rupees(Rs.),No,No,0.0,0
303500,Lamba Sweets Corner,1,New Delhi,"Mithai, Street Food",100,Indian Rupees(Rs.),No,No,0.0,2
18431998,Laxmi Food Corner,1,New Delhi,"Fast Food, North Indian",200,Indian Rupees(Rs.),No,No,0.0,0
18430900,Lounge Bakery,1,New Delhi,Bakery,400,Indian Rupees(Rs.),No,No,0.0,0
18313125,Mehtaab Sweet Corner & Restaurant,1,New Delhi,"North Indian, Chinese, Street Food",200,Indian Rupees(Rs.),No,No,0.0,0
18430579,Melting Food Point,1,New Delhi,Chinese,300,Indian Rupees(Rs.),No,No,0.0,0
8957,Mithla Dhabha,1,New Delhi,North Indian,200,Indian Rupees(Rs.),No,No,0.0,1
9635,Mittal Caterer,1,New Delhi,"Street Food, South Indian, Mithai",200,Indian Rupees(Rs.),No,No,0.0,2
18352288,Mittal Restaurant & Fast Food,1,New Delhi,"Fast Food, South Indian, Mithai",400,Indian Rupees(Rs.),No,No,0.0,0
18349914,NBC Nirankari Bakers,1,New Delhi,"Pizza, Fast Food, Bakery",200,Indian Rupees(Rs.),No,No,0.0,1
18430569,Pind Balluchi,1,New Delhi,"North Indian, Mughlai",800,Indian Rupees(Rs.),Yes,No,0.0,0
18361211,Prem Chinese Fast Food,1,New Delhi,Chinese,150,Indian Rupees(Rs.),No,No,0.0,0
18471287,Punjabi Rasoi,1,New Delhi,Fast Food,200,Indian Rupees(Rs.),No,No,0.0,0
304393,Punjabi Special,1,New Delhi,North Indian,250,Indian Rupees(Rs.),No,No,0.0,2
18361217,Radhe Shyam Dhaba,1,New Delhi,North Indian,250,Indian Rupees(Rs.),No,No,0.0,0
5483,Raj Rasoi,1,New Delhi,North Indian,150,Indian Rupees(Rs.),No,No,0.0,2
9271,Raju De Special Paneer Wale,1,New Delhi,North Indian,50,Indian Rupees(Rs.),No,No,0.0,0
304610,Sangeeta Dhaba,1,New Delhi,North Indian,300,Indian Rupees(Rs.),No,No,0.0,0
303537,Sat Narayan Fast Food,1,New Delhi,"Mithai, Chinese",150,Indian Rupees(Rs.),No,No,0.0,1
18430576,Shahi Chicken Point,1,New Delhi,Mughlai,200,Indian Rupees(Rs.),No,No,0.0,0
304405,Sharma Sweets,1,New Delhi,"Mithai, Street Food",100,Indian Rupees(Rs.),No,No,0.0,0
18471313,Shere Hind Chicken Corner,1,New Delhi,Mughlai,300,Indian Rupees(Rs.),No,No,0.0,0
306710,Shiv Shakti Dhaba,1,New Delhi,North Indian,100,Indian Rupees(Rs.),No,No,0.0,0
18430570,Shree Shyam Sweets,1,New Delhi,Street Food,150,Indian Rupees(Rs.),No,No,0.0,0
303497,Shri Shyam Ji Shudh Shakahari Bhojnalaya,1,New Delhi,North Indian,150,Indian Rupees(Rs.),No,No,0.0,0
18270343,Sky Hawk,1,New Delhi,"North Indian, Chinese, Continental",600,Indian Rupees(Rs.),No,No,0.0,1
18361200,Snack Shack,1,New Delhi,"North Indian, Chinese",300,Indian Rupees(Rs.),No,No,0.0,0
18261678,Soya Bite's,1,New Delhi,North Indian,350,Indian Rupees(Rs.),No,No,0.0,1
18317507,Soya Bite's,1,New Delhi,North Indian,350,Indian Rupees(Rs.),No,No,0.0,1
9269,Taj Mahal Dhaba,1,New Delhi,North Indian,400,Indian Rupees(Rs.),No,No,0.0,2
18363067,Yadav Sweets,1,New Delhi,Mithai,200,Indian Rupees(Rs.),No,No,0.0,1
18371421,Yummy Chinese Food,1,New Delhi,Chinese,150,Indian Rupees(Rs.),No,No,0.0,1
304809,Aggarwal Sweets Corner,1,New Delhi,Mithai,100,Indian Rupees(Rs.),No,No,0.0,0
304769,Anand Sweets,1,New Delhi,"Mithai, Street Food",100,Indian Rupees(Rs.),No,No,0.0,1
304803,Annapurna Sweets Palace,1,New Delhi,"Mithai, Street Food",100,Indian Rupees(Rs.),No,No,0.0,1
18261151,Aujla's Punjabi Zaika,1,New Delhi,"North Indian, Chinese, Mughlai",400,Indian Rupees(Rs.),No,No,0.0,0
18464636,Baba Ji,1,New Delhi,Fast Food,250,Indian Rupees(Rs.),No,No,0.0,0
18017260,Babu Soup Wala,1,New Delhi,North Indian,300,Indian Rupees(Rs.),No,No,0.0,0
304753,Baketown By Gagan Bakers,1,New Delhi,"Fast Food, Bakery",200,Indian Rupees(Rs.),No,No,0.0,0
18464641,Bala Ji Rasoi,1,New Delhi,North Indian,350,Indian Rupees(Rs.),No,No,0.0,0
304822,Bansiwala Sweets & Caterers,1,New Delhi,"Mithai, Street Food",100,Indian Rupees(Rs.),No,No,0.0,0
18312665,Best Chicken Corner,1,New Delhi,North Indian,650,Indian Rupees(Rs.),No,No,0.0,0
9181,Bhardwaj Bakery,1,New Delhi,"Bakery, Pizza",100,Indian Rupees(Rs.),No,No,0.0,0
18435332,Bikaner Sweets & Restaurant,1,New Delhi,"Mithai, Street Food, North Indian",450,Indian Rupees(Rs.),No,No,0.0,0
18261710,Classic Chef Corner,1,New Delhi,"Chinese, North Indian",400,Indian Rupees(Rs.),No,No,0.0,0
18312662,Dabas Ke Special Chole Bhature,1,New Delhi,Street Food,100,Indian Rupees(Rs.),No,No,0.0,0
18322599,Daily Belly,1,New Delhi,"North Indian, South Indian, Chinese",350,Indian Rupees(Rs.),No,No,0.0,0
9226,Deep Bakery And Cake,1,New Delhi,"Bakery, Desserts",100,Indian Rupees(Rs.),No,No,0.0,0
18434072,Dhaba NH10,1,New Delhi,"North Indian, Chinese",200,Indian Rupees(Rs.),No,No,0.0,0
305699,Dilkhush Dhaba,1,New Delhi,North Indian,100,Indian Rupees(Rs.),No,No,0.0,0
9194,Do Bhai Paneer Wale And Sweets,1,New Delhi,Bakery,100,Indian Rupees(Rs.),No,No,0.0,0
304888,Dosa and Pizza Corner,1,New Delhi,"South Indian, Pizza, Chinese",150,Indian Rupees(Rs.),No,No,0.0,0
306177,Gulati Ki Rasoi,1,New Delhi,North Indian,200,Indian Rupees(Rs.),No,No,0.0,0
18261708,JMD Family Restaurant,1,New Delhi,"North Indian, Chinese",400,Indian Rupees(Rs.),No,No,0.0,0
9173,Jyoti Sweets,1,New Delhi,Mithai,100,Indian Rupees(Rs.),No,No,0.0,0
304831,Khana Khazana,1,New Delhi,North Indian,200,Indian Rupees(Rs.),No,No,0.0,0
9176,Krishna Panjabi Rasoi,1,New Delhi,North Indian,100,Indian Rupees(Rs.),No,No,0.0,1
18233572,Lazeez Zaika,1,New Delhi,"North Indian, Chinese",250,Indian Rupees(Rs.),No,No,0.0,1
18464649,Mannat Chinese Fast Food,1,New Delhi,"Chinese, Bakery",300,Indian Rupees(Rs.),No,No,0.0,0
18375389,Pizza Hot,1,New Delhi,"Italian, Fast Food, South Indian",300,Indian Rupees(Rs.),No,No,0.0,0
18466387,Raju Fast Food,1,New Delhi,"Street Food, Fast Food",250,Indian Rupees(Rs.),No,No,0.0,0
304782,Ramesh Caterers & Dhaba,1,New Delhi,North Indian,150,Indian Rupees(Rs.),No,No,0.0,0
18261719,Sethi's Express,1,New Delhi,"South Indian, North Indian, Chinese",350,Indian Rupees(Rs.),No,No,0.0,0
18466389,Shahi Chicken Biryani Corner,1,New Delhi,Biryani,250,Indian Rupees(Rs.),No,No,0.0,0
18378051,Spicy Curry,1,New Delhi,North Indian,350,Indian Rupees(Rs.),No,No,0.0,0
7484,Super Star Restaurant,1,New Delhi,North Indian,150,Indian Rupees(Rs.),No,No,0.0,1
18464634,Swagi Food Corner,1,New Delhi,"Chinese, Fast Food",250,Indian Rupees(Rs.),No,No,0.0,0
18464647,Taoji Ke Amratsari Naan,1,New Delhi,"Fast Food, North Indian",200,Indian Rupees(Rs.),No,No,0.0,0
18371391,TCW Chaat Point,1,New Delhi,Street Food,100,Indian Rupees(Rs.),No,No,0.0,0
18017240,The Food Express,1,New Delhi,North Indian,200,Indian Rupees(Rs.),No,No,0.0,1
18464640,The Pizza Family,1,New Delhi,Pizza,350,Indian Rupees(Rs.),No,No,0.0,0
18261161,The Regal Chicken Corner,1,New Delhi,"North Indian, Mughlai",400,Indian Rupees(Rs.),No,No,0.0,0
18464638,Welcome Rasoi,1,New Delhi,"North Indian, Fast Food",300,Indian Rupees(Rs.),No,No,0.0,0
302694,Agarwal Sweets,1,New Delhi,Mithai,150,Indian Rupees(Rs.),No,No,3.0,8
18358184,Aurangzeb Rd,1,New Delhi,"North Indian, Mughlai",500,Indian Rupees(Rs.),No,Yes,3.4,23
8715,Bengali Sweet Corner,1,New Delhi,"South Indian, Street Food, Desserts",200,Indian Rupees(Rs.),No,No,3.0,7
641,Cafe Coffee Day,1,New Delhi,Cafe,450,Indian Rupees(Rs.),No,No,2.6,23
308033,Chinese K. Food,1,New Delhi,Chinese,300,Indian Rupees(Rs.),No,No,2.9,4
307099,Chocowell,1,New Delhi,"Desserts, Bakery",150,Indian Rupees(Rs.),No,No,3.2,15
18312575,Choice,1,New Delhi,"South Indian, North Indian",500,Indian Rupees(Rs.),No,No,3.0,4
18312652,Desi Street,1,New Delhi,"North Indian, South Indian, Chinese",350,Indian Rupees(Rs.),No,No,3.1,13
310666,Enigma Lounge,1,New Delhi,"Chinese, North Indian",750,Indian Rupees(Rs.),No,No,2.8,8
7434,Flavors Of London,1,New Delhi,"Desserts, Ice Cream, Fast Food",200,Indian Rupees(Rs.),No,No,3.0,7
305859,Frontier,1,New Delhi,Bakery,200,Indian Rupees(Rs.),No,No,3.0,4
308037,Green Chick Chop,1,New Delhi,"Raw Meats, North Indian, Fast Food",350,Indian Rupees(Rs.),No,No,3.2,16
18435837,Hot House Grill,1,New Delhi,Fast Food,300,Indian Rupees(Rs.),No,Yes,3.2,10
18441658,Kanshi Ram Chole Kulche Wala,1,New Delhi,Street Food,150,Indian Rupees(Rs.),No,No,3.4,13
558,Kents Fast Food,1,New Delhi,"North Indian, Chinese, Fast Food",900,Indian Rupees(Rs.),No,No,2.8,12
300485,Paharia Meat & Chicken Shop,1,New Delhi,North Indian,250,Indian Rupees(Rs.),No,No,2.8,12
7416,Palji Corner,1,New Delhi,North Indian,150,Indian Rupees(Rs.),No,No,3.3,30
301927,Paratha Hi Paratha,1,New Delhi,North Indian,100,Indian Rupees(Rs.),No,No,3.1,10
18288199,Picasso Roof Top,1,New Delhi,"Continental, European, North Indian",1100,Indian Rupees(Rs.),Yes,No,3.1,15
301931,RK Dosa,1,New Delhi,South Indian,150,Indian Rupees(Rs.),No,No,2.8,12
311385,Sandoz,1,New Delhi,"Chinese, North Indian",600,Indian Rupees(Rs.),No,Yes,2.6,32
18175322,Sardar Ji,1,New Delhi,"North Indian, Mughlai",120,Indian Rupees(Rs.),No,No,3.0,7
7419,Satkar Fast Food,1,New Delhi,North Indian,200,Indian Rupees(Rs.),No,No,2.8,20
9280,Sweetheart Cupcakes,1,New Delhi,Desserts,150,Indian Rupees(Rs.),No,No,3.1,21
18241874,The Earthen Grill,1,New Delhi,"North Indian, Mughlai, Awadhi",350,Indian Rupees(Rs.),No,No,3.2,14
303250,Twenty Four Seven,1,New Delhi,"Fast Food, North Indian",300,Indian Rupees(Rs.),No,No,2.8,14
313163,A Patisseries Gallery,1,New Delhi,"Bakery, Desserts",200,Indian Rupees(Rs.),No,No,0.0,0
18398504,Aggarwal Bikaneri Sweets,1,New Delhi,Mithai,100,Indian Rupees(Rs.),No,No,0.0,0
301932,Aggarwal Sweets & Bakers,1,New Delhi,"Desserts, Street Food",200,Indian Rupees(Rs.),No,No,0.0,1
18312572,Avatar Da Dhaba,1,New Delhi,North Indian,200,Indian Rupees(Rs.),No,No,0.0,0
18371399,Bengali Restaurant,1,New Delhi,"Bengali, Chinese",150,Indian Rupees(Rs.),No,No,0.0,0
18431177,Biryani Express,1,New Delhi,Biryani,200,Indian Rupees(Rs.),No,No,0.0,0
18371405,Brahm Point Fast Food,1,New Delhi,"Fast Food, Chinese",150,Indian Rupees(Rs.),No,No,0.0,0
312926,Chinese Hot,1,New Delhi,Chinese,300,Indian Rupees(Rs.),No,No,0.0,1
18349241,Curry Man,1,New Delhi,North Indian,200,Indian Rupees(Rs.),No,No,0.0,0
18431181,Diya Chinese Food,1,New Delhi,Chinese,300,Indian Rupees(Rs.),No,No,0.0,0
18431187,Foodies,1,New Delhi,Chinese,400,Indian Rupees(Rs.),No,No,0.0,0
18393288,Fresh Meat CO,1,New Delhi,"Raw Meats, Fast Food",300,Indian Rupees(Rs.),No,No,0.0,0
8718,Hans Fast Food Center,1,New Delhi,"Fast Food, Desserts",150,Indian Rupees(Rs.),No,No,0.0,2
18462571,Happy Hours,1,New Delhi,"Chinese, Fast Food",200,Indian Rupees(Rs.),No,No,0.0,0
18460302,Khalsa Eating Point,1,New Delhi,North Indian,300,Indian Rupees(Rs.),No,No,0.0,0
18431183,Krishna Yummy Foods,1,New Delhi,North Indian,250,Indian Rupees(Rs.),No,No,0.0,1
301925,Laxmi Dhaba,1,New Delhi,North Indian,100,Indian Rupees(Rs.),No,No,0.0,1
301885,Milan Shudh Vaishno,1,New Delhi,North Indian,300,Indian Rupees(Rs.),No,No,0.0,3
18295497,Milko Sweets Corner,1,New Delhi,"Mithai, Street Food",100,Indian Rupees(Rs.),No,No,0.0,2
18460299,New Punjabi Chaap Corner,1,New Delhi,Chinese,300,Indian Rupees(Rs.),No,No,0.0,0
1973,Nik's Chawla Chik Inn,1,New Delhi,"North Indian, Fast Food",600,Indian Rupees(Rs.),No,No,0.0,2
18369770,Paras Corner,1,New Delhi,Chinese,150,Indian Rupees(Rs.),No,No,0.0,0
312848,Punjabi Tadka,1,New Delhi,North Indian,250,Indian Rupees(Rs.),No,No,0.0,0
18474850,Sardar A Pure Meat Shop,1,New Delhi,"Raw Meats, Fast Food, North Indian",150,Indian Rupees(Rs.),No,No,0.0,0
18429186,Shahi Hyderbadi Biryani,1,New Delhi,Mughlai,250,Indian Rupees(Rs.),No,No,0.0,0
18312656,Shashi's China Wok,1,New Delhi,Chinese,250,Indian Rupees(Rs.),No,No,0.0,2
18416741,Urban Palate,1,New Delhi,Fast Food,300,Indian Rupees(Rs.),No,No,0.0,0
18425182,Wrapss,1,New Delhi,"Chinese, Fast Food",350,Indian Rupees(Rs.),No,No,0.0,1
18464625,China Kitchen,1,New Delhi,"Chinese, North Eastern",350,Indian Rupees(Rs.),No,No,0.0,0
18435330,Chowringhee,1,New Delhi,Fast Food,250,Indian Rupees(Rs.),No,No,0.0,0
18435326,D-Food,1,New Delhi,"Chinese, Fast Food, Bakery",500,Indian Rupees(Rs.),No,No,0.0,0
18464648,Kith N Kin Cafeteria,1,New Delhi,"Chinese, North Indian",300,Indian Rupees(Rs.),No,No,0.0,0
18464629,Lazeez Rasoi,1,New Delhi,"Chinese, North Indian",300,Indian Rupees(Rs.),No,No,0.0,0
18435322,Red Rose Restaurant,1,New Delhi,Fast Food,450,Indian Rupees(Rs.),No,No,0.0,0
18014151,Shri Bikaner Sweets & Restaurant,1,New Delhi,"North Indian, Chinese, South Indian",500,Indian Rupees(Rs.),No,No,0.0,0
18375378,Welcome Family Restaurant,1,New Delhi,"North Indian, South Indian",400,Indian Rupees(Rs.),No,No,0.0,0
310408,Al Bake,1,New Delhi,"North Indian, Mughlai",400,Indian Rupees(Rs.),No,No,2.7,38
1185,Americana Kitchen and Bar,1,New Delhi,"American, Tex-Mex, Italian, Mexican, North Indian",1900,Indian Rupees(Rs.),Yes,No,2.8,105
5536,Bawa Snacks Corner,1,New Delhi,North Indian,150,Indian Rupees(Rs.),No,No,2.8,11
18393213,Bhimsain's Bengali Sweet House,1,New Delhi,"Mithai, North Indian, Street Food, Chinese, South Indian, Indian",450,Indian Rupees(Rs.),No,No,2.9,4
308336,Cafe Coffee Day,1,New Delhi,Cafe,450,Indian Rupees(Rs.),No,No,3.1,13
637,Cafe Coffee Day,1,New Delhi,Cafe,450,Indian Rupees(Rs.),No,Yes,3.0,38
313159,Dolce Gelato,1,New Delhi,"Ice Cream, Beverages, Fast Food",300,Indian Rupees(Rs.),No,Yes,3.2,9
3608,Domino's Pizza,1,New Delhi,"Pizza, Fast Food",700,Indian Rupees(Rs.),No,No,3.0,71
3636,Gopala,1,New Delhi,"North Indian, Street Food",150,Indian Rupees(Rs.),No,No,3.0,12
312790,New Punjabi Khana,1,New Delhi,North Indian,200,Indian Rupees(Rs.),No,No,3.1,8
5537,New Vishal Corner,1,New Delhi,"North Indian, Street Food, Fast Food",250,Indian Rupees(Rs.),No,No,3.1,14
308347,Punjabi Khana,1,New Delhi,North Indian,200,Indian Rupees(Rs.),No,No,3.2,14
2602,Rajshree,1,New Delhi,"South Indian, Chinese",250,Indian Rupees(Rs.),No,No,3.1,11
3638,Snack Junction,1,New Delhi,"North Indian, Chinese",250,Indian Rupees(Rs.),No,No,3.0,27
18017281,Sona,1,New Delhi,"North Indian, South Indian, Fast Food",400,Indian Rupees(Rs.),No,No,3.4,29
3607,Southy,1,New Delhi,South Indian,450,Indian Rupees(Rs.),No,Yes,2.5,94
3069,The First Floor,1,New Delhi,"North Indian, Chinese",1000,Indian Rupees(Rs.),Yes,Yes,3.1,14
18268390,Hype,1,New Delhi,"Finger Food, Italian, Middle Eastern",4700,Indian Rupees(Rs.),No,No,3.7,142
196,McDonald's,1,New Delhi,"Fast Food, Burger",500,Indian Rupees(Rs.),No,Yes,3.7,177
5487,New Punjabi Khana,1,New Delhi,North Indian,200,Indian Rupees(Rs.),No,No,3.9,104
308331,Pizza Hut Delivery,1,New Delhi,"Italian, Pizza, Fast Food",800,Indian Rupees(Rs.),No,Yes,3.6,103
18126080,Shree Rathnam,1,New Delhi,"South Indian, North Indian, Chinese",800,Indian Rupees(Rs.),No,No,3.6,58
148,Subway,1,New Delhi,"American, Fast Food, Salad, Healthy Food",500,Indian Rupees(Rs.),No,No,3.6,142
18412898,Al Mughal,1,New Delhi,Mughlai,250,Indian Rupees(Rs.),No,No,0.0,2
5528,Anupama Restaurant,1,New Delhi,North Indian,150,Indian Rupees(Rs.),No,No,0.0,1
17953929,Cafe Einstein,1,New Delhi,"North Indian, Fast Food",550,Indian Rupees(Rs.),No,No,0.0,1
18355121,Delicious Eating Corner,1,New Delhi,North Indian,400,Indian Rupees(Rs.),No,No,0.0,0
9210,Gupta Rasoi,1,New Delhi,North Indian,200,Indian Rupees(Rs.),No,No,0.0,1
2703,Paras Chicken Point,1,New Delhi,North Indian,400,Indian Rupees(Rs.),No,No,0.0,1
18478963,Ralhan Eating Corner,1,New Delhi,North Indian,200,Indian Rupees(Rs.),No,No,0.0,0
2232,Pind Balluchi,1,New Delhi,"North Indian, Mughlai",1000,Indian Rupees(Rs.),Yes,Yes,2.4,184
2775,Oh! Calcutta,1,New Delhi,"Bengali, Seafood",1400,Indian Rupees(Rs.),Yes,Yes,4.4,1293
311623,Alcoholic Lounge & Bar,1,New Delhi,Finger Food,1800,Indian Rupees(Rs.),Yes,No,2.8,21
311077,Baljeet's Amritsari Koolcha,1,New Delhi,North Indian,300,Indian Rupees(Rs.),No,No,3.1,110
492,Bikanervala,1,New Delhi,"North Indian, South Indian, Fast Food, Street Food, Chinese, Beverages, Desserts, Mithai",550,Indian Rupees(Rs.),No,Yes,3.4,89
304030,Cafe Coffee Day,1,New Delhi,Cafe,450,Indian Rupees(Rs.),No,No,3.3,32
18366028,Chicago Pizza,1,New Delhi,"Fast Food, Italian, Pizza",500,Indian Rupees(Rs.),No,Yes,3.4,42
18168143,Cocoberry,1,New Delhi,Desserts,300,Indian Rupees(Rs.),No,Yes,3.3,32
18294246,Dilli Chaap Wale,1,New Delhi,"North Indian, Fast Food",450,Indian Rupees(Rs.),No,No,3.4,24
2370,Dips,1,New Delhi,"South Indian, Chinese",300,Indian Rupees(Rs.),No,No,2.8,23
3893,Domino's Pizza,1,New Delhi,"Pizza, Fast Food",700,Indian Rupees(Rs.),No,No,3.4,85
5366,Gullu's,1,New Delhi,"North Indian, Mughlai",550,Indian Rupees(Rs.),No,No,2.9,45
18037828,Hashtag Foods,1,New Delhi,"Fast Food, Beverages",300,Indian Rupees(Rs.),No,Yes,3.4,80
2377,Mini Meals,1,New Delhi,"North Indian, South Indian, Fast Food",300,Indian Rupees(Rs.),No,No,2.7,66
18384151,No Name - Taste Hi Kaafi Hai,1,New Delhi,"Burger, Fast Food",400,Indian Rupees(Rs.),No,Yes,3.2,31
2966,Pind Balluchi,1,New Delhi,"North Indian, Mughlai",1000,Indian Rupees(Rs.),Yes,Yes,2.7,261
257,Pizza Hut,1,New Delhi,"Italian, Pizza, Fast Food",1000,Indian Rupees(Rs.),No,Yes,3.3,211
2380,Raj Bhature wala,1,New Delhi,"North Indian, Fast Food, Chinese",350,Indian Rupees(Rs.),No,Yes,3.4,84
18285222,Rolls Tiger,1,New Delhi,Fast Food,450,Indian Rupees(Rs.),No,Yes,3.4,49
309463,SGF - Spice Grill Flame,1,New Delhi,"North Indian, Chinese",500,Indian Rupees(Rs.),No,Yes,3.4,80
18219550,Smoksha Cafe and Lounge,1,New Delhi,"Cafe, Chinese",600,Indian Rupees(Rs.),No,No,3.4,60
3230,Subway,1,New Delhi,"American, Fast Food, Salad, Healthy Food",500,Indian Rupees(Rs.),No,Yes,3.4,131
309542,Sura Vie,1,New Delhi,"North Indian, Italian, Chinese, Thai",1400,Indian Rupees(Rs.),Yes,Yes,3.4,391
2965,Billu's Hut,1,New Delhi,"Fast Food, Chinese",350,Indian Rupees(Rs.),No,No,3.9,813
3372,BTW,1,New Delhi,Street Food,200,Indian Rupees(Rs.),No,No,3.7,459
312223,Burger King,1,New Delhi,"Burger, Fast Food",500,Indian Rupees(Rs.),No,Yes,3.6,426
8828,Cafe Coffee Day,1,New Delhi,Cafe,450,Indian Rupees(Rs.),No,No,3.5,50
2524,Chills 'n' Grills,1,New Delhi,"Fast Food, Chinese",350,Indian Rupees(Rs.),No,Yes,3.6,69
18458640,Fusion N Food,1,New Delhi,Fast Food,300,Indian Rupees(Rs.),No,No,3.8,22
2532,Giani,1,New Delhi,"Ice Cream, Desserts",400,Indian Rupees(Rs.),No,Yes,3.6,87
5368,Hot Spot,1,New Delhi,"Fast Food, North Indian, Beverages",400,Indian Rupees(Rs.),No,No,3.8,201
18272383,La Americana,1,New Delhi,"Fast Food, Burger",450,Indian Rupees(Rs.),No,Yes,3.6,139
18332018,Mogambo Khush Hua,1,New Delhi,Chinese,400,Indian Rupees(Rs.),No,Yes,3.8,121
18423901,Niti Shake & Ice Cream Hub,1,New Delhi,"Desserts, Beverages",200,Indian Rupees(Rs.),No,No,3.8,23
1969,Pacific Asia,1,New Delhi,"North Indian, Chinese",1200,Indian Rupees(Rs.),Yes,Yes,3.7,151
18455548,Papa Veg Chinese Food,1,New Delhi,Chinese,450,Indian Rupees(Rs.),No,Yes,3.8,29
310126,Pasta Hut,1,New Delhi,Fast Food,400,Indian Rupees(Rs.),No,No,3.5,82
5291,Ram G Snacks & Food Corner,1,New Delhi,"North Indian, Chinese, Street Food",150,Indian Rupees(Rs.),No,No,3.5,34
3522,Sandwich King,1,New Delhi,"Fast Food, Beverages",500,Indian Rupees(Rs.),No,No,3.8,99
18345519,Shake Eat Up,1,New Delhi,"Fast Food, Beverages",400,Indian Rupees(Rs.),No,No,3.9,155
305967,Starbucks,1,New Delhi,Cafe,700,Indian Rupees(Rs.),No,No,3.7,294
18432015,The Chai Story,1,New Delhi,Cafe,300,Indian Rupees(Rs.),No,No,3.6,22
18204820,Themis Barbecue House,1,New Delhi,North Indian,1400,Indian Rupees(Rs.),Yes,No,3.8,457
18361244,Utsav,1,New Delhi,Bakery,250,Indian Rupees(Rs.),No,No,3.5,13
9561,Barbeque Nation,1,New Delhi,"North Indian, Chinese",1600,Indian Rupees(Rs.),No,No,4.1,937
18466059,Bistro 57,1,New Delhi,"Fast Food, Beverages",500,Indian Rupees(Rs.),No,No,4.0,20
18361780,Calendar Khana Laao,1,New Delhi,"North Indian, Chinese, Continental",1000,Indian Rupees(Rs.),No,Yes,4.2,42
18208880,Chaayos,1,New Delhi,"Cafe, Tea",400,Indian Rupees(Rs.),No,Yes,4.1,156
307620,Eleven Course,1,New Delhi,"North Indian, Chinese, Italian, Mexican, Lebanese",1650,Indian Rupees(Rs.),No,No,4.0,537
302242,Sinciti,1,New Delhi,"North Indian, Chinese, Italian, Lebanese, Mexican",1200,Indian Rupees(Rs.),Yes,Yes,4.0,277
310348,Admission Lounge,1,New Delhi,"North Indian, Continental, Chinese, Fast Food",2500,Indian Rupees(Rs.),Yes,No,2.7,24
309680,Al Zaika,1,New Delhi,"North Indian, Mughlai",700,Indian Rupees(Rs.),No,No,2.9,8
1508,Angels in my Kitchen,1,New Delhi,"Bakery, Desserts, Fast Food",350,Indian Rupees(Rs.),No,Yes,3.2,88
18312565,Asian Curry,1,New Delhi,"Thai, Chinese",800,Indian Rupees(Rs.),No,No,3.0,5
311553,Chaska,1,New Delhi,"Fast Food, North Indian",500,Indian Rupees(Rs.),No,No,3.3,47
7720,Chik Chow,1,New Delhi,"North Indian, Mughlai, Chinese",650,Indian Rupees(Rs.),No,Yes,3.3,62
308332,Deep Sweet Corner,1,New Delhi,"North Indian, Fast Food, Chinese, Mithai",400,Indian Rupees(Rs.),No,No,2.7,16
306331,Deepika Khaitan's Cakes,1,New Delhi,"Bakery, Desserts",700,Indian Rupees(Rs.),No,No,2.9,4
18303863,Dhaba On Wheels,1,New Delhi,"North Indian, Mughlai",600,Indian Rupees(Rs.),No,No,2.7,15
212,Domino's Pizza,1,New Delhi,"Pizza, Fast Food",700,Indian Rupees(Rs.),No,No,2.8,95
304183,Evergreen Sweets,1,New Delhi,"North Indian, South Indian, Chinese, Mithai",350,Indian Rupees(Rs.),No,No,2.8,14
1915,Gopala,1,New Delhi,"Mithai, Street Food",250,Indian Rupees(Rs.),No,No,3.0,7
5901,Green Chick Chop,1,New Delhi,"Raw Meats, North Indian, Fast Food",350,Indian Rupees(Rs.),No,No,3.0,12
311824,Halal Pizza Fun,1,New Delhi,"Pizza, Fast Food",450,Indian Rupees(Rs.),No,No,3.1,7
18376488,Keventers,1,New Delhi,Beverages,400,Indian Rupees(Rs.),No,Yes,3.3,13
300013,Khan Chicken Biryani,1,New Delhi,North Indian,500,Indian Rupees(Rs.),No,No,2.9,9
181,McDonald's,1,New Delhi,"Fast Food, Burger",500,Indian Rupees(Rs.),No,Yes,3.4,127
18277019,Midnight Bites,1,New Delhi,"North Indian, Chinese, Fast Food",550,Indian Rupees(Rs.),No,No,3.1,10
7721,Moti Mahal Delux,1,New Delhi,"North Indian, Mughlai",800,Indian Rupees(Rs.),No,Yes,2.9,44
308334,MT Everest Food Corner,1,New Delhi,"North Indian, Chinese",700,Indian Rupees(Rs.),No,No,2.9,28
309675,Muradabad Ki Mashoor Sama Chicken Biryani,1,New Delhi,"Biryani, North Indian",350,Indian Rupees(Rs.),No,No,2.9,5
300020,New Laziz,1,New Delhi,"North Indian, Mughlai",550,Indian Rupees(Rs.),No,No,2.9,6
7717,Talab South Indian Restaurant,1,New Delhi,"South Indian, Chinese",200,Indian Rupees(Rs.),No,No,2.7,14
303547,Tipu Sultan Chicken Point,1,New Delhi,"Biryani, Mughlai",250,Indian Rupees(Rs.),No,No,3.2,27
18228903,Yo Wok,1,New Delhi,"Chinese, Japanese, Thai",750,Indian Rupees(Rs.),Yes,No,2.8,4
18428200,Zoet Desserts,1,New Delhi,"Bakery, Desserts",600,Indian Rupees(Rs.),No,No,3.0,8
18144480,Zooby's Kitchen,1,New Delhi,"North Indian, Mughlai, Chinese",800,Indian Rupees(Rs.),No,No,2.8,21
302945,Hotel Malabar,1,New Delhi,"Kerala, Biryani",400,Indian Rupees(Rs.),No,No,3.6,129
18471283,Hwealthcafe,1,New Delhi,"Cafe, Healthy Food, Continental",800,Indian Rupees(Rs.),No,Yes,3.5,29
18337892,Noorjahan,1,New Delhi,"North Indian, Mughlai, Chinese",700,Indian Rupees(Rs.),No,No,3.8,17
267,Pizza Hut Delivery,1,New Delhi,"Italian, Pizza, Fast Food",800,Indian Rupees(Rs.),No,Yes,3.9,189
18424893,Sushiya Express,1,New Delhi,"Sushi, Asian",800,Indian Rupees(Rs.),No,Yes,3.5,30
306526,Tuptakes,1,New Delhi,"Bakery, Desserts",350,Indian Rupees(Rs.),No,No,3.6,52
18133511,Annapurna Food Point,1,New Delhi,North Indian,200,Indian Rupees(Rs.),No,No,0.0,1
18456744,Arabian & Turkish Caf?,1,New Delhi,"Turkish, Arabian, Moroccan, Lebanese",400,Indian Rupees(Rs.),No,No,0.0,0
303559,Brij Palace Restaurant,1,New Delhi,North Indian,250,Indian Rupees(Rs.),No,No,0.0,2
18352261,Bruncheez,1,New Delhi,Fast Food,150,Indian Rupees(Rs.),No,No,0.0,2
310692,Buena Tierra,1,New Delhi,Bakery,300,Indian Rupees(Rs.),No,No,0.0,2
18313141,Cafe Coffee Day,1,New Delhi,Cafe,450,Indian Rupees(Rs.),No,No,0.0,2
312446,Chokoreto - The Cake Design Studio,1,New Delhi,"Bakery, Desserts",300,Indian Rupees(Rs.),No,No,0.0,1
18245296,Crazylicious Cakes N Desserts,1,New Delhi,"Bakery, Desserts",300,Indian Rupees(Rs.),No,No,0.0,2
18254540,Halal Pizza 'n' Joy,1,New Delhi,Pizza,450,Indian Rupees(Rs.),No,No,0.0,2
18354644,Shree Bhojnalaya,1,New Delhi,North Indian,100,Indian Rupees(Rs.),No,No,0.0,0
7684,Shree Laxmi Dhaba,1,New Delhi,North Indian,100,Indian Rupees(Rs.),No,No,0.0,3
18180047,Swaad Restaurant,1,New Delhi,"North Indian, Mughlai, Chinese",700,Indian Rupees(Rs.),No,No,0.0,2
18366586,The Bay Leaf,1,New Delhi,"Chinese, Indian",500,Indian Rupees(Rs.),No,No,0.0,1
112,Lotus Pond,1,New Delhi,"Chinese, Seafood, Asian",1800,Indian Rupees(Rs.),Yes,Yes,4.2,391
1903,Cafe Turtle,1,New Delhi,"Cafe, Italian, Lebanese",1000,Indian Rupees(Rs.),No,No,3.2,36
300710,Gulfam Kashmiri Wazwan,1,New Delhi,Mughlai,300,Indian Rupees(Rs.),No,No,3.4,38
308065,Kit Care Kabab Corner,1,New Delhi,"North Indian, Fast Food",350,Indian Rupees(Rs.),No,No,2.9,10
18441549,Liter Basar,1,New Delhi,Bakery,350,Indian Rupees(Rs.),No,No,3.1,7
3685,N. Iqbal Restaurant,1,New Delhi,"North Indian, Mughlai",350,Indian Rupees(Rs.),No,No,3.2,40
303599,Ghalib Kabab Corner,1,New Delhi,"Mughlai, Biryani",300,Indian Rupees(Rs.),No,No,3.9,251
462,Karim's,1,New Delhi,"Mughlai, North Indian",800,Indian Rupees(Rs.),Yes,Yes,3.7,360
18474567,Chick Fish Point,1,New Delhi,North Indian,350,Indian Rupees(Rs.),No,No,0.0,2
18434504,Monis Kada Hotel,1,New Delhi,Mughlai,400,Indian Rupees(Rs.),No,No,0.0,0
680,Comesum,1,New Delhi,"Fast Food, North Indian, South Indian",350,Indian Rupees(Rs.),No,No,2.2,251
18222581,Lunch Express,1,New Delhi,North Indian,250,Indian Rupees(Rs.),No,No,3.3,27
18432628,Aloo Bhaji Restaurant,1,New Delhi,North Indian,500,Indian Rupees(Rs.),No,No,0.0,0
18357551,Chinese Corner,1,New Delhi,"Chinese, South Indian",300,Indian Rupees(Rs.),No,No,0.0,0
18360900,Gupta Bhojnalya,1,New Delhi,North Indian,300,Indian Rupees(Rs.),No,No,0.0,0
18358168,Sam's 22,1,New Delhi,"Fast Food, Beverages",250,Indian Rupees(Rs.),No,No,0.0,0
18472680,The Bakery,1,New Delhi,Bakery,300,Indian Rupees(Rs.),No,No,0.0,0
18409180,Twenty Four Seven,1,New Delhi,"Fast Food, North Indian",300,Indian Rupees(Rs.),No,No,0.0,0
18429188,Vishal Snacks,1,New Delhi,"North Indian, Chinese, South Indian",300,Indian Rupees(Rs.),No,No,0.0,0
310164,Chawla Dhaba,1,New Delhi,North Indian,500,Indian Rupees(Rs.),No,Yes,3.0,10
7712,Shri Gupta'z,1,New Delhi,"Mughlai, North Indian, Chinese",500,Indian Rupees(Rs.),No,No,3.2,18
18311948,The Golden Leaf,1,New Delhi,"North Indian, Fast Food",700,Indian Rupees(Rs.),No,No,3.0,6
7483,Red Moon Bakery,1,New Delhi,"Bakery, Desserts",400,Indian Rupees(Rs.),No,No,3.5,26
18355004,Cafe Point,1,New Delhi,"Fast Food, Beverages",100,Indian Rupees(Rs.),No,No,0.0,0
18291238,TLC Kitchen,1,New Delhi,Healthy Food,600,Indian Rupees(Rs.),No,No,0.0,2
18472436,Berco's,1,New Delhi,"Chinese, Thai",1100,Indian Rupees(Rs.),Yes,No,3.1,5
9037,Bikano Chat Cafe,1,New Delhi,"North Indian, Street Food, South Indian, Fast Food, Chinese",500,Indian Rupees(Rs.),No,No,2.6,55
18391581,BonJuz,1,New Delhi,"Healthy Food, Juices",200,Indian Rupees(Rs.),No,No,3.1,8
7077,Cafe Coffee Day - The Lounge,1,New Delhi,Cafe,750,Indian Rupees(Rs.),No,No,2.6,29
306586,Chicago Pizza,1,New Delhi,Pizza,800,Indian Rupees(Rs.),No,No,3.2,69
306495,Domino's Pizza,1,New Delhi,"Pizza, Fast Food",700,Indian Rupees(Rs.),No,No,3.3,69
9061,Dosa Village,1,New Delhi,South Indian,500,Indian Rupees(Rs.),No,No,3.2,36
18357946,Dunkin' Donuts,1,New Delhi,"Burger, Desserts, Fast Food",600,Indian Rupees(Rs.),No,No,3.4,36
308991,Gelato Italiano,1,New Delhi,"Ice Cream, Desserts",200,Indian Rupees(Rs.),No,No,3.3,18
7071,Gelato Vinto,1,New Delhi,"Desserts, Ice Cream",250,Indian Rupees(Rs.),No,Yes,2.7,17
18282040,Keventers,1,New Delhi,Beverages,400,Indian Rupees(Rs.),No,No,3.2,19
8379,KFC,1,New Delhi,"American, Fast Food",500,Indian Rupees(Rs.),No,Yes,2.6,47
9040,Kings Kulfi,1,New Delhi,"Desserts, Ice Cream",150,Indian Rupees(Rs.),No,No,3.3,18
18367984,Mr. Sub,1,New Delhi,Fast Food,400,Indian Rupees(Rs.),No,No,2.8,6
4455,Shanghai Moon,1,New Delhi,Chinese,800,Indian Rupees(Rs.),Yes,No,2.6,71
4454,The Blue Tandoor,1,New Delhi,"North Indian, Mughlai",700,Indian Rupees(Rs.),No,No,2.6,46
4560,Costa Coffee,1,New Delhi,Cafe,600,Indian Rupees(Rs.),No,No,3.6,53
4563,Giani's,1,New Delhi,"Ice Cream, Desserts",400,Indian Rupees(Rs.),No,No,3.9,51
5062,Hinglish - Cafe Beach Bar,1,New Delhi,"Continental, North Indian, Italian",1600,Indian Rupees(Rs.),Yes,Yes,3.7,792
4568,Spaghetti Kitchen,1,New Delhi,Italian,2000,Indian Rupees(Rs.),Yes,Yes,3.8,601
4566,Subway,1,New Delhi,"American, Fast Food, Salad, Healthy Food",500,Indian Rupees(Rs.),No,No,3.5,65
18383434,Swiss Softy,1,New Delhi,"Ice Cream, Beverages",250,Indian Rupees(Rs.),No,No,3.9,31
308972,The Bubble Tea,1,New Delhi,Beverages,250,Indian Rupees(Rs.),No,No,3.5,35
307560,Creambell & Chocoxess,1,New Delhi,"Ice Cream, Desserts",200,Indian Rupees(Rs.),No,No,0.0,0
18336478,Hang Out,1,New Delhi,"Italian, Continental, Fast Food, North Indian",1000,Indian Rupees(Rs.),Yes,No,0.0,3
309004,Mx Corn,1,New Delhi,Fast Food,100,Indian Rupees(Rs.),No,No,0.0,1
18492109,The Belgian Fries Company,1,New Delhi,"European, American, Street Food",400,Indian Rupees(Rs.),No,No,0.0,1
6283,Al-Sameer,1,New Delhi,"North Indian, Mughlai",400,Indian Rupees(Rs.),No,No,2.9,5
6356,Allure,1,New Delhi,"North Indian, Chinese, Finger Food",600,Indian Rupees(Rs.),No,No,2.8,6
18356800,BarShala,1,New Delhi,Finger Food,600,Indian Rupees(Rs.),No,No,3.1,14
18253103,Bikaner House,1,New Delhi,"North Indian, Street Food, Fast Food, Chinese, South Indian, Mithai",500,Indian Rupees(Rs.),No,No,3.0,4
304152,Cafe Coffee Day,1,New Delhi,Cafe,450,Indian Rupees(Rs.),No,No,2.7,16
18287392,Cafe CoffeeCo,1,New Delhi,Cafe,350,Indian Rupees(Rs.),No,No,3.4,21
3116,Cafe Festa,1,New Delhi,"Cafe, North Indian, Fast Food",600,Indian Rupees(Rs.),No,Yes,3.2,38
308620,Cheers Lounge Bar,1,New Delhi,"North Indian, Chinese",1100,Indian Rupees(Rs.),Yes,No,2.8,8
300608,Chowmein Hut,1,New Delhi,Chinese,200,Indian Rupees(Rs.),No,No,2.9,4
302162,Club India Cafe & Restaurant,1,New Delhi,"North Indian, Fast Food, Chinese, Japanese, Asian, Italian",900,Indian Rupees(Rs.),Yes,No,2.9,32
308187,Domino's Pizza,1,New Delhi,"Pizza, Fast Food",700,Indian Rupees(Rs.),No,No,3.1,29
8292,Everest Bakery Cafe,1,New Delhi,"Cafe, Fast Food, Asian, Italian",700,Indian Rupees(Rs.),No,No,2.8,19
307114,Everest Kitchen,1,New Delhi,"North Indian, Chinese, Tibetan, Italian, Fast Food",550,Indian Rupees(Rs.),No,No,3.2,18
18408059,Exotic Rooftop Restaurant,1,New Delhi,"Chinese, Thai, Seafood, North Indian, Italian",600,Indian Rupees(Rs.),No,Yes,3.0,5
308614,Flavours,1,New Delhi,"North Indian, Chinese, South Indian",500,Indian Rupees(Rs.),No,No,2.9,11
304217,Gagan Assam Bengal Restaurant,1,New Delhi,"North Indian, Bengali",300,Indian Rupees(Rs.),No,No,2.9,7
302724,Gold Resto Bar,1,New Delhi,"North Indian, Chinese",850,Indian Rupees(Rs.),Yes,No,2.9,8
5799,Grand Madras Cafe,1,New Delhi,South Indian,250,Indian Rupees(Rs.),No,No,2.9,4
3117,Green Chilli,1,New Delhi,"North Indian, Chinese, Continental",800,Indian Rupees(Rs.),Yes,No,2.8,17
300639,Gurdev Punjabi Restaurant,1,New Delhi,North Indian,200,Indian Rupees(Rs.),No,No,3.0,8
18384879,Haji Irshad Biryani Centre,1,New Delhi,Biryani,200,Indian Rupees(Rs.),No,No,3.0,6
18481280,Hungerzz Grill,1,New Delhi,Fast Food,250,Indian Rupees(Rs.),No,No,3.0,4
300635,Janta Sweets,1,New Delhi,"Street Food, Mithai",200,Indian Rupees(Rs.),No,No,3.0,9
302159,Khosla Cafe,1,New Delhi,"North Indian, Chinese, Fast Food",400,Indian Rupees(Rs.),No,No,3.2,18
18204494,King Bar & Restaurant,1,New Delhi,"North Indian, Chinese, Continental",900,Indian Rupees(Rs.),Yes,No,3.0,10
305135,Le Fairway Restaurant & Bar,1,New Delhi,"North Indian, Continental",1000,Indian Rupees(Rs.),Yes,No,3.1,17
302155,Madan Cafe & Restaurant,1,New Delhi,"North Indian, Chinese, Fast Food",300,Indian Rupees(Rs.),No,No,3.1,28
3119,Malhotra Restaurant,1,New Delhi,"North Indian, Chinese, Continental, Italian",800,Indian Rupees(Rs.),Yes,No,2.9,32
3254,Metropolis Bar,1,New Delhi,"Chinese, Continental, North Indian",700,Indian Rupees(Rs.),No,No,3.0,22
302272,Mikky Restaurant,1,New Delhi,North Indian,800,Indian Rupees(Rs.),No,No,2.8,18
300616,Mourya Sweets Chat Bhandar,1,New Delhi,"Fast Food, Chinese, Mithai, Street Food",200,Indian Rupees(Rs.),No,No,2.9,4
5796,My Bar & Restaurant,1,New Delhi,"North Indian, Chinese, Italian, Continental",700,Indian Rupees(Rs.),No,No,3.2,679
310595,My Love Restaurant & Bar,1,New Delhi,"North Indian, Mughlai, Chinese",1000,Indian Rupees(Rs.),Yes,No,2.7,19
303788,Organic German Bakeshop - Brown Bread Bakery,1,New Delhi,"Fast Food, Continental, Italian, Bakery",600,Indian Rupees(Rs.),No,No,3.2,22
305490,Paankhuri Restaurant,1,New Delhi,North Indian,500,Indian Rupees(Rs.),No,No,3.0,5
300620,Pardeep Corner,1,New Delhi,North Indian,300,Indian Rupees(Rs.),No,No,3.3,25
18218076,Pehalwan Da Hotel,1,New Delhi,Mughlai,350,Indian Rupees(Rs.),No,No,3.1,6
308682,Pizza Hut Delivery,1,New Delhi,"Italian, Pizza, Fast Food",800,Indian Rupees(Rs.),No,Yes,2.8,26
18198465,Re Cafe,1,New Delhi,"Continental, Fast Food",1300,Indian Rupees(Rs.),Yes,No,3.1,14
311879,Rumi Amritsari Naan,1,New Delhi,"North Indian, Chinese",200,Indian Rupees(Rs.),No,No,3.2,12
1888,Sagar Bar-Be Que,1,New Delhi,"North Indian, Mughlai",500,Indian Rupees(Rs.),No,Yes,2.7,37
301191,Satyam Rooftop Restaurant,1,New Delhi,"North Indian, Chinese, Fast Food",600,Indian Rupees(Rs.),No,No,2.9,9
6345,Sethi Restaurant,1,New Delhi,"North Indian, Mughlai",800,Indian Rupees(Rs.),No,No,2.8,8
18272388,Shri Bankey Bihari Samosa Wala,1,New Delhi,Street Food,100,Indian Rupees(Rs.),No,No,3.1,5
6355,Sonu South Indian Restaurant,1,New Delhi,"South Indian, North Indian",300,Indian Rupees(Rs.),No,No,2.9,8
300571,Southern Welcome Restaurant,1,New Delhi,"South Indian, North Indian",250,Indian Rupees(Rs.),No,No,2.7,7
302173,Swagat Dhaba,1,New Delhi,North Indian,200,Indian Rupees(Rs.),No,No,2.7,12
5801,Tadka 4986,1,New Delhi,"Chinese, Italian, North Indian",600,Indian Rupees(Rs.),No,No,3.4,37
18261165,The Drunkyard Cafe,1,New Delhi,"North Indian, Chinese, Continental, Thai",850,Indian Rupees(Rs.),Yes,No,3.0,8
302188,The Gem Bar & Restaurant,1,New Delhi,"Continental, North Indian, Chinese",1400,Indian Rupees(Rs.),Yes,No,3.2,18
18017258,The Indian Grill Restaurant,1,New Delhi,"North Indian, Continental",600,Indian Rupees(Rs.),No,No,2.8,10
3094,True Blue,1,New Delhi,"North Indian, Mughlai, Chinese",900,Indian Rupees(Rs.),Yes,No,3.0,11
3118,U Like,1,New Delhi,North Indian,600,Indian Rupees(Rs.),No,No,3.0,16
6359,Vaga Bond,1,New Delhi,"North Indian, Chinese, Continental",550,Indian Rupees(Rs.),No,No,2.9,7
18252250,Vrinda Vaishno Dhaba,1,New Delhi,North Indian,200,Indian Rupees(Rs.),No,No,2.8,4
5949,White Heart Restro Bar,1,New Delhi,North Indian,1100,Indian Rupees(Rs.),Yes,No,2.7,13
18409188,Haldiram Bhujiawala,1,New Delhi,"Street Food, North Indian, South Indian, Mithai",400,Indian Rupees(Rs.),No,No,3.5,27
5753,Maa Bhagwati,1,New Delhi,North Indian,400,Indian Rupees(Rs.),No,No,3.5,39
18354666,Cafe Brownie,1,New Delhi,"Cafe, Italian",600,Indian Rupees(Rs.),No,No,0.0,3
305025,Cafexpress,1,New Delhi,Beverages,100,Indian Rupees(Rs.),No,No,0.0,1
311468,Mauja Hi Mauja,1,New Delhi,Street Food,100,Indian Rupees(Rs.),No,No,0.0,1
18381669,Metro Bar & Family Restaurant,1,New Delhi,"North Indian, Chinese",1000,Indian Rupees(Rs.),No,No,0.0,2
18273527,Bajaj Vaishno Dhaba,1,New Delhi,North Indian,400,Indian Rupees(Rs.),No,No,2.2,16
6075,Sita Ram Diwan Chand,1,New Delhi,Street Food,100,Indian Rupees(Rs.),No,Yes,4.3,1317
306750,Aayush Food Plaza,1,New Delhi,"Chinese, Fast Food",300,Indian Rupees(Rs.),No,No,2.9,5
306739,Ankit Fast Food Corner,1,New Delhi,Chinese,200,Indian Rupees(Rs.),No,No,2.9,5
18312564,Da Pizza Corner,1,New Delhi,"Fast Food, Pizza",600,Indian Rupees(Rs.),No,No,3.0,7
306741,Mughal Zaika Chicken Point,1,New Delhi,"North Indian, Mughlai, Chinese",400,Indian Rupees(Rs.),No,No,2.9,4
9974,Nawab Restaurant,1,New Delhi,"North Indian, Mughlai",400,Indian Rupees(Rs.),No,No,2.9,7
300529,New Bikaner Sweets,1,New Delhi,"Street Food, Desserts",200,Indian Rupees(Rs.),No,No,3.0,10
312169,Pizza Yum,1,New Delhi,"Pizza, Fast Food",650,Indian Rupees(Rs.),No,No,2.7,8
301783,Radhika Sweets,1,New Delhi,"Desserts, Street Food",100,Indian Rupees(Rs.),No,No,2.9,5
9218,Satguru Di Hatti,1,New Delhi,North Indian,200,Indian Rupees(Rs.),No,No,2.8,6
301994,Sher-E-Punjab,1,New Delhi,North Indian,450,Indian Rupees(Rs.),No,No,3.0,5
306729,Shudh Vaishno Amritsari Naan,1,New Delhi,North Indian,150,Indian Rupees(Rs.),No,No,3.0,6
9207,Sumit Sweets,1,New Delhi,"Mithai, Street Food",100,Indian Rupees(Rs.),No,No,2.8,6
306743,Aggarwal Bikaner Wala,1,New Delhi,"Mithai, Street Food",100,Indian Rupees(Rs.),No,No,0.0,2
306733,Aggarwal Sweet Centre,1,New Delhi,North Indian,150,Indian Rupees(Rs.),No,No,0.0,2
302042,Aggarwal Sweet India,1,New Delhi,Mithai,100,Indian Rupees(Rs.),No,No,0.0,2
18231755,Aggarwal Sweets Centre,1,New Delhi,"Mithai, Street Food, North Indian, South Indian",200,Indian Rupees(Rs.),No,No,0.0,1
18228878,Aggarwal Sweets,1,New Delhi,North Indian,300,Indian Rupees(Rs.),No,No,0.0,0
302011,Anupama Snacks and Sweets Corner,1,New Delhi,Mithai,100,Indian Rupees(Rs.),No,No,0.0,1
18366001,Baba Ka Dhaba,1,New Delhi,North Indian,200,Indian Rupees(Rs.),No,No,0.0,0
18368020,Balaji Eating Point,1,New Delhi,North Indian,200,Indian Rupees(Rs.),No,No,0.0,1
301786,Bhagat Ji Sweets,1,New Delhi,Fast Food,200,Indian Rupees(Rs.),No,No,0.0,0
302221,Bikaner Sweet Corner,1,New Delhi,"Mithai, Street Food",100,Indian Rupees(Rs.),No,No,0.0,1
302175,Chavi Food Point,1,New Delhi,North Indian,350,Indian Rupees(Rs.),No,No,0.0,2
18431171,Cook & Connect,1,New Delhi,"North Indian, Mughlai, Chinese",600,Indian Rupees(Rs.),No,No,0.0,1
17989108,Dinesh Ka Mithila Dhaba,1,New Delhi,North Indian,150,Indian Rupees(Rs.),No,No,0.0,0
18449798,Domino's Pizza,1,New Delhi,"Pizza, Fast Food",700,Indian Rupees(Rs.),No,No,0.0,1
313287,Flavors Of London,1,New Delhi,"Desserts, Ice Cream, Fast Food",200,Indian Rupees(Rs.),No,No,0.0,1
312161,Flavours Of London,1,New Delhi,"Ice Cream, Bakery",200,Indian Rupees(Rs.),No,No,0.0,0
18368003,Foji Bhai Hotel,1,New Delhi,North Indian,100,Indian Rupees(Rs.),No,No,0.0,0
312153,Green Chilli,1,New Delhi,Chinese,200,Indian Rupees(Rs.),No,No,0.0,2
18449651,Hook N Cook,1,New Delhi,Chinese,600,Indian Rupees(Rs.),No,No,0.0,2
18431159,Hyderabadi & Muradabadi Chicken Corner,1,New Delhi,Mughlai,450,Indian Rupees(Rs.),No,No,0.0,1
18350870,It's Pizza Town,1,New Delhi,"Pizza, Fast Food",500,Indian Rupees(Rs.),No,No,0.0,1
302002,ITO Ke Mashoor Chole Bhature,1,New Delhi,Street Food,100,Indian Rupees(Rs.),No,No,0.0,1
312146,Janta Special Lassi Corner,1,New Delhi,Street Food,150,Indian Rupees(Rs.),No,No,0.0,3
18431173,Kairi The Royal Taste,1,New Delhi,"North Indian, South Indian, Chinese",400,Indian Rupees(Rs.),No,No,0.0,0
18372324,Kasba,1,New Delhi,Chinese,250,Indian Rupees(Rs.),No,No,0.0,0
18445631,Kayasthas Food Junction,1,New Delhi,"Chinese, Fast Food",200,Indian Rupees(Rs.),No,No,0.0,1
18431151,KGN Chicken Corner,1,New Delhi,Mughlai,350,Indian Rupees(Rs.),No,No,0.0,1
18378581,Maggi Point,1,New Delhi,"Chinese, North Indian",350,Indian Rupees(Rs.),No,No,0.0,0
18406823,Momozone,1,New Delhi,Fast Food,150,Indian Rupees(Rs.),No,No,0.0,0
301867,Munna Bakery,1,New Delhi,Bakery,100,Indian Rupees(Rs.),No,No,0.0,3
306657,N.S. Pizza Point,1,New Delhi,Pizza,200,Indian Rupees(Rs.),No,No,0.0,0
306747,Nand Bhai Chholey Bhature,1,New Delhi,Street Food,100,Indian Rupees(Rs.),No,No,0.0,1
18376478,New Lazeez Tandoor,1,New Delhi,"North Indian, Chinese",500,Indian Rupees(Rs.),No,No,0.0,2
301775,Pizza Day,1,New Delhi,"Pizza, Fast Food",500,Indian Rupees(Rs.),No,No,0.0,2
313012,Pizza Day,1,New Delhi,"Pizza, Fast Food",500,Indian Rupees(Rs.),No,Yes,0.0,2
18466429,Pritam Tiffin Service,1,New Delhi,North Indian,100,Indian Rupees(Rs.),No,No,0.0,0
18222029,Rana Sweets and Restaurant,1,New Delhi,"North Indian, Fast Food, Mithai",200,Indian Rupees(Rs.),No,No,0.0,1
302782,Rastogi Sweets & Caterers,1,New Delhi,"Mithai, Street Food",100,Indian Rupees(Rs.),No,No,0.0,1
18440259,Recipe Tadka,1,New Delhi,North Indian,500,Indian Rupees(Rs.),No,No,0.0,3
18369764,Sahi Pakde Hain,1,New Delhi,"North Indian, Mughlai, Chinese",550,Indian Rupees(Rs.),No,No,0.0,0
17989110,Sher e Punjab Rasoi,1,New Delhi,North Indian,400,Indian Rupees(Rs.),No,No,0.0,1
18369751,Shyam Rasoi,1,New Delhi,North Indian,200,Indian Rupees(Rs.),No,No,0.0,1
302046,Subhan Chicken Biryani,1,New Delhi,Biryani,200,Indian Rupees(Rs.),No,No,0.0,1
18431105,Surprise - Bakers & Bites,1,New Delhi,"Bakery, Fast Food",400,Indian Rupees(Rs.),No,No,0.0,0
18489651,The Night Rider,1,New Delhi,"North Indian, Chinese",500,Indian Rupees(Rs.),No,No,0.0,1
306749,Vikram Ji Snacks,1,New Delhi,Fast Food,200,Indian Rupees(Rs.),No,No,0.0,3
308128,Yadav Chaat Bhandar,1,New Delhi,Street Food,100,Indian Rupees(Rs.),No,No,0.0,1
306653,Yadav Ji Chholey Bhature,1,New Delhi,Street Food,50,Indian Rupees(Rs.),No,No,0.0,1
18433910,Burger King,1,New Delhi,"Burger, Fast Food",500,Indian Rupees(Rs.),No,No,3.2,10
18435287,Chaayos,1,New Delhi,"Cafe, Tea",400,Indian Rupees(Rs.),No,Yes,3.2,4
18433897,Berco's,1,New Delhi,"Chinese, Thai",900,Indian Rupees(Rs.),No,No,0.0,2
18435820,Chicago Pizza,1,New Delhi,Pizza,600,Indian Rupees(Rs.),No,No,0.0,0
18435289,Domino's Pizza,1,New Delhi,"Pizza, Fast Food",700,Indian Rupees(Rs.),No,No,0.0,0
18438424,Dunkin' Donuts,1,New Delhi,"Burger, Desserts, Fast Food",600,Indian Rupees(Rs.),No,No,0.0,0
18435290,Keventers,1,New Delhi,Beverages,400,Indian Rupees(Rs.),No,No,0.0,2
18433864,Khan Chacha,1,New Delhi,"Mughlai, North Indian",650,Indian Rupees(Rs.),No,No,0.0,1
18435829,Wow! Momo,1,New Delhi,"Chinese, Fast Food",350,Indian Rupees(Rs.),No,No,0.0,0
7618,Aalis Kathi Kabab,1,New Delhi,"Fast Food, North Indian",400,Indian Rupees(Rs.),No,No,3.3,46
3637,Dill's Chawla Chik Inn,1,New Delhi,"North Indian, Mughlai",550,Indian Rupees(Rs.),No,Yes,3.4,66
302277,Ipshita's Cakes Mamma Bakes,1,New Delhi,Bakery,700,Indian Rupees(Rs.),No,No,3.1,11
18216942,Big Wong,1,New Delhi,"Chinese, Thai",900,Indian Rupees(Rs.),No,Yes,4.3,108
5784,Giani's,1,New Delhi,"Ice Cream, Desserts",400,Indian Rupees(Rs.),No,No,3.3,39
5783,Baskin Robbins,1,New Delhi,Ice Cream,300,Indian Rupees(Rs.),No,No,3.5,39
800,Chicken Inn,1,New Delhi,"North Indian, Mughlai, Chinese",1500,Indian Rupees(Rs.),Yes,Yes,3.6,447
73,Ichiban,1,New Delhi,"Chinese, Thai, Japanese",1200,Indian Rupees(Rs.),Yes,Yes,3.9,768
308537,Krishna Di Kulfi,1,New Delhi,"Ice Cream, Desserts",200,Indian Rupees(Rs.),No,No,3.8,154
803,Pindi,1,New Delhi,"North Indian, Mughlai, Chinese",1700,Indian Rupees(Rs.),Yes,Yes,3.8,337
103,Veg Gulati,1,New Delhi,North Indian,1200,Indian Rupees(Rs.),No,Yes,3.8,600
18421051,Chor Bizarre,1,New Delhi,North Indian,1600,Indian Rupees(Rs.),Yes,No,4.4,64
799,Gulati,1,New Delhi,"North Indian, Mughlai",1500,Indian Rupees(Rs.),No,Yes,4.4,4373
801,Havemore,1,New Delhi,North Indian,1500,Indian Rupees(Rs.),Yes,No,4.1,1157
308845,Aggarwal Sweets,1,New Delhi,Street Food,250,Indian Rupees(Rs.),No,No,2.9,5
306826,Om Sai Dosa Corner,1,New Delhi,"South Indian, Chinese",350,Indian Rupees(Rs.),No,No,2.9,4
18432030,Angelena Restaurant,1,New Delhi,"North Indian, Chinese",350,Indian Rupees(Rs.),No,No,0.0,0
18466825,Chennai Dosa Express,1,New Delhi,South Indian,300,Indian Rupees(Rs.),No,No,0.0,1
18491638,Chennai Dosa Xpress,1,New Delhi,South Indian,300,Indian Rupees(Rs.),No,No,0.0,1
18499474,Domino's Pizza,1,New Delhi,"Pizza, Fast Food",700,Indian Rupees(Rs.),No,No,0.0,0
18440169,Foodizm,1,New Delhi,"North Indian, Chinese",250,Indian Rupees(Rs.),No,No,0.0,0
18393448,Healthy Nutrienty,1,New Delhi,"Beverages, Healthy Food",250,Indian Rupees(Rs.),No,No,0.0,0
18294222,Kalka Ji Rasoi,1,New Delhi,"Street Food, Chinese",200,Indian Rupees(Rs.),No,No,0.0,0
18232109,Kolkata Biriyani On Call,1,New Delhi,Biryani,500,Indian Rupees(Rs.),No,No,0.0,0
303468,Mahavir Sweets,1,New Delhi,Mithai,250,Indian Rupees(Rs.),No,No,0.0,1
18289272,Massi's Kitchen,1,New Delhi,North Indian,200,Indian Rupees(Rs.),No,No,0.0,0
18440436,New Shama Chicken Restaurant,1,New Delhi,Biryani,350,Indian Rupees(Rs.),No,No,0.0,0
18372299,Pizza King,1,New Delhi,Pizza,600,Indian Rupees(Rs.),No,No,0.0,0
18244429,Raj Shri,1,New Delhi,North Indian,200,Indian Rupees(Rs.),No,No,0.0,0
18449949,Roll Junction,1,New Delhi,North Indian,150,Indian Rupees(Rs.),No,No,0.0,0
311199,Sai Bhojanalay,1,New Delhi,North Indian,300,Indian Rupees(Rs.),No,No,0.0,3
300801,Shree Balaji Caterers,1,New Delhi,"Mughlai, Fast Food",300,Indian Rupees(Rs.),No,No,0.0,1
18293989,Smily Cakes,1,New Delhi,Bakery,250,Indian Rupees(Rs.),No,No,0.0,0
18440163,Zaika Restaurant,1,New Delhi,"Mughlai, North Indian",350,Indian Rupees(Rs.),No,No,0.0,0
18303817,"34, Chowringhee Lane",1,New Delhi,Fast Food,350,Indian Rupees(Rs.),No,Yes,2.7,30
312913,A Pizza House,1,New Delhi,"Pizza, Fast Food",500,Indian Rupees(Rs.),No,Yes,2.9,38
5645,Amrit Family Rasoi,1,New Delhi,"Chinese, North Indian",400,Indian Rupees(Rs.),No,No,2.8,53
312387,Bake Club,1,New Delhi,"Bakery, Fast Food",250,Indian Rupees(Rs.),No,Yes,3.1,15
5594,Cafe Coffee Day,1,New Delhi,Cafe,450,Indian Rupees(Rs.),No,No,3.3,40
18175309,Cake O Frost,1,New Delhi,Bakery,350,Indian Rupees(Rs.),No,No,3.3,14
312990,Chawla Kitchen,1,New Delhi,"North Indian, Mughlai, Chinese",600,Indian Rupees(Rs.),No,Yes,3.3,49
18233577,Cherry Fresh,1,New Delhi,"Ice Cream, Desserts",200,Indian Rupees(Rs.),No,Yes,3.3,21
309836,Chocooze,1,New Delhi,Bakery,300,Indian Rupees(Rs.),No,No,3.2,9
7692,Chuk Chuk Mail,1,New Delhi,"Chinese, Fast Food",300,Indian Rupees(Rs.),No,No,2.9,44
18224548,Da Pizza Bakers,1,New Delhi,Pizza,500,Indian Rupees(Rs.),No,Yes,3.1,24
213,Domino's Pizza,1,New Delhi,"Pizza, Fast Food",700,Indian Rupees(Rs.),No,No,3.2,111
7488,Green Chick Chop,1,New Delhi,"Raw Meats, North Indian, Fast Food",350,Indian Rupees(Rs.),No,Yes,3.3,51
18356817,Grill Zone,1,New Delhi,"Fast Food, Italian, Pizza",300,Indian Rupees(Rs.),No,Yes,3.4,23
1987,Grover Mithaivala,1,New Delhi,"Mithai, Street Food",100,Indian Rupees(Rs.),No,No,3.4,46
18241871,Hong Kong Express,1,New Delhi,"Chinese, Thai",700,Indian Rupees(Rs.),No,Yes,3.2,50
300337,Hot Spot Roll Corner,1,New Delhi,Fast Food,150,Indian Rupees(Rs.),No,No,3.2,34
18232113,Jaiveer Naan & Chaap,1,New Delhi,North Indian,400,Indian Rupees(Rs.),No,Yes,3.4,27
303018,Jaiveer Naan & Chaap,1,New Delhi,North Indian,300,Indian Rupees(Rs.),No,No,3.1,27
300318,Kabab Hut,1,New Delhi,North Indian,600,Indian Rupees(Rs.),No,Yes,2.9,37
18070479,Kabbaba,1,New Delhi,"North Indian, Chinese, Fast Food",500,Indian Rupees(Rs.),No,Yes,3.3,31
9956,McDonald's,1,New Delhi,"Fast Food, Burger",500,Indian Rupees(Rs.),No,Yes,3.3,94
5652,New Durga Corner,1,New Delhi,South Indian,250,Indian Rupees(Rs.),No,No,3.2,37
7330,New Durga Dosa Corner,1,New Delhi,"South Indian, Fast Food",300,Indian Rupees(Rs.),No,Yes,3.0,43
4801,Pishori Chicken,1,New Delhi,North Indian,700,Indian Rupees(Rs.),No,No,3.4,46
9853,Pizza Break,1,New Delhi,"Pizza, Fast Food",800,Indian Rupees(Rs.),No,Yes,3.4,75
308929,Pizza Hut Delivery,1,New Delhi,"Italian, Pizza, Fast Food",800,Indian Rupees(Rs.),No,Yes,3.1,58
300344,PK Shoppe,1,New Delhi,Fast Food,200,Indian Rupees(Rs.),No,No,2.7,36
18372287,Pudding & Pie,1,New Delhi,"Bakery, Desserts, Fast Food",450,Indian Rupees(Rs.),No,No,2.7,16
18198449,Punjabi Angithi,1,New Delhi,"North Indian, South Indian, Chinese",400,Indian Rupees(Rs.),No,No,3.3,31
300343,Punjabi Handi,1,New Delhi,"North Indian, Chinese",650,Indian Rupees(Rs.),No,Yes,3.4,39
300323,Quality Cake Shop,1,New Delhi,"Desserts, Fast Food, Chinese",350,Indian Rupees(Rs.),No,Yes,3.2,92
2366,Rahul's Rasoi,1,New Delhi,"North Indian, Chinese",600,Indian Rupees(Rs.),No,Yes,2.5,78
300334,RTW,1,New Delhi,Street Food,150,Indian Rupees(Rs.),No,No,2.6,49
300321,Sahib e Aalam,1,New Delhi,"North Indian, Mughlai",450,Indian Rupees(Rs.),No,No,3.2,49
5655,Shree Durga Dosa,1,New Delhi,"South Indian, Chinese",250,Indian Rupees(Rs.),No,No,3.4,35
7274,Shree Durga Dosa,1,New Delhi,"South Indian, Chinese",250,Indian Rupees(Rs.),No,No,2.7,27
9670,Shree Rathnam,1,New Delhi,"South Indian, North Indian, Chinese",800,Indian Rupees(Rs.),Yes,Yes,3.2,95
311957,Sunil Momos.Com,1,New Delhi,Chinese,200,Indian Rupees(Rs.),No,Yes,3.4,65
1990,Temptation Food,1,New Delhi,"Chinese, Fast Food",300,Indian Rupees(Rs.),No,No,2.8,29
18279470,Wheelyz,1,New Delhi,"North Indian, Chinese, Fast Food",550,Indian Rupees(Rs.),No,No,3.2,32
307965,Ashok Meat Wala,1,New Delhi,Mughlai,500,Indian Rupees(Rs.),No,No,3.6,40
18336183,Biryani Sons & Co.,1,New Delhi,"Biryani, North Indian",400,Indian Rupees(Rs.),No,Yes,3.8,63
18472416,Curry Tree,1,New Delhi,North Indian,700,Indian Rupees(Rs.),No,No,3.5,18
306636,Deli 63,1,New Delhi,"Fast Food, Street Food",300,Indian Rupees(Rs.),No,Yes,3.6,52
300335,Friends Shawarma,1,New Delhi,"North Indian, Mughlai",350,Indian Rupees(Rs.),No,No,3.5,107
311379,Ganesh Restaurant,1,New Delhi,"North Indian, Mughlai",550,Indian Rupees(Rs.),No,Yes,3.8,105
18379474,Kake Da Hotel,1,New Delhi,North Indian,600,Indian Rupees(Rs.),No,Yes,3.6,29
309307,Nirmal Vada Pav,1,New Delhi,Street Food,200,Indian Rupees(Rs.),No,Yes,3.5,75
312425,Oasis Baklawa,1,New Delhi,Fast Food,400,Indian Rupees(Rs.),No,Yes,3.5,76
7291,Puri Bakers,1,New Delhi,"Bakery, Fast Food",300,Indian Rupees(Rs.),No,Yes,3.6,108
18163915,Wonder Taste of Spices,1,New Delhi,"North Indian, Chinese, Fast Food",600,Indian Rupees(Rs.),No,Yes,3.6,75
18233583,Biryaniwala,1,New Delhi,"Biryani, North Indian",300,Indian Rupees(Rs.),No,Yes,2.1,68
310630,Firangi N More,1,New Delhi,"Chinese, Fast Food",400,Indian Rupees(Rs.),No,Yes,2.2,43
7271,Pakwan,1,New Delhi,"North Indian, Chinese, Mughlai",700,Indian Rupees(Rs.),No,Yes,2.1,45
18138442,Subway,1,New Delhi,"American, Fast Food, Salad, Healthy Food",500,Indian Rupees(Rs.),No,Yes,2.3,31
308559,24x7,1,New Delhi,"North Indian, Continental, Chinese",1200,Indian Rupees(Rs.),Yes,No,3.1,18
18358841,Cafe Cook,1,New Delhi,"Fast Food, Desserts",400,Indian Rupees(Rs.),No,Yes,2.8,15
18397140,La-Nawaab,1,New Delhi,"North Indian, Mughlai, Chinese",500,Indian Rupees(Rs.),No,No,3.0,5
18168171,Roadside Cafe,1,New Delhi,"Chinese, North Indian",450,Indian Rupees(Rs.),No,Yes,2.8,55
18458961,Royal India Food Plaza,1,New Delhi,North Indian,400,Indian Rupees(Rs.),No,No,3.2,12
18208914,Sir John Bakery Cafe,1,New Delhi,"Bakery, Desserts, Fast Food",500,Indian Rupees(Rs.),No,Yes,3.4,27
18231410,Bikku Bakes,1,New Delhi,"Bakery, Desserts",300,Indian Rupees(Rs.),No,No,3.7,59
18037850,Giani,1,New Delhi,"Ice Cream, Desserts",400,Indian Rupees(Rs.),No,No,3.5,65
307501,Zune - Piccadily Hotel,1,New Delhi,"North Indian, Kashmiri, Mughlai",2000,Indian Rupees(Rs.),Yes,No,2.6,67
3362,361 Restaurant & Banquet,1,New Delhi,"North Indian, Chinese, Seafood",1100,Indian Rupees(Rs.),Yes,Yes,3.4,67
18424879,6 Pack Momos,1,New Delhi,Chinese,300,Indian Rupees(Rs.),No,No,2.8,7
18363074,Amritsari Kulcha,1,New Delhi,North Indian,100,Indian Rupees(Rs.),No,No,3.1,4
18386078,Bake Houz,1,New Delhi,Bakery,300,Indian Rupees(Rs.),No,Yes,3.0,4
313146,Ben's Foods,1,New Delhi,"North Indian, Chinese",350,Indian Rupees(Rs.),No,Yes,3.2,9
3967,Bobby Punjabi Rasoi,1,New Delhi,"North Indian, Mughlai",650,Indian Rupees(Rs.),No,Yes,2.6,113
18378050,Bromfy Public House,1,New Delhi,"Continental, Italian, North Indian, Lebanese",1600,Indian Rupees(Rs.),No,No,2.8,27
309685,BTW,1,New Delhi,"Street Food, South Indian",400,Indian Rupees(Rs.),No,No,2.8,63
8940,Chacha Shankar,1,New Delhi,North Indian,650,Indian Rupees(Rs.),No,No,3.2,29
300672,Chaska,1,New Delhi,"North Indian, South Indian, Chinese, Fast Food",500,Indian Rupees(Rs.),No,Yes,3.2,161
313355,Chatore.e.e,1,New Delhi,"North Indian, Mughlai, Chinese",400,Indian Rupees(Rs.),No,Yes,3.2,38
2958,Chawla's Tandoori Xpress,1,New Delhi,"North Indian, Mughlai",600,Indian Rupees(Rs.),No,No,2.5,75
304093,Chawla's Tandoori Xpress,1,New Delhi,"North Indian, Mughlai",600,Indian Rupees(Rs.),No,No,3.2,45
6453,Chinese Hut,1,New Delhi,Chinese,450,Indian Rupees(Rs.),No,Yes,2.9,60
18456456,Culinaria,1,New Delhi,"North Indian, Chinese, Continental, Thai",1000,Indian Rupees(Rs.),Yes,No,3.3,10
18306511,Deli Cake Cafe,1,New Delhi,"Bakery, Fast Food, Chinese",250,Indian Rupees(Rs.),No,Yes,3.4,33
214,Domino's Pizza,1,New Delhi,"Pizza, Fast Food",700,Indian Rupees(Rs.),No,No,3.2,73
3892,Domino's Pizza,1,New Delhi,"Pizza, Fast Food",700,Indian Rupees(Rs.),No,No,2.6,65
300873,Dragon Hut,1,New Delhi,"Chinese, Fast Food",400,Indian Rupees(Rs.),No,Yes,3.3,72
307419,Frontier Restaurant,1,New Delhi,"North Indian, Chinese",600,Indian Rupees(Rs.),No,No,2.5,7
5862,Giani's,1,New Delhi,"Ice Cream, Desserts",400,Indian Rupees(Rs.),No,Yes,3.1,36
18477957,Giani,1,New Delhi,"Ice Cream, Desserts",400,Indian Rupees(Rs.),No,No,2.9,6
18398575,Grand Bikaner,1,New Delhi,"Mithai, Street Food",200,Indian Rupees(Rs.),No,Yes,3.0,5
1123,Hill Chillz 26,1,New Delhi,"Ice Cream, Desserts",150,Indian Rupees(Rs.),No,No,3.1,41
313443,K's Town,1,New Delhi,"North Indian, Mughlai",500,Indian Rupees(Rs.),No,Yes,2.8,20
306816,Laxmi Ice Cream Parlour,1,New Delhi,"Ice Cream, Desserts",200,Indian Rupees(Rs.),No,No,3.1,12
312471,Make My Day,1,New Delhi,"Desserts, Bakery, Fast Food",400,Indian Rupees(Rs.),No,Yes,3.1,25
194,McDonald's,1,New Delhi,"Fast Food, Burger",500,Indian Rupees(Rs.),No,Yes,3.3,58
1959,Mikky Peshawari,1,New Delhi,"North Indian, Mughlai",600,Indian Rupees(Rs.),No,Yes,2.8,49
17977763,Moroca,1,New Delhi,Fast Food,350,Indian Rupees(Rs.),No,Yes,3.2,31
8941,New Punjabi Dhaba and Caterers,1,New Delhi,"North Indian, Chinese",400,Indian Rupees(Rs.),No,No,3.2,39
308607,Pandey Chinese Hut,1,New Delhi,"Chinese, Fast Food",500,Indian Rupees(Rs.),No,Yes,2.7,43
313442,Pandey Chinese Hut,1,New Delhi,"Chinese, Fast Food",500,Indian Rupees(Rs.),No,Yes,2.7,7
18358201,Peppers & Pipes,1,New Delhi,"Chinese, Italian, Continental",600,Indian Rupees(Rs.),No,Yes,3.1,15
5392,Punjabi Zaika,1,New Delhi,"North Indian, Chinese",400,Indian Rupees(Rs.),No,No,3.3,110
312334,Punjabi's Eating Hub,1,New Delhi,"North Indian, Chinese",550,Indian Rupees(Rs.),No,Yes,3.3,31
18396440,Punjabian Di Shaan,1,New Delhi,"North Indian, Mughlai, Chinese",500,Indian Rupees(Rs.),No,Yes,2.6,4
3966,Puran Chand,1,New Delhi,North Indian,750,Indian Rupees(Rs.),No,Yes,2.6,48
304389,Ram Chinese Food,1,New Delhi,Chinese,400,Indian Rupees(Rs.),No,No,2.9,9
18175260,Rooftop,1,New Delhi,"North Indian, Chinese, Italian",600,Indian Rupees(Rs.),No,Yes,3.3,24
18057827,Ruchi's Food Junction,1,New Delhi,"North Indian, Mughlai",400,Indian Rupees(Rs.),No,Yes,2.7,8
8961,Sahni Veg & Non Veg,1,New Delhi,"North Indian, Mughlai",600,Indian Rupees(Rs.),No,No,3.1,26
312327,Shiv Chinese Chat Bhandar,1,New Delhi,Chinese,400,Indian Rupees(Rs.),No,No,3.1,13
306809,Shutup 'N' Eat,1,New Delhi,"North Indian, Fast Food",500,Indian Rupees(Rs.),No,Yes,3.2,158
9792,Sindhi Chicken Corner,1,New Delhi,"North Indian, Mughlai",600,Indian Rupees(Rs.),No,Yes,3.0,80
18218787,Smokshh The Lounge,1,New Delhi,"Cafe, North Indian, Chinese",600,Indian Rupees(Rs.),No,No,3.4,25
311512,Subway,1,New Delhi,"American, Fast Food, Salad, Healthy Food",500,Indian Rupees(Rs.),No,Yes,3.3,77
18421020,The Blessing Bliss,1,New Delhi,"North Indian, Continental, Chinese",1000,Indian Rupees(Rs.),Yes,No,3.4,21
308364,The Butter Cup,1,New Delhi,"Bakery, Desserts",400,Indian Rupees(Rs.),No,No,3.0,7
307276,The Cake Bucks,1,New Delhi,"Bakery, Fast Food, Chinese",300,Indian Rupees(Rs.),No,Yes,3.3,85
18350101,The Taste of Delhi,1,New Delhi,North Indian,500,Indian Rupees(Rs.),No,Yes,3.3,128
18361220,The Taste,1,New Delhi,"Chinese, Fast Food",250,Indian Rupees(Rs.),No,No,3.0,4
311576,VadaPav 'n' Frankie,1,New Delhi,Fast Food,100,Indian Rupees(Rs.),No,No,3.0,5
300836,Vaishnav Chat & Caterers,1,New Delhi,"Street Food, North Indian",300,Indian Rupees(Rs.),No,No,3.3,34
18265418,Yellowtail,1,New Delhi,"North Indian, Chinese, Fast Food",600,Indian Rupees(Rs.),No,Yes,3.1,19
18017253,Baker's Stop,1,New Delhi,"Bakery, Desserts, Fast Food",350,Indian Rupees(Rs.),No,No,3.7,71
300872,Bansal Sweets,1,New Delhi,Mithai,100,Indian Rupees(Rs.),No,No,3.9,91
3333,Bharat Sweets,1,New Delhi,"Mithai, Street Food",250,Indian Rupees(Rs.),No,No,3.5,26
6451,Dosa Corner,1,New Delhi,"South Indian, Chinese",300,Indian Rupees(Rs.),No,No,3.6,93
6454,Green Chick Chop,1,New Delhi,"Raw Meats, North Indian, Fast Food",350,Indian Rupees(Rs.),No,No,3.6,68
18476960,Greenvich,1,New Delhi,"Chinese, Continental",350,Indian Rupees(Rs.),No,No,3.6,40
18398592,Hamburg To Hyderabad,1,New Delhi,"Hyderabadi, Fast Food",300,Indian Rupees(Rs.),No,Yes,3.9,63
18265676,I Food You,1,New Delhi,"Continental, North Indian",600,Indian Rupees(Rs.),No,Yes,3.9,92
3080,Kay's Chicken Corner,1,New Delhi,"Mughlai, North Indian, Chinese",700,Indian Rupees(Rs.),No,No,3.6,103
313173,Lanche,1,New Delhi,"Fast Food, Healthy Food",600,Indian Rupees(Rs.),No,No,3.7,105
18476896,Marshmallow Cakes & More,1,New Delhi,Bakery,300,Indian Rupees(Rs.),No,No,3.5,10
306011,Om Corner,1,New Delhi,Street Food,100,Indian Rupees(Rs.),No,No,3.7,57
4683,Peshawari,1,New Delhi,North Indian,500,Indian Rupees(Rs.),No,No,3.6,79
18222572,Puri Bakers,1,New Delhi,"Bakery, Fast Food",300,Indian Rupees(Rs.),No,Yes,3.9,72
18464054,Republic Of Food Lovers,1,New Delhi,Fast Food,400,Indian Rupees(Rs.),No,No,3.6,27
8964,Sharma Bakers,1,New Delhi,Bakery,200,Indian Rupees(Rs.),No,Yes,3.5,33
18322667,Street Hawkers,1,New Delhi,"Chinese, Beverages",350,Indian Rupees(Rs.),No,Yes,3.5,32
311209,The Midnight Heroes,1,New Delhi,"North Indian, Biryani, Chinese, Fast Food",950,Indian Rupees(Rs.),No,Yes,3.6,379
6449,Tilak Munjal-R Panchkuian Samose Wale,1,New Delhi,Street Food,100,Indian Rupees(Rs.),No,Yes,3.5,98
18363081,3x Cafe,1,New Delhi,"Fast Food, Desserts, Beverages",450,Indian Rupees(Rs.),No,No,0.0,0
18451571,Amritsari Naan,1,New Delhi,North Indian,200,Indian Rupees(Rs.),No,No,0.0,0
18359282,Chinese Tadka,1,New Delhi,Chinese,250,Indian Rupees(Rs.),No,No,0.0,0
18361222,Dinesh Meat Wala,1,New Delhi,Mughlai,400,Indian Rupees(Rs.),No,No,0.0,0
18358182,Jeet Pizza,1,New Delhi,"Pizza, Fast Food",200,Indian Rupees(Rs.),No,Yes,0.0,3
18361223,New South Indian & Chinese Foods,1,New Delhi,"South Indian, Chinese",200,Indian Rupees(Rs.),No,No,0.0,2
18451573,Niti Shake & Ice Cream Hub,1,New Delhi,"Desserts, Beverages",200,Indian Rupees(Rs.),No,No,0.0,2
18396396,Yumbuns,1,New Delhi,Fast Food,200,Indian Rupees(Rs.),No,No,0.0,1
312763,Giri Momos Centre & Chinese Fast Food,1,New Delhi,Chinese,300,Indian Rupees(Rs.),No,Yes,2.4,69
307444,Laalwala's,1,New Delhi,"North Indian, Mithai, South Indian, Street Food, Chinese",500,Indian Rupees(Rs.),No,Yes,2.4,37
305398,Sagar Ratna,1,New Delhi,"South Indian, North Indian, Chinese",600,Indian Rupees(Rs.),No,Yes,2.3,131
302815,Babu Shahi Bawarchi,1,New Delhi,Biryani,300,Indian Rupees(Rs.),No,No,3.3,100
305525,Cafe Lota,1,New Delhi,"North Indian, South Indian, Bihari",1200,Indian Rupees(Rs.),No,No,4.5,2213
313481,Bombay's Royal China,1,New Delhi,"Chinese, Fast Food",600,Indian Rupees(Rs.),No,No,3.2,17
18359287,Chin China,1,New Delhi,Chinese,150,Indian Rupees(Rs.),No,No,3.1,9
18199151,Cholkat,1,New Delhi,"Bakery, Desserts",500,Indian Rupees(Rs.),No,No,3.0,4
311162,Deluxe Butter Omlette,1,New Delhi,Fast Food,200,Indian Rupees(Rs.),No,No,3.3,13
18204823,Giani's,1,New Delhi,"Ice Cream, Desserts",400,Indian Rupees(Rs.),No,No,3.0,12
302465,Kanha Sweets,1,New Delhi,"Street Food, Mithai",150,Indian Rupees(Rs.),No,No,2.8,24
18359296,Liquid,1,New Delhi,"North Indian, Mughlai, Chinese",2400,Indian Rupees(Rs.),Yes,No,3.2,11
300925,Papa Chinese Veg Food,1,New Delhi,Chinese,350,Indian Rupees(Rs.),No,No,2.8,12
307026,Punjab To China,1,New Delhi,"Chinese, North Indian",550,Indian Rupees(Rs.),No,No,3.2,19
18352220,Chocolacious by WedCraft,1,New Delhi,"Bakery, Desserts",300,Indian Rupees(Rs.),No,No,0.0,0
18359300,Frontier,1,New Delhi,Bakery,200,Indian Rupees(Rs.),No,No,0.0,0
18445759,Gopal Ji Rasoi Wala,1,New Delhi,North Indian,200,Indian Rupees(Rs.),No,No,0.0,2
18435210,Kanuchawala,1,New Delhi,"North Indian, Chinese",400,Indian Rupees(Rs.),No,No,0.0,0
18430914,Keventers,1,New Delhi,Beverages,400,Indian Rupees(Rs.),No,No,0.0,3
18216703,Muncheezz,1,New Delhi,Chinese,300,Indian Rupees(Rs.),No,No,0.0,0
18359285,Shaketastic,1,New Delhi,Beverages,250,Indian Rupees(Rs.),No,No,0.0,0
18359289,Sree Krishna Udupi,1,New Delhi,"South Indian, North Indian",250,Indian Rupees(Rs.),No,No,0.0,1
18057816,Asia 21,1,New Delhi,"Asian, North Indian, Japanese",1800,Indian Rupees(Rs.),Yes,Yes,2.9,48
18303432,Barkat,1,New Delhi,"North Indian, Mughlai",800,Indian Rupees(Rs.),Yes,Yes,3.4,67
3790,Bikanervala,1,New Delhi,"North Indian, South Indian, Fast Food, Street Food, Chinese, Mithai",500,Indian Rupees(Rs.),No,No,3.4,81
2509,Chawla's,1,New Delhi,"North Indian, Mughlai, Chinese",800,Indian Rupees(Rs.),No,No,3.4,135
18238913,Cilantro Woodapple,1,New Delhi,"North Indian, Continental, Mughlai",800,Indian Rupees(Rs.),Yes,No,3.0,8
215,Domino's Pizza,1,New Delhi,"Pizza, Fast Food",700,Indian Rupees(Rs.),No,No,2.8,102
3793,Giani's,1,New Delhi,"Ice Cream, Desserts",400,Indian Rupees(Rs.),No,Yes,3.2,51
18244250,Gopala,1,New Delhi,"Mithai, Street Food",250,Indian Rupees(Rs.),No,No,2.9,6
18372294,Green Chick Chop,1,New Delhi,"Raw Meats, North Indian, Fast Food",350,Indian Rupees(Rs.),No,No,3.0,4
6261,Gupta Chat Corner,1,New Delhi,"Street Food, Mughlai",300,Indian Rupees(Rs.),No,No,3.3,47
18376484,Kake Da Hotel,1,New Delhi,North Indian,600,Indian Rupees(Rs.),No,Yes,2.7,15
468,Karim's,1,New Delhi,"Mughlai, North Indian",700,Indian Rupees(Rs.),No,Yes,2.5,84
8276,Katyal Pure Vegetarian,1,New Delhi,"Chinese, North Indian, Mughlai",300,Indian Rupees(Rs.),No,No,3.0,10
6120,Kunal Dhaba,1,New Delhi,North Indian,150,Indian Rupees(Rs.),No,No,3.2,18
18252395,Midnight Hunger,1,New Delhi,"North Indian, Chinese, Mughlai",400,Indian Rupees(Rs.),No,No,3.1,9
18180073,Moon Bite,1,New Delhi,"North Indian, Chinese",300,Indian Rupees(Rs.),No,Yes,3.1,177
18441678,Nirula's Ice Cream,1,New Delhi,"Desserts, Ice Cream",250,Indian Rupees(Rs.),No,No,3.0,5
18400762,Pash!,1,New Delhi,Bakery,200,Indian Rupees(Rs.),No,No,3.1,6
306492,Rashi's De La Creme,1,New Delhi,Bakery,350,Indian Rupees(Rs.),No,No,3.1,7
8488,Rupa Dairy,1,New Delhi,"Mithai, Street Food",200,Indian Rupees(Rs.),No,No,2.9,6
310536,Sandy's Punjabi Rasoi,1,New Delhi,"North Indian, Mughlai, Chinese",500,Indian Rupees(Rs.),No,No,3.2,24
308360,Shree Rathnam,1,New Delhi,"South Indian, North Indian, Chinese",800,Indian Rupees(Rs.),Yes,Yes,3.3,121
18017248,Tandoori Planet,1,New Delhi,North Indian,250,Indian Rupees(Rs.),No,No,3.4,32
312855,Tandoori Tadka,1,New Delhi,"North Indian, Chinese",450,Indian Rupees(Rs.),No,Yes,3.3,17
18463971,Urban Owl,1,New Delhi,"North Indian, Chinese",500,Indian Rupees(Rs.),No,No,3.1,8
8600,4th Street Cafe,1,New Delhi,Fast Food,500,Indian Rupees(Rs.),No,Yes,3.5,145
18380143,Late Lateefe,1,New Delhi,"North Indian, Mughlai, Chinese",600,Indian Rupees(Rs.),No,Yes,3.5,44
18254520,Mr. Brown,1,New Delhi,"Bakery, Desserts, Fast Food",500,Indian Rupees(Rs.),No,Yes,3.7,50
18222554,The Riding Guns Cafe,1,New Delhi,Cafe,850,Indian Rupees(Rs.),No,No,3.6,100
18462589,Baskin Robbins,1,New Delhi,Ice Cream,300,Indian Rupees(Rs.),No,Yes,0.0,1
18336474,Chai Garam,1,New Delhi,"Tea, Beverages, Fast Food",300,Indian Rupees(Rs.),No,No,0.0,2
18336477,Chilli Tadka,1,New Delhi,North Indian,450,Indian Rupees(Rs.),No,No,0.0,3
18382047,Colours of Biryani,1,New Delhi,Mughlai,400,Indian Rupees(Rs.),No,No,0.0,0
18441566,Fc Katyal,1,New Delhi,Chinese,250,Indian Rupees(Rs.),No,No,0.0,0
18441669,Food State,1,New Delhi,North Indian,300,Indian Rupees(Rs.),No,No,0.0,0
18396358,Giani,1,New Delhi,"Ice Cream, Desserts",400,Indian Rupees(Rs.),No,No,0.0,1
6248,Gupta Eating Corner,1,New Delhi,North Indian,200,Indian Rupees(Rs.),No,No,0.0,2
308832,Hot 'N' Cool,1,New Delhi,"Fast Food, Italian",200,Indian Rupees(Rs.),No,No,0.0,0
18421030,Hot Joint Fast Food,1,New Delhi,Chinese,300,Indian Rupees(Rs.),No,No,0.0,0
18378016,Murliwala Bakers,1,New Delhi,"Fast Food, Bakery",300,Indian Rupees(Rs.),No,No,0.0,0
310889,New Garden Hut,1,New Delhi,"Chinese, Fast Food",300,Indian Rupees(Rs.),No,No,0.0,0
308837,Perfect Party Chef,1,New Delhi,"Fast Food, Chinese",200,Indian Rupees(Rs.),No,No,0.0,1
18441685,R.S. Chinese Food,1,New Delhi,Fast Food,250,Indian Rupees(Rs.),No,No,0.0,0
6249,Rama Fast Food,1,New Delhi,North Indian,150,Indian Rupees(Rs.),No,No,0.0,0
312860,Shanghai Chinese Food,1,New Delhi,Chinese,400,Indian Rupees(Rs.),No,No,0.0,1
18378023,Teens Cafe Fast Food,1,New Delhi,Chinese,200,Indian Rupees(Rs.),No,No,0.0,0
18107855,The Tandoor Hut,1,New Delhi,"North Indian, Mughlai",600,Indian Rupees(Rs.),No,No,0.0,2
18396955,The Taste of Tandoor,1,New Delhi,North Indian,300,Indian Rupees(Rs.),No,No,0.0,0
310896,The Chinese Hut,1,New Delhi,"Chinese, North Indian",550,Indian Rupees(Rs.),No,Yes,2.4,62
5446,Linx - Premier Inn,1,New Delhi,"North Indian, Chinese",2000,Indian Rupees(Rs.),Yes,No,3.0,32
5448,The 87 - Premier Inn,1,New Delhi,North Indian,2200,Indian Rupees(Rs.),Yes,No,3.1,18
18408062,Stallion - Pride Plaza Hotel,1,New Delhi,North Indian,2500,Indian Rupees(Rs.),Yes,No,3.1,7
18415386,Aqua Grill - Pride Plaza Hotel,1,New Delhi,"Continental, North Indian",3000,Indian Rupees(Rs.),No,No,0.0,0
18397621,Mr. Confectioner - Pride Plaza Hotel,1,New Delhi,Bakery,500,Indian Rupees(Rs.),No,No,0.0,0
18369301,Aditya's Kulcha Express,1,New Delhi,Street Food,250,Indian Rupees(Rs.),No,Yes,3.3,18
309383,Allterian By Chanson,1,New Delhi,"Continental, Italian",1300,Indian Rupees(Rs.),Yes,No,3.4,140
310801,Amuse Lounge,1,New Delhi,"Fast Food, Chinese, North Indian",800,Indian Rupees(Rs.),Yes,No,3.3,49
495,Bikanervala,1,New Delhi,"North Indian, South Indian, Fast Food, Street Food, Chinese, Beverages, Mithai",550,Indian Rupees(Rs.),No,Yes,3.2,129
18241532,Cakes Dot Com,1,New Delhi,Bakery,300,Indian Rupees(Rs.),No,Yes,3.2,24
18445783,Chez Papillons by Bonjour Chocolates,1,New Delhi,Cafe,800,Indian Rupees(Rs.),No,Yes,3.3,10
18352179,Chicago Pizza,1,New Delhi,Pizza,600,Indian Rupees(Rs.),No,Yes,2.6,10
309309,Choco Doux,1,New Delhi,"Bakery, Desserts",500,Indian Rupees(Rs.),No,No,3.1,8
8272,Cocoberry,1,New Delhi,Desserts,300,Indian Rupees(Rs.),No,Yes,3.2,50
1998,Curries N More,1,New Delhi,"North Indian, Mughlai",800,Indian Rupees(Rs.),No,Yes,3.2,25
1120,Dili's Chawla Chik Inn,1,New Delhi,North Indian,650,Indian Rupees(Rs.),No,No,3.1,45
18369772,Dimsum Vs Sushi,1,New Delhi,"Japanese, Chinese",800,Indian Rupees(Rs.),No,Yes,3.4,24
216,Domino's Pizza,1,New Delhi,"Pizza, Fast Food",700,Indian Rupees(Rs.),No,No,3.2,112
303051,Everest Momos & Chinese Fast Food,1,New Delhi,Chinese,350,Indian Rupees(Rs.),No,No,3.2,17
6905,Food Plaza,1,New Delhi,Chinese,500,Indian Rupees(Rs.),No,No,3.2,23
307551,Giani,1,New Delhi,"Ice Cream, Desserts",400,Indian Rupees(Rs.),No,Yes,3.4,37
306267,Grillz & Gravy,1,New Delhi,"North Indian, Chinese, Mughlai",600,Indian Rupees(Rs.),No,Yes,3.3,57
306170,Kabab,1,New Delhi,"North Indian, Mughlai",600,Indian Rupees(Rs.),No,Yes,3.2,23
3972,Khalsa,1,New Delhi,North Indian,550,Indian Rupees(Rs.),No,Yes,2.7,55
2951,Kumar Pastry Shop,1,New Delhi,"Chinese, Bakery",300,Indian Rupees(Rs.),No,No,3.3,48
308242,Little Chef,1,New Delhi,"North Indian, Mughlai, Chinese, Fast Food",600,Indian Rupees(Rs.),No,Yes,3.4,128
18153553,Mafia 2.0,1,New Delhi,"North Indian, Continental, Italian, Thai, Chinese",1300,Indian Rupees(Rs.),Yes,Yes,3.4,198
311025,Makhni's,1,New Delhi,"North Indian, Mughlai, Chinese",500,Indian Rupees(Rs.),No,No,2.7,78
309578,Moksha,1,New Delhi,"Chinese, North Indian, Italian",600,Indian Rupees(Rs.),No,No,3.2,54
476,Moti Mahal Delux,1,New Delhi,"North Indian, Mughlai, Chinese",1200,Indian Rupees(Rs.),Yes,Yes,2.5,70
310359,Pudding & Pie,1,New Delhi,"Bakery, Fast Food",450,Indian Rupees(Rs.),No,No,3.0,27
1308,Republic of Chicken,1,New Delhi,"Raw Meats, Fast Food",400,Indian Rupees(Rs.),No,No,3.1,15
301657,Shree Rathnam,1,New Delhi,"South Indian, North Indian, Chinese",800,Indian Rupees(Rs.),Yes,Yes,3.4,111
309188,Soo Yung by the backyard,1,New Delhi,"Chinese, Thai",1200,Indian Rupees(Rs.),Yes,Yes,3.4,84
8801,Subway,1,New Delhi,"American, Fast Food, Salad, Healthy Food",500,Indian Rupees(Rs.),No,Yes,2.6,167
1986,The Cake Shop,1,New Delhi,"Bakery, Fast Food",150,Indian Rupees(Rs.),No,No,3.3,42
304212,The Night Shift,1,New Delhi,North Indian,800,Indian Rupees(Rs.),No,Yes,3.1,103
18288046,The Night Walkers,1,New Delhi,"North Indian, Chinese, Continental, Fast Food",500,Indian Rupees(Rs.),No,No,3.4,18
18082238,The Submarine Lounge,1,New Delhi,"Chinese, North Indian, Continental, Italian",1800,Indian Rupees(Rs.),Yes,Yes,3.4,148
18228854,Tikka Junction,1,New Delhi,"North Indian, Chinese, Mughlai",750,Indian Rupees(Rs.),No,Yes,3.4,27
303105,Twenty Four Seven,1,New Delhi,"Fast Food, North Indian",300,Indian Rupees(Rs.),No,No,3.2,24
308067,WTF - Wraps Toast Fries,1,New Delhi,"Chinese, Fast Food, North Indian",450,Indian Rupees(Rs.),No,No,3.2,63
18420452,Food Scouts,1,New Delhi,"North Indian, Chinese, Continental",700,Indian Rupees(Rs.),No,Yes,4.6,61
1054,Alkakori,1,New Delhi,"North Indian, Mughlai",850,Indian Rupees(Rs.),No,Yes,3.6,198
312634,Arabian Delites,1,New Delhi,"Lebanese, Arabian",600,Indian Rupees(Rs.),No,Yes,3.6,68
3516,Blue Water Grille,1,New Delhi,"North Indian, Mughlai, Chinese, Seafood",700,Indian Rupees(Rs.),No,Yes,3.5,180
5595,Cafe Coffee Day,1,New Delhi,Cafe,450,Indian Rupees(Rs.),No,No,3.6,58
18232108,D?ner Grill,1,New Delhi,"Fast Food, Turkish",900,Indian Rupees(Rs.),No,Yes,3.9,75
18358681,Drinks At Stake - Bar Exchange,1,New Delhi,"North Indian, Chinese, Italian, Continental",1200,Indian Rupees(Rs.),Yes,No,3.8,96
18418237,Ghungroo Club & Bar - By Gautam Gambhir,1,New Delhi,North Indian,1500,Indian Rupees(Rs.),Yes,No,3.8,140
9230,Gupta Chat Corner,1,New Delhi,"Fast Food, Street Food",300,Indian Rupees(Rs.),No,No,3.7,96
6901,Gupta Sweets & Namkeen,1,New Delhi,"Street Food, Mithai",150,Indian Rupees(Rs.),No,No,3.5,36
18403003,hug!,1,New Delhi,Desserts,300,Indian Rupees(Rs.),No,Yes,3.5,19
311421,Lucky's Bakery and Patisserie,1,New Delhi,"Bakery, Desserts",400,Indian Rupees(Rs.),No,Yes,3.9,89
176,McDonald's,1,New Delhi,"Fast Food, Burger",500,Indian Rupees(Rs.),No,Yes,3.7,141
1992,Mughal Darbar,1,New Delhi,"North Indian, Mughlai, Chinese",650,Indian Rupees(Rs.),No,Yes,3.5,150
18287382,Nutritious Nation,1,New Delhi,"Healthy Food, Continental, Juices, Salad",900,Indian Rupees(Rs.),Yes,Yes,3.6,64
18294251,Paapi Paet,1,New Delhi,"Fast Food, Beverages",550,Indian Rupees(Rs.),No,Yes,3.6,68
18291260,The Derby Cookhouse,1,New Delhi,"Continental, Italian, North Indian",1800,Indian Rupees(Rs.),Yes,Yes,3.6,47
311836,The Midnight Heroes,1,New Delhi,"North Indian, Biryani, Chinese, Fast Food",950,Indian Rupees(Rs.),No,Yes,3.6,203
18198459,World Art Dining - Brew House,1,New Delhi,"North Indian, Finger Food, Italian, Chinese",1900,Indian Rupees(Rs.),Yes,No,3.8,121
18224547,Yo! China,1,New Delhi,Chinese,1200,Indian Rupees(Rs.),Yes,Yes,3.6,127
307911,Bake Me A Cake,1,New Delhi,"Bakery, Desserts",750,Indian Rupees(Rs.),No,No,4.0,147
18287876,Bakerz Lodge,1,New Delhi,"Bakery, Desserts",250,Indian Rupees(Rs.),No,Yes,4.1,99
18375379,Hawalat Lounge & Bar,1,New Delhi,"North Indian, Continental, Italian",1000,Indian Rupees(Rs.),Yes,No,4.0,126
7167,Al Bake,1,New Delhi,"Lebanese, Chinese",500,Indian Rupees(Rs.),No,No,3.2,159
219,Domino's Pizza,1,New Delhi,"Pizza, Fast Food",700,Indian Rupees(Rs.),No,No,2.5,253
572,Madhuban,1,New Delhi,"North Indian, Mughlai, Chinese",850,Indian Rupees(Rs.),Yes,No,3.1,151
302381,Pind Balluchi,1,New Delhi,"North Indian, Mughlai",1300,Indian Rupees(Rs.),Yes,No,2.8,249
309232,Subway,1,New Delhi,"American, Fast Food, Salad, Healthy Food",500,Indian Rupees(Rs.),No,Yes,3.2,115
18303828,Burger King,1,New Delhi,"Burger, Fast Food",500,Indian Rupees(Rs.),No,Yes,3.6,116
2222,Lebanese Point,1,New Delhi,Lebanese,450,Indian Rupees(Rs.),No,No,3.7,223
175,McDonald's,1,New Delhi,"Fast Food, Burger",500,Indian Rupees(Rs.),No,Yes,3.6,219
18400733,Nukkadwala,1,New Delhi,"Fast Food, Street Food",300,Indian Rupees(Rs.),No,Yes,3.8,79
18303724,The Bunk House,1,New Delhi,"Italian, Continental, North Indian",1500,Indian Rupees(Rs.),Yes,No,3.9,96
731,The Kathis,1,New Delhi,"Fast Food, North Indian",300,Indian Rupees(Rs.),No,Yes,2.4,109
18219522,Locale,1,New Delhi,"North Indian, Chinese, Mexican, Italian, Thai, Lebanese",1400,Indian Rupees(Rs.),Yes,Yes,4.4,317
18219554,The Coffee Shop,1,New Delhi,"Cafe, Italian",1200,Indian Rupees(Rs.),No,Yes,4.4,326
7797,Chakhna Food Point,1,New Delhi,"North Indian, Fast Food",250,Indian Rupees(Rs.),No,No,2.9,6
18352263,Da Pizza Corner,1,New Delhi,Pizza,600,Indian Rupees(Rs.),No,Yes,2.9,4
18312571,Parashar's,1,New Delhi,"Chinese, North Indian",250,Indian Rupees(Rs.),No,No,2.9,4
18421038,Cafe Coffee Day,1,New Delhi,Cafe,450,Indian Rupees(Rs.),No,No,0.0,0
18412894,Cake Walk,1,New Delhi,"Bakery, Fast Food",100,Indian Rupees(Rs.),No,No,0.0,0
18312463,Chhotu Restaurant,1,New Delhi,North Indian,350,Indian Rupees(Rs.),No,No,0.0,0
18332442,Dabbba Wala Home Away,1,New Delhi,North Indian,550,Indian Rupees(Rs.),No,No,0.0,1
18345771,Foodieholic,1,New Delhi,"Chinese, North Indian, South Indian",200,Indian Rupees(Rs.),No,No,0.0,0
18414497,Fourteen Eleven Tea Cafe,1,New Delhi,Fast Food,150,Indian Rupees(Rs.),No,No,0.0,1
18355275,Hungry Folks Food Corner,1,New Delhi,"Fast Food, North Indian, Chinese",600,Indian Rupees(Rs.),No,No,0.0,3
18398593,Hungry Folks,1,New Delhi,"North Indian, Chinese",500,Indian Rupees(Rs.),No,No,0.0,0
18312455,Hussain - UP Ki Mashoor Biryani,1,New Delhi,Biryani,150,Indian Rupees(Rs.),No,No,0.0,1
18025131,Just Vada Pav,1,New Delhi,Street Food,100,Indian Rupees(Rs.),No,No,0.0,3
18161591,Mangal Ji and Gupta Ji Dhaba,1,New Delhi,North Indian,350,Indian Rupees(Rs.),No,No,0.0,1
18312459,Pandey Ji Restaurant,1,New Delhi,"North Indian, Chinese",150,Indian Rupees(Rs.),No,No,0.0,0
302573,Quality Restaurant,1,New Delhi,North Indian,350,Indian Rupees(Rs.),No,No,0.0,3
18352264,Ravi Ke Parathe,1,New Delhi,North Indian,100,Indian Rupees(Rs.),No,No,0.0,2
3555,Sahara Restaurant,1,New Delhi,"North Indian, Mughlai",400,Indian Rupees(Rs.),No,No,0.0,3
18414494,Shere-E-Punjab,1,New Delhi,"North Indian, Chinese",400,Indian Rupees(Rs.),No,No,0.0,1
18306540,Shree Jagannath Restaurant,1,New Delhi,North Indian,350,Indian Rupees(Rs.),No,No,0.0,0
18153550,Sumona Restaurant,1,New Delhi,North Indian,200,Indian Rupees(Rs.),No,No,0.0,3
18439705,The Hubbub Cafe and Restaurant,1,New Delhi,North Indian,500,Indian Rupees(Rs.),No,No,0.0,0
7809,Welcome Fast Food & Parantha,1,New Delhi,"Chinese, Fast Food",100,Indian Rupees(Rs.),No,No,0.0,0
307171,Abdul Muradabadi Chicken,1,New Delhi,North Indian,350,Indian Rupees(Rs.),No,No,2.9,11
300271,Anupam Sweets,1,New Delhi,"Mithai, Street Food",100,Indian Rupees(Rs.),No,No,2.5,17
345,Colonel's Kababz,1,New Delhi,"North Indian, Mughlai",900,Indian Rupees(Rs.),Yes,Yes,3.2,67
307865,Green Chick Chop,1,New Delhi,"Raw Meats, North Indian, Fast Food",350,Indian Rupees(Rs.),No,No,3.0,10
307168,Jasmine Fast Food Centre,1,New Delhi,"North Indian, South Indian, Chinese",200,Indian Rupees(Rs.),No,No,2.9,11
1859,Khalsa Restaurant,1,New Delhi,North Indian,600,Indian Rupees(Rs.),No,Yes,2.9,102
301229,Kitchen King,1,New Delhi,"North Indian, Chinese",450,Indian Rupees(Rs.),No,Yes,2.6,53
307169,Laxmi Corner,1,New Delhi,North Indian,150,Indian Rupees(Rs.),No,No,3.0,5
306291,Nazeer Delicacies,1,New Delhi,"North Indian, Mughlai",650,Indian Rupees(Rs.),No,Yes,3.3,163
18428880,Vdesi,1,New Delhi,"Chinese, North Indian",400,Indian Rupees(Rs.),No,No,3.1,5
3381,Alkakori Alkauser,1,New Delhi,"Mughlai, North Indian",800,Indian Rupees(Rs.),No,Yes,3.7,629
8853,Mathew's Cafe,1,New Delhi,South Indian,200,Indian Rupees(Rs.),No,No,3.7,148
301154,Supreme Bakery,1,New Delhi,"Bakery, Fast Food",250,Indian Rupees(Rs.),No,No,3.9,193
309365,The Midnight Heroes,1,New Delhi,"North Indian, Biryani, Chinese, Fast Food",950,Indian Rupees(Rs.),No,Yes,3.6,447
18427212,"34, Chowringhee Lane",1,New Delhi,"Fast Food, Mughlai, Armenian",350,Indian Rupees(Rs.),No,No,0.0,0
313127,Aggarwal Sweets,1,New Delhi,"South Indian, Chinese, Mithai",200,Indian Rupees(Rs.),No,No,0.0,0
18486867,Alam Biryani,1,New Delhi,Biryani,100,Indian Rupees(Rs.),No,No,0.0,0
18472665,Behrouz Biryani,1,New Delhi,Biryani,600,Indian Rupees(Rs.),No,Yes,0.0,0
18486861,Biryani Point,1,New Delhi,"South Indian, Biryani",150,Indian Rupees(Rs.),No,No,0.0,1
18396151,Chinese Hut,1,New Delhi,"Chinese, Fast Food",300,Indian Rupees(Rs.),No,No,0.0,0
18434343,Dada Ka Dhaba,1,New Delhi,"North Indian, Mughlai",500,Indian Rupees(Rs.),No,Yes,0.0,0
18478389,Die B?ckerei,1,New Delhi,"Bakery, Desserts",500,Indian Rupees(Rs.),No,No,0.0,0
18472663,Faaso's,1,New Delhi,"North Indian, Fast Food",600,Indian Rupees(Rs.),No,Yes,0.0,1
18486866,Gupta Ji Ka Dhaba,1,New Delhi,"North Indian, Mughlai, Armenian",200,Indian Rupees(Rs.),No,No,0.0,0
18486869,Hot & Tasty,1,New Delhi,Chinese,200,Indian Rupees(Rs.),No,No,0.0,0
18486845,Kaka Da Dhaba,1,New Delhi,North Indian,100,Indian Rupees(Rs.),No,No,0.0,0
18325509,Kingdom Restaurant,1,New Delhi,Chinese,650,Indian Rupees(Rs.),No,No,0.0,1
18352268,Little Delhi,1,New Delhi,North Indian,500,Indian Rupees(Rs.),No,No,0.0,0
18289261,Million Kitchen,1,New Delhi,"North Indian, South Indian, Bakery, Italian",350,Indian Rupees(Rs.),No,No,0.0,1
18352180,Ok Indian & Chinese Food Corner,1,New Delhi,North Indian,200,Indian Rupees(Rs.),No,No,0.0,0
18469974,Ovenstory Pizza,1,New Delhi,"Pizza, Fast Food",500,Indian Rupees(Rs.),No,Yes,0.0,1
18489530,Pakeeza Chicken Corner,1,New Delhi,North Indian,200,Indian Rupees(Rs.),No,No,0.0,0
18425179,Rapchick Biryani,1,New Delhi,North Indian,350,Indian Rupees(Rs.),No,No,0.0,2
18461352,Rupa Bangali Dhaba,1,New Delhi,"North Indian, Mughlai",300,Indian Rupees(Rs.),No,No,0.0,0
18352172,Sindh Snacks,1,New Delhi,North Indian,450,Indian Rupees(Rs.),No,No,0.0,3
18486857,Vaishanavi Food Store,1,New Delhi,"North Indian, Fast Food",150,Indian Rupees(Rs.),No,No,0.0,0
301227,"Ada ""e"" Haandi's",1,New Delhi,"North Indian, Mughlai, Chinese",750,Indian Rupees(Rs.),No,Yes,2.4,30
7060,Karnataka Food Centre,1,New Delhi,South Indian,400,Indian Rupees(Rs.),No,No,4.1,881
613,Cafe Coffee Day,1,New Delhi,Cafe,450,Indian Rupees(Rs.),No,No,2.9,9
3549,Savannah Bar - Radisson Blu Plaza Delhi,1,New Delhi,Finger Food,2500,Indian Rupees(Rs.),Yes,No,3.3,24
302282,Neung Roi - Radisson Blu Plaza Delhi,1,New Delhi,Thai,3000,Indian Rupees(Rs.),Yes,No,4.5,295
3546,R The Lounge - Radisson Blu Plaza Delhi,1,New Delhi,Cafe,1000,Indian Rupees(Rs.),No,No,3.7,33
302283,The Pastry Shop - Radisson Blu Plaza Delhi,1,New Delhi,Bakery,1000,Indian Rupees(Rs.),No,No,3.6,26
3545,NYC - Radisson Blu Plaza Delhi,1,New Delhi,"North Indian, Continental, Italian",3000,Indian Rupees(Rs.),Yes,No,4.4,315
3547,The Great Kabab Factory - Radisson Blu Plaza Delhi,1,New Delhi,"North Indian, Mughlai",3000,Indian Rupees(Rs.),Yes,No,4.2,532
4490,Cup Cakes - Radisson Blu,1,New Delhi,"Desserts, Bakery",2000,Indian Rupees(Rs.),No,No,3.1,40
4488,Oro The Bar - Radisson Blu,1,New Delhi,Finger Food,2500,Indian Rupees(Rs.),Yes,No,3.3,36
186,McDonald's,1,New Delhi,"Fast Food, Burger",500,Indian Rupees(Rs.),No,Yes,3.4,91
3124,Mughal Mahal,1,New Delhi,"Mughlai, North Indian, Chinese",1100,Indian Rupees(Rs.),No,Yes,3.2,221
18057792,Imly,1,New Delhi,"Street Food, North Indian, Chinese, Continental",700,Indian Rupees(Rs.),No,No,3.9,1485
1641,Lanterns Kitchen & Bar,1,New Delhi,"Italian, North Indian, Chinese, Mughlai",1200,Indian Rupees(Rs.),No,No,3.8,1082
18368023,Guru Om Vanna,1,New Delhi,Street Food,400,Indian Rupees(Rs.),No,No,0.0,0
18438896,Khaao Peeyo,1,New Delhi,Fast Food,500,Indian Rupees(Rs.),No,No,0.0,0
18479012,New Chow Maun,1,New Delhi,Chinese,500,Indian Rupees(Rs.),No,No,0.0,0
18479008,Oye!! Shawarma,1,New Delhi,Fast Food,500,Indian Rupees(Rs.),No,No,0.0,0
7242,27 China Street,1,New Delhi,"Chinese, Fast Food",450,Indian Rupees(Rs.),No,No,3.4,76
312920,Ada'e Handi,1,New Delhi,"North Indian, Mughlai, Chinese",600,Indian Rupees(Rs.),No,Yes,2.5,31
308051,Alkauser,1,New Delhi,"North Indian, Mughlai",850,Indian Rupees(Rs.),No,Yes,3.4,58
3135,Barbeque Creation By Kadhai Tadka,1,New Delhi,"North Indian, Chinese, Mughlai",800,Indian Rupees(Rs.),Yes,Yes,2.5,78
693,Baskin Robbins,1,New Delhi,Ice Cream,300,Indian Rupees(Rs.),No,No,3.3,32
7399,Bikaner Sweets Corner,1,New Delhi,"Mithai, Street Food",150,Indian Rupees(Rs.),No,No,2.8,11
18375392,Biryaniwala,1,New Delhi,Biryani,450,Indian Rupees(Rs.),No,No,2.6,26
5527,Cafe Coffee Day,1,New Delhi,Cafe,450,Indian Rupees(Rs.),No,Yes,2.9,37
7407,Chinese Corner,1,New Delhi,"Chinese, Fast Food",350,Indian Rupees(Rs.),No,No,2.6,29
18279476,Choice Corner,1,New Delhi,Street Food,120,Indian Rupees(Rs.),No,No,3.0,6
18294260,Chowringhee,1,New Delhi,"North Indian, Chinese",600,Indian Rupees(Rs.),No,Yes,2.7,5
7409,Darshan Dhaba,1,New Delhi,"North Indian, Beverages",100,Indian Rupees(Rs.),No,No,2.7,16
8912,Domino's Pizza,1,New Delhi,"Pizza, Fast Food",700,Indian Rupees(Rs.),No,No,2.9,119
18224550,Durga Dhaba,1,New Delhi,North Indian,200,Indian Rupees(Rs.),No,No,2.9,6
18363093,Flashback Midnight Hunger,1,New Delhi,"Italian, Continental, Fast Food, Chinese",600,Indian Rupees(Rs.),No,Yes,3.4,50
307511,Flavours of Punjab,1,New Delhi,"North Indian, Chinese",750,Indian Rupees(Rs.),Yes,Yes,2.5,165
18369767,Flirty Momo's,1,New Delhi,Chinese,350,Indian Rupees(Rs.),No,No,3.1,12
17977795,Food Factory,1,New Delhi,"North Indian, Chinese, Mughlai",500,Indian Rupees(Rs.),No,Yes,3.0,14
18455210,Foodies Joint,1,New Delhi,"Fast Food, North Indian, Chinese",300,Indian Rupees(Rs.),No,No,3.4,20
313258,Fresh Meat CO,1,New Delhi,"Raw Meats, Fast Food",300,Indian Rupees(Rs.),No,No,2.9,4
7452,Friends Restaurant,1,New Delhi,North Indian,300,Indian Rupees(Rs.),No,No,2.8,117
7373,Giani,1,New Delhi,"Ice Cream, Desserts",300,Indian Rupees(Rs.),No,No,3.3,40
309445,Green Chick Chop,1,New Delhi,"Raw Meats, North Indian, Fast Food",350,Indian Rupees(Rs.),No,No,3.2,17
18468651,Havmor Ice Cream,1,New Delhi,"Ice Cream, Desserts",200,Indian Rupees(Rs.),No,Yes,2.8,7
8671,Hot Pot,1,New Delhi,"Chinese, Fast Food",300,Indian Rupees(Rs.),No,No,2.5,111
308049,Hyderabadi Biryani Parlour,1,New Delhi,"Biryani, North Indian",300,Indian Rupees(Rs.),No,No,2.9,66
307519,iGNiTE,1,New Delhi,"North Indian, Chinese",650,Indian Rupees(Rs.),No,Yes,3.0,110
18034082,Just Cakez,1,New Delhi,Bakery,500,Indian Rupees(Rs.),No,Yes,3.2,6
18237343,Kay's Bar-Be-Que,1,New Delhi,North Indian,400,Indian Rupees(Rs.),No,No,3.0,6
8658,Kolkata Kathi Roll,1,New Delhi,Fast Food,100,Indian Rupees(Rs.),No,No,2.6,24
307702,Madras Cafe,1,New Delhi,"South Indian, Chinese",350,Indian Rupees(Rs.),No,No,2.7,29
300300,Mama's Chinese Kitchen,1,New Delhi,Chinese,750,Indian Rupees(Rs.),No,No,3.0,58
3131,Mama's Nu Khana Khazana,1,New Delhi,"North Indian, Chinese, Mughlai",900,Indian Rupees(Rs.),Yes,No,2.6,169
18446480,Marathi Katta,1,New Delhi,"Fast Food, Maharashtrian, North Indian",250,Indian Rupees(Rs.),No,Yes,2.7,11
311383,Mitra Da Dhaba,1,New Delhi,North Indian,350,Indian Rupees(Rs.),No,Yes,2.8,55
2751,Moti Mahal Delux - Kebab Trail,1,New Delhi,"North Indian, Mughlai, Chinese",1000,Indian Rupees(Rs.),Yes,Yes,3.2,102
18395392,Nirula's Ice Cream,1,New Delhi,"Ice Cream, Desserts",250,Indian Rupees(Rs.),No,No,2.9,10
306067,Oberoi Biryani,1,New Delhi,"Biryani, North Indian",600,Indian Rupees(Rs.),No,No,2.6,135
8688,Pappu Ka Dhaba,1,New Delhi,North Indian,300,Indian Rupees(Rs.),No,No,3.1,25
7306,Peshawar Sweets Shop,1,New Delhi,"Street Food, Mithai",150,Indian Rupees(Rs.),No,No,3.4,79
18277238,Piyu Kitchen,1,New Delhi,"North Indian, Chinese",800,Indian Rupees(Rs.),No,Yes,3.2,13
18107869,Posh Spice,1,New Delhi,Fast Food,300,Indian Rupees(Rs.),No,No,3.0,12
7442,Prince Chicken & Mutton Shop,1,New Delhi,"Raw Meats, North Indian",600,Indian Rupees(Rs.),No,No,2.6,22
7448,Punjab Chicken & Bar-Be-Que,1,New Delhi,North Indian,600,Indian Rupees(Rs.),No,No,2.9,5
307075,Republic of Chicken,1,New Delhi,"Raw Meats, Fast Food",400,Indian Rupees(Rs.),No,No,2.8,33
305392,Sagar Ratna,1,New Delhi,"South Indian, North Indian, Chinese",600,Indian Rupees(Rs.),No,Yes,2.7,120
18248991,Sardar A Pure Meat Shop,1,New Delhi,"Raw Meats, Fast Food",300,Indian Rupees(Rs.),No,No,3.0,7
18420444,Shama Chicken Corner,1,New Delhi,Mughlai,300,Indian Rupees(Rs.),No,No,3.0,4
311787,Shawarma King's,1,New Delhi,Fast Food,250,Indian Rupees(Rs.),No,No,3.1,7
8660,Sindh Sweet Corner,1,New Delhi,"Mithai, Street Food",200,Indian Rupees(Rs.),No,No,2.7,22
18282048,Singh Tawa Corner,1,New Delhi,North Indian,600,Indian Rupees(Rs.),No,Yes,2.6,10
8666,Singh's Kitchen,1,New Delhi,"Chinese, Fast Food",400,Indian Rupees(Rs.),No,Yes,2.7,84
8667,South Indian Cafe,1,New Delhi,South Indian,250,Indian Rupees(Rs.),No,No,2.7,18
7441,Subway,1,New Delhi,"American, Fast Food, Salad, Healthy Food",500,Indian Rupees(Rs.),No,Yes,3.4,152
3132,Swaad Bar-Be-Que,1,New Delhi,"North Indian, Chinese",600,Indian Rupees(Rs.),No,No,3.2,27
7342,Tadak Punjabi,1,New Delhi,North Indian,300,Indian Rupees(Rs.),No,No,2.7,41
301242,Tandoori Delights,1,New Delhi,"North Indian, Mughlai",500,Indian Rupees(Rs.),No,Yes,2.5,40
18429387,The Culinary Pitaara,1,New Delhi,"North Indian, Chinese",900,Indian Rupees(Rs.),No,Yes,2.8,7
18453448,The Grill Cafe,1,New Delhi,"Cafe, Fast Food, Pizza",250,Indian Rupees(Rs.),No,Yes,3.4,21
18369771,The Sunset,1,New Delhi,Mughlai,500,Indian Rupees(Rs.),No,Yes,2.6,7
309255,Tomatoes Kitchen,1,New Delhi,"North Indian, Chinese, Fast Food",700,Indian Rupees(Rs.),No,Yes,2.9,135
307278,Udupi Eating House,1,New Delhi,South Indian,350,Indian Rupees(Rs.),No,No,3.2,53
311760,Wrapss,1,New Delhi,"Chinese, Fast Food",350,Indian Rupees(Rs.),No,Yes,3.1,140
18443750,Burger Point,1,New Delhi,"Burger, Fast Food",300,Indian Rupees(Rs.),No,Yes,3.7,25
307700,Kings,1,New Delhi,"Desserts, Ice Cream",300,Indian Rupees(Rs.),No,No,3.6,83
18381646,Millionaire - Powered by Wrapss,1,New Delhi,"Burger, Fast Food",400,Indian Rupees(Rs.),No,Yes,3.5,27
308054,Punjabi Chaap Corner,1,New Delhi,"Fast Food, North Indian",400,Indian Rupees(Rs.),No,Yes,3.6,107
18427200,Spooky Sky,1,New Delhi,"Italian, Chinese, North Indian",650,Indian Rupees(Rs.),No,Yes,3.5,38
7427,Standard Corner,1,New Delhi,North Indian,100,Indian Rupees(Rs.),No,No,3.6,87
18261149,The Canteen,1,New Delhi,"Cafe, South Indian, North Indian, Bakery",550,Indian Rupees(Rs.),No,Yes,3.5,126
18322646,The Diet Kitchen,1,New Delhi,"Continental, Healthy Food",700,Indian Rupees(Rs.),No,Yes,3.5,39
310912,The Flashback,1,New Delhi,"Cafe, Italian, Chinese",700,Indian Rupees(Rs.),No,Yes,3.7,617
18334635,The Mashal,1,New Delhi,"Mughlai, North Indian",500,Indian Rupees(Rs.),No,Yes,3.5,26
18487016,Chillax Cafe And Bistro,1,New Delhi,"Cafe, Bakery",250,Indian Rupees(Rs.),No,No,0.0,1
18480928,Jee Aao Jee Chole Bhature,1,New Delhi,Street Food,150,Indian Rupees(Rs.),No,No,0.0,1
18446486,LSK Express,1,New Delhi,"North Indian, Italian, Continental",500,Indian Rupees(Rs.),No,Yes,0.0,1
7401,Aggarwal Sweets India,1,New Delhi,"Mithai, Street Food",200,Indian Rupees(Rs.),No,No,2.4,52
18237341,Dilli Treat,1,New Delhi,"North Indian, South Indian, Chinese",500,Indian Rupees(Rs.),No,Yes,4.2,251
7428,Dukes Pastry Shop,1,New Delhi,"Bakery, Fast Food",300,Indian Rupees(Rs.),No,Yes,4.2,474
18420467,HotMess Bakes,1,New Delhi,"Bakery, Fast Food",750,Indian Rupees(Rs.),No,Yes,4.1,101
18332869,London Street Kitchen,1,New Delhi,"North Indian, Mughlai, Chinese",600,Indian Rupees(Rs.),Yes,Yes,4.2,163
18241878,Bablu Chic-Inn,1,New Delhi,"Mughlai, North Indian",750,Indian Rupees(Rs.),No,Yes,2.6,25
312959,Babu Jhatka,1,New Delhi,North Indian,500,Indian Rupees(Rs.),No,No,2.8,5
978,Bal Gopal,1,New Delhi,"North Indian, Mughlai",500,Indian Rupees(Rs.),No,Yes,3.4,49
306910,Bharat Sweets,1,New Delhi,Mithai,100,Indian Rupees(Rs.),No,No,3.0,11
307135,Cafe Blue Tomato,1,New Delhi,"Continental, North Indian, Chinese, Cafe",1400,Indian Rupees(Rs.),Yes,No,3.2,411
18363209,Cafe TAB,1,New Delhi,Cafe,500,Indian Rupees(Rs.),No,Yes,3.0,17
18454700,Cake-O-Licious,1,New Delhi,Bakery,400,Indian Rupees(Rs.),No,No,3.3,11
308791,Chaap Point,1,New Delhi,Fast Food,250,Indian Rupees(Rs.),No,No,3.2,23
312589,Chawla Family Restaurant,1,New Delhi,"North Indian, Chinese, Mughlai",700,Indian Rupees(Rs.),No,Yes,2.9,8
977,Chawla Family Restaurant,1,New Delhi,"North Indian, Chinese",700,Indian Rupees(Rs.),No,Yes,3.2,93
8649,Chawla Restaurant,1,New Delhi,"North Indian, Chinese",600,Indian Rupees(Rs.),No,Yes,3.1,25
309435,Chawlas 2,1,New Delhi,"North Indian, Mughlai",800,Indian Rupees(Rs.),Yes,No,3.0,27
18371401,Chicken Addiction,1,New Delhi,North Indian,500,Indian Rupees(Rs.),No,Yes,3.1,21
307138,Crave Busters,1,New Delhi,"North Indian, Chinese, Continental",1100,Indian Rupees(Rs.),No,Yes,3.4,224
18420427,Garage,1,New Delhi,North Indian,650,Indian Rupees(Rs.),No,No,3.0,4
305082,Gola Sizzlers,1,New Delhi,"Mughlai, North Indian, Chinese",1300,Indian Rupees(Rs.),No,No,3.4,246
305086,Golden Tandoor,1,New Delhi,"North Indian, Chinese",700,Indian Rupees(Rs.),No,No,3.2,41
307541,Green Chick Chop,1,New Delhi,"Raw Meats, North Indian, Fast Food",350,Indian Rupees(Rs.),No,No,3.1,14
18281968,Indo Traditional Kulfi,1,New Delhi,Ice Cream,100,Indian Rupees(Rs.),No,No,3.1,5
18375382,Invitation Foodex,1,New Delhi,"North Indian, Chinese, Mughlai",600,Indian Rupees(Rs.),No,Yes,3.2,7
2537,King's Kabab,1,New Delhi,"North Indian, Mughlai, Chinese",700,Indian Rupees(Rs.),No,No,3.2,16
311977,New Kadimi,1,New Delhi,"North Indian, South Indian, Chinese",800,Indian Rupees(Rs.),Yes,Yes,3.3,90
974,Paramjeet Machi Wala,1,New Delhi,"North Indian, Mughlai",750,Indian Rupees(Rs.),No,Yes,3.4,53
4163,Polka Pastry & Snack Bar,1,New Delhi,"Bakery, Fast Food",350,Indian Rupees(Rs.),No,Yes,3.4,33
305694,Punnu Biryani,1,New Delhi,"North Indian, Biryani, Fast Food",600,Indian Rupees(Rs.),No,Yes,2.6,41
2364,Raju Chinese Food,1,New Delhi,Chinese,400,Indian Rupees(Rs.),No,No,3.2,49
305688,Sandoz,1,New Delhi,"North Indian, Chinese",550,Indian Rupees(Rs.),No,No,3.3,22
18255603,Scoop Junction,1,New Delhi,"Ice Cream, Desserts",200,Indian Rupees(Rs.),No,No,3.3,14
307548,Shri Durga Dosa Corner,1,New Delhi,South Indian,300,Indian Rupees(Rs.),No,No,3.0,14
5932,Soni Bakers,1,New Delhi,"Bakery, Desserts, Fast Food, Street Food, Chinese, Beverages",400,Indian Rupees(Rs.),No,No,3.4,179
300397,Subway,1,New Delhi,"American, Fast Food, Salad, Healthy Food",500,Indian Rupees(Rs.),No,Yes,2.7,114
969,The Tandoor,1,New Delhi,"North Indian, Chinese",750,Indian Rupees(Rs.),Yes,Yes,2.6,45
303122,Twenty Four Seven,1,New Delhi,"Fast Food, North Indian",300,Indian Rupees(Rs.),No,No,3.2,22
8652,Unique Tasty Bites,1,New Delhi,Chinese,400,Indian Rupees(Rs.),No,No,3.0,10
18420456,Band Baaja Baaraat,1,New Delhi,North Indian,1300,Indian Rupees(Rs.),Yes,No,4.6,128
18445790,Kopper Kadai,1,New Delhi,North Indian,1400,Indian Rupees(Rs.),No,No,4.8,83
313368,Naturals Ice Cream,1,New Delhi,Ice Cream,150,Indian Rupees(Rs.),No,Yes,4.7,474
18037817,Qubitos - The Terrace Cafe,1,New Delhi,"Thai, European, Mexican, North Indian, Chinese, Cafe",1500,Indian Rupees(Rs.),Yes,No,4.5,778
304746,The California Boulevard,1,New Delhi,"American, Asian, European, Seafood",2000,Indian Rupees(Rs.),Yes,No,4.6,1691
9458,Anjlika Pastry Shop,1,New Delhi,"Bakery, Desserts, Fast Food",400,Indian Rupees(Rs.),No,No,3.9,170
5878,Atul Chaat Corner,1,New Delhi,Street Food,100,Indian Rupees(Rs.),No,No,3.8,413
18384134,Bake A Wish,1,New Delhi,"Bakery, Fast Food",400,Indian Rupees(Rs.),No,Yes,3.7,43
3086,Berco's,1,New Delhi,"Chinese, Thai",1100,Indian Rupees(Rs.),No,Yes,3.6,364
497,Bikanervala,1,New Delhi,"North Indian, South Indian, Fast Food, Street Food, Chinese, Beverages, Desserts, Mithai",550,Indian Rupees(Rs.),No,No,3.8,334
18461723,Bintang Sweet Thrills,1,New Delhi,"Desserts, Ice Cream",200,Indian Rupees(Rs.),No,No,3.5,21
18163908,Boombox Cafe Reloaded,1,New Delhi,"North Indian, Mexican, Chinese, Italian",1100,Indian Rupees(Rs.),Yes,No,3.9,605
18037816,Cafe Foto Club,1,New Delhi,"North Indian, Fast Food, Italian, Chinese, Cafe",1400,Indian Rupees(Rs.),No,Yes,3.8,280
312482,Capital Grill,1,New Delhi,"Continental, North Indian, Chinese",1650,Indian Rupees(Rs.),Yes,Yes,3.8,316
18222577,CG's - Lounge Cafe Bar,1,New Delhi,"Continental, North Indian",1700,Indian Rupees(Rs.),Yes,No,3.9,88
966,Dhaba,1,New Delhi,"Chinese, North Indian",1100,Indian Rupees(Rs.),No,No,3.7,662
217,Domino's Pizza,1,New Delhi,"Pizza, Fast Food",700,Indian Rupees(Rs.),No,No,3.5,194
18245274,Garam Dharam,1,New Delhi,North Indian,1300,Indian Rupees(Rs.),Yes,Yes,3.7,282
5931,Gayway Bakery,1,New Delhi,"Bakery, Fast Food",300,Indian Rupees(Rs.),No,No,3.6,120
1158,Giani's,1,New Delhi,"Ice Cream, Desserts",400,Indian Rupees(Rs.),No,Yes,3.9,122
309845,Grub House,1,New Delhi,"Italian, North Indian, Continental",1700,Indian Rupees(Rs.),Yes,No,3.5,313
18273540,Habibi,1,New Delhi,"Middle Eastern, Mediterranean, North Indian",1250,Indian Rupees(Rs.),Yes,Yes,3.7,196
310768,High Street Caf?,1,New Delhi,"North Indian, Continental, Chinese, Italian",1250,Indian Rupees(Rs.),Yes,Yes,3.8,374
18322658,Hungry Heroes,1,New Delhi,Continental,800,Indian Rupees(Rs.),Yes,Yes,3.8,96
18228867,IKKA - The Ace Bar,1,New Delhi,"Continental, North Indian, Chinese, Italian, Finger Food",1200,Indian Rupees(Rs.),Yes,No,3.6,751
18384149,Jungle Jamboree,1,New Delhi,"Continental, Chinese, Thai, Mughlai, North Indian",1500,Indian Rupees(Rs.),Yes,No,3.9,168
18294265,Lord of the Drinks Chamber,1,New Delhi,"European, Chinese, North Indian, Italian",2200,Indian Rupees(Rs.),Yes,No,3.9,404
18472653,Marine Drivve - Club & Courtyard,1,New Delhi,"North Indian, Chinese, Continental",2000,Indian Rupees(Rs.),Yes,No,3.8,52
188,McDonald's,1,New Delhi,"Fast Food, Burger",500,Indian Rupees(Rs.),No,Yes,3.7,161
306014,Mister Gulati Bakers,1,New Delhi,Bakery,500,Indian Rupees(Rs.),No,Yes,3.8,160
18281954,My Fit Food,1,New Delhi,"Healthy Food, Italian, Juices, Beverages",550,Indian Rupees(Rs.),No,Yes,3.7,81
306410,Otik Cake Shop,1,New Delhi,"Bakery, Desserts, Fast Food",250,Indian Rupees(Rs.),No,Yes,3.8,166
837,Pind Balluchi,1,New Delhi,"North Indian, Mughlai",800,Indian Rupees(Rs.),Yes,No,3.6,622
18438452,SardarBuksh Coffee & Co.,1,New Delhi,"Beverages, Desserts",250,Indian Rupees(Rs.),No,No,3.6,23
965,Sethi's Restaurant & Barbeque,1,New Delhi,"North Indian, Chinese",700,Indian Rupees(Rs.),No,Yes,3.7,422
310167,Sufiaana,1,New Delhi,"North Indian, Mughlai, Lebanese",2000,Indian Rupees(Rs.),Yes,Yes,3.8,300
17953943,The Burger Club,1,New Delhi,"Burger, Fast Food",500,Indian Rupees(Rs.),No,Yes,3.9,606
18241862,The Junkyard Caf?,1,New Delhi,"North Indian, Mediterranean, Asian",1400,Indian Rupees(Rs.),Yes,No,3.8,305
18412880,The Masterpiece Cafe,1,New Delhi,"Cafe, Continental, Italian, North Indian",1200,Indian Rupees(Rs.),Yes,No,3.5,35
313071,The Momoz Hub,1,New Delhi,"Chinese, North Indian, Street Food",500,Indian Rupees(Rs.),No,Yes,3.6,74
310395,The Post Office Cafe,1,New Delhi,"Continental, Fast Food, North Indian, Asian",1600,Indian Rupees(Rs.),Yes,Yes,3.6,742
6195,The Royal Turban,1,New Delhi,"North Indian, Chinese",1300,Indian Rupees(Rs.),Yes,Yes,3.8,608
18311919,The Vintage Bakers,1,New Delhi,"Bakery, Desserts, Fast Food",600,Indian Rupees(Rs.),No,Yes,3.7,46
3083,Wok In The Clouds,1,New Delhi,"Chinese, Thai, Continental, North Indian",1500,Indian Rupees(Rs.),No,Yes,3.7,699
307549,Aggarwal Sweet Centre,1,New Delhi,"Mithai, Street Food",100,Indian Rupees(Rs.),No,No,0.0,3
7287,Crazy Cow,1,New Delhi,Chinese,600,Indian Rupees(Rs.),No,Yes,2.2,126
306476,AMPM Caf? & Bar,1,New Delhi,"Continental, Italian, American",1400,Indian Rupees(Rs.),No,No,4.1,1980
18369780,Caf? Foreground,1,New Delhi,"Cafe, Asian, Italian, North Indian",1500,Indian Rupees(Rs.),Yes,Yes,4.2,91
18412888,Calendar's Kitchen by Satish Kaushik,1,New Delhi,"Continental, Italian, North Indian, Chinese",1000,Indian Rupees(Rs.),Yes,No,4.0,115
304233,Desee Dakshin Coastal Cafe,1,New Delhi,"North Indian, Mangalorean, Chinese",1350,Indian Rupees(Rs.),Yes,Yes,4.0,345
18345778,Food Scouts,1,New Delhi,"North Indian, Chinese, Continental",700,Indian Rupees(Rs.),No,Yes,4.4,229
18430901,Ghar Bistro Cafe,1,New Delhi,"Continental, North Indian, Chinese, Mughlai, Asian",800,Indian Rupees(Rs.),Yes,No,4.4,153
18427236,Goosebumps,1,New Delhi,"Ice Cream, Desserts, Beverages",300,Indian Rupees(Rs.),No,Yes,4.2,89
18441764,Kalol- Bar Te Kitchen,1,New Delhi,"North Indian, Mughlai, Chinese",1200,Indian Rupees(Rs.),Yes,No,4.0,60
312476,Lights Camera Action - Air Bar,1,New Delhi,"North Indian, Continental",1300,Indian Rupees(Rs.),No,No,4.4,1636
18421044,Midnight Hunger Hub,1,New Delhi,"North Indian, Fast Food, Italian, Asian",800,Indian Rupees(Rs.),No,Yes,4.3,58
18252401,National Highway 44,1,New Delhi,"Kashmiri, North Indian, Mughlai, South Indian, Maharashtrian, Gujarati",1100,Indian Rupees(Rs.),Yes,No,4.4,676
3077,Pirates of Grill,1,New Delhi,"North Indian, Continental, Mughlai, Asian",1500,Indian Rupees(Rs.),No,No,4.1,2514
300416,Prem Di Hatti,1,New Delhi,"North Indian, Street Food",200,Indian Rupees(Rs.),No,No,4.0,220
18415387,Showstopper,1,New Delhi,"Continental, North Indian, Chinese, Asian",1000,Indian Rupees(Rs.),Yes,No,4.1,163
18322621,Spotlight Bistro & Bar,1,New Delhi,"Continental, North Indian, Chinese",1300,Indian Rupees(Rs.),Yes,Yes,4.0,129
18432011,The Diet Kitchen,1,New Delhi,"Continental, Healthy Food",700,Indian Rupees(Rs.),No,No,4.1,31
18254514,The Drunk House,1,New Delhi,"North Indian, Italian, Chinese",1300,Indian Rupees(Rs.),No,No,4.2,289
18381259,The Headquarter,1,New Delhi,"Continental, Italian, Mediterranean, Asian",1200,Indian Rupees(Rs.),Yes,Yes,4.1,153
18454951,Tippling Street,1,New Delhi,"Continental, Modern Indian, Asian",1000,Indian Rupees(Rs.),No,No,4.0,91
300844,"34, Chowringhee Lane",1,New Delhi,Fast Food,300,Indian Rupees(Rs.),No,No,3.3,85
3247,Apni Rasoi,1,New Delhi,North Indian,300,Indian Rupees(Rs.),No,No,3.0,76
6481,Apsara Restaurant,1,New Delhi,"Fast Food, North Indian, Chinese, South Indian, Ice Cream",450,Indian Rupees(Rs.),No,Yes,2.7,114
8771,Ashu Bhature Wala,1,New Delhi,Street Food,200,Indian Rupees(Rs.),No,No,3.3,79
300862,Bakery Wala - The Cake Shop,1,New Delhi,"Bakery, Chinese, Fast Food",350,Indian Rupees(Rs.),No,Yes,3.4,59
4056,Bikanervala,1,New Delhi,"North Indian, Chinese, South Indian, Street Food, Fast Food, Mithai",550,Indian Rupees(Rs.),No,Yes,3.4,110
308212,Chalte Firte Momos & Special Foods,1,New Delhi,"Chinese, Fast Food",350,Indian Rupees(Rs.),No,Yes,3.2,212
303595,Chicken Khurana,1,New Delhi,"North Indian, Mughlai",550,Indian Rupees(Rs.),No,Yes,2.7,128
7679,Chit Chat,1,New Delhi,"North Indian, Chinese, Raw Meats",700,Indian Rupees(Rs.),No,Yes,3.1,68
8389,Domino's Pizza,1,New Delhi,"Pizza, Fast Food",700,Indian Rupees(Rs.),No,No,3.3,82
9408,Gurdasman Punjabi Khana & Caterers,1,New Delhi,North Indian,250,Indian Rupees(Rs.),No,No,3.3,64
313336,KFC,1,New Delhi,"American, Fast Food",500,Indian Rupees(Rs.),No,Yes,3.1,60
6477,Malika Bakers Pastry Shop,1,New Delhi,"Bakery, Fast Food",150,Indian Rupees(Rs.),No,No,3.4,95
191,McDonald's,1,New Delhi,"Fast Food, Burger",500,Indian Rupees(Rs.),No,Yes,3.4,108
2000,Nakshatra Punjabi Rasoi,1,New Delhi,"North Indian, Chinese, South Indian",450,Indian Rupees(Rs.),No,Yes,3.3,116
7137,New Eleven to Eleven,1,New Delhi,"North Indian, Chinese",1000,Indian Rupees(Rs.),No,Yes,3.0,126
311711,Pasta Hut,1,New Delhi,Fast Food,400,Indian Rupees(Rs.),No,No,3.3,34
6308,Patiala Shahi,1,New Delhi,"North Indian, Mughlai",650,Indian Rupees(Rs.),No,Yes,3.4,78
5283,Pavitra Bakers,1,New Delhi,"Bakery, Chinese, Fast Food",450,Indian Rupees(Rs.),No,Yes,3.2,73
5313,Punjabi Rasoi,1,New Delhi,"North Indian, South Indian, Fast Food",800,Indian Rupees(Rs.),No,Yes,2.8,164
8915,Puratan - Family Restaurant & Bar,1,New Delhi,"North Indian, Chinese",1000,Indian Rupees(Rs.),Yes,Yes,3.3,156
309429,Sardar A Pure Meat Shop,1,New Delhi,"Raw Meats, Fast Food, North Indian",150,Indian Rupees(Rs.),No,Yes,3.4,59
3114,Spice Court,1,New Delhi,"Chinese, North Indian, Mughlai",1000,Indian Rupees(Rs.),Yes,Yes,2.6,59
3229,Subway,1,New Delhi,"American, Fast Food, Salad, Healthy Food",500,Indian Rupees(Rs.),No,Yes,3.3,132
18254676,Urban Garden Cafe,1,New Delhi,"Fast Food, Italian",400,Indian Rupees(Rs.),No,No,3.1,20
18365897,Behrouz Biryani,1,New Delhi,Biryani,600,Indian Rupees(Rs.),No,Yes,3.6,45
9253,BTW,1,New Delhi,"South Indian, Street Food, Mithai",400,Indian Rupees(Rs.),No,No,3.5,75
310459,Chalte Firte Momos & Special Foods,1,New Delhi,Fast Food,350,Indian Rupees(Rs.),No,Yes,3.5,55
218,Domino's Pizza,1,New Delhi,"Pizza, Fast Food",700,Indian Rupees(Rs.),No,No,3.5,123
300841,Gaurav Pastry Palace,1,New Delhi,"Bakery, Chinese",250,Indian Rupees(Rs.),No,No,3.6,95
302466,Jhakkas,1,New Delhi,"Street Food, South Indian",250,Indian Rupees(Rs.),No,No,3.5,175
309629,Kebab Xpress,1,New Delhi,"North Indian, Mughlai",600,Indian Rupees(Rs.),No,Yes,3.5,62
18312438,Keventers,1,New Delhi,Beverages,400,Indian Rupees(Rs.),No,No,3.8,43
9348,McDonald's,1,New Delhi,"Fast Food, Burger",500,Indian Rupees(Rs.),No,Yes,3.5,67
304928,Moti Mahal Delux,1,New Delhi,"North Indian, Mughlai, Chinese",800,Indian Rupees(Rs.),Yes,Yes,3.5,159
18273634,Mr. Sub,1,New Delhi,Fast Food,400,Indian Rupees(Rs.),No,Yes,3.5,42
18246132,Nik's Kitchen,1,New Delhi,"North Indian, Chinese",500,Indian Rupees(Rs.),No,Yes,3.8,56
302302,Punjabi Dhaba,1,New Delhi,North Indian,200,Indian Rupees(Rs.),No,No,3.6,98
18355152,Satvik Rasoi,1,New Delhi,North Indian,700,Indian Rupees(Rs.),No,Yes,3.8,31
308969,Shree Gopal Ji Chole Bhature,1,New Delhi,Street Food,200,Indian Rupees(Rs.),No,No,3.9,129
302344,South Indian Corner,1,New Delhi,"South Indian, Chinese",250,Indian Rupees(Rs.),No,No,3.5,62
307466,The Chocolate Villa,1,New Delhi,"Bakery, Desserts, Fast Food",350,Indian Rupees(Rs.),No,Yes,3.9,257
3108,Vaishno Punjabi Dhaba,1,New Delhi,North Indian,400,Indian Rupees(Rs.),No,Yes,3.5,70
309783,WTF - What's the Food?,1,New Delhi,"North Indian, Chinese, Fast Food",450,Indian Rupees(Rs.),No,Yes,3.5,83
8883,Handi Chhareyan Di,1,New Delhi,"North Indian, Chinese",550,Indian Rupees(Rs.),No,Yes,2.3,128
300966,Svaruchi Bhoj,1,New Delhi,"North Indian, South Indian, Chinese",600,Indian Rupees(Rs.),No,No,2.4,62
18408058,Caffe 9,1,New Delhi,"North Indian, Continental, European, American, Mediterranean",1400,Indian Rupees(Rs.),Yes,Yes,4.2,69
301763,Jai Vaishno Rasoi,1,New Delhi,North Indian,250,Indian Rupees(Rs.),No,Yes,4.2,171
18425766,Chidya Ghar - Roseate House,1,New Delhi,Continental,3700,Indian Rupees(Rs.),No,No,2.9,4
18382353,DEL - Roseate House,1,New Delhi,"Continental, American, North Indian",3000,Indian Rupees(Rs.),Yes,No,3.6,30
18463962,Roasted - Roseate,1,New Delhi,"Cafe, Bakery",1000,Indian Rupees(Rs.),Yes,No,0.0,3
7310,Adish,1,New Delhi,"North Indian, Chinese, South Indian",700,Indian Rupees(Rs.),No,No,3.1,45
4336,Amritsari Dhaba,1,New Delhi,"North Indian, Chinese",500,Indian Rupees(Rs.),No,No,3.2,18
305517,Amritsari Xpress,1,New Delhi,North Indian,300,Indian Rupees(Rs.),No,No,3.0,6
303289,Anupam Sweets,1,New Delhi,Mithai,250,Indian Rupees(Rs.),No,No,2.6,12
18334429,B Two,1,New Delhi,Chinese,400,Indian Rupees(Rs.),No,No,3.0,7
309531,Babbu Da Punjabi Dhaba,1,New Delhi,North Indian,300,Indian Rupees(Rs.),No,No,3.3,27
8216,Baker's Byte,1,New Delhi,Fast Food,200,Indian Rupees(Rs.),No,No,3.3,34
18384121,Bamboo Hut,1,New Delhi,"Naga, Tibetan",500,Indian Rupees(Rs.),No,Yes,3.4,15
1775,Bengal Sweet Corner,1,New Delhi,"North Indian, South Indian, Chinese, Street Food, Mithai",550,Indian Rupees(Rs.),No,Yes,2.8,90
300258,Cafe Coffee Day - The Lounge,1,New Delhi,Cafe,750,Indian Rupees(Rs.),No,No,2.5,32
304107,Cafe Coffee Day,1,New Delhi,Cafe,450,Indian Rupees(Rs.),No,No,2.8,16
18247034,Cake Away,1,New Delhi,"Cafe, Bakery",700,Indian Rupees(Rs.),No,No,3.0,5
18357109,Chanky Restruoo,1,New Delhi,Chinese,500,Indian Rupees(Rs.),No,No,3.0,12
309026,Chawla Fast Food,1,New Delhi,"North Indian, South Indian, Chinese",300,Indian Rupees(Rs.),No,No,2.9,4
18358685,Chawnsan Chef,1,New Delhi,"Mughlai, North Indian, Chinese",700,Indian Rupees(Rs.),No,Yes,3.4,13
18219516,China King,1,New Delhi,Chinese,500,Indian Rupees(Rs.),No,No,3.1,8
18461946,Dec,1,New Delhi,"Pizza, Continental, Beverages",300,Indian Rupees(Rs.),No,No,3.3,15
304194,Desi Zaika,1,New Delhi,"North Indian, Chinese",800,Indian Rupees(Rs.),No,Yes,2.6,83
300280,Druk,1,New Delhi,"Tibetan, Chinese",400,Indian Rupees(Rs.),No,No,2.8,53
9565,Flavours of Tibet,1,New Delhi,"Tibetan, Chinese",500,Indian Rupees(Rs.),No,Yes,3.3,141
18126972,Get Lost in Flavours,1,New Delhi,"North Indian, Chinese",650,Indian Rupees(Rs.),No,Yes,2.6,70
18285198,Giani,1,New Delhi,"Ice Cream, Desserts",300,Indian Rupees(Rs.),No,No,2.9,9
7318,Green Chick Chop,1,New Delhi,"Raw Meats, North Indian, Fast Food",350,Indian Rupees(Rs.),No,No,3.3,30
305514,Grover Dhaba,1,New Delhi,North Indian,300,Indian Rupees(Rs.),No,No,3.1,16
4330,Gupta's Rasoi,1,New Delhi,North Indian,350,Indian Rupees(Rs.),No,Yes,2.8,60
304186,Hangchuaa's Chinese Food Corner,1,New Delhi,Chinese,600,Indian Rupees(Rs.),No,Yes,3.1,35
18219526,High On Burgers,1,New Delhi,Fast Food,300,Indian Rupees(Rs.),No,Yes,3.2,37
18254549,Hot Paprika,1,New Delhi,"Chinese, Fast Food",500,Indian Rupees(Rs.),No,Yes,2.7,26
311570,Jalsa,1,New Delhi,Chinese,450,Indian Rupees(Rs.),No,Yes,2.7,6
309804,KPG Express,1,New Delhi,Chinese,500,Indian Rupees(Rs.),No,No,3.3,33
18144483,Le Himalaya,1,New Delhi,"Tibetan, Chinese",700,Indian Rupees(Rs.),No,Yes,3.1,34
309806,Lunia Italian,1,New Delhi,"Pizza, Fast Food",350,Indian Rupees(Rs.),No,No,3.4,25
305516,Mahipal Dhaba,1,New Delhi,North Indian,200,Indian Rupees(Rs.),No,No,2.8,8
18361271,Morong Ki,1,New Delhi,Naga,400,Indian Rupees(Rs.),No,No,3.0,7
311828,Moti Mahal Delux - Tandooori Trail,1,New Delhi,"North Indian, Mughlai",800,Indian Rupees(Rs.),No,Yes,2.7,90
310436,Pooja Take Away Kitchen,1,New Delhi,"North Indian, Chinese, Fast Food",400,Indian Rupees(Rs.),No,No,2.7,11
5846,Red Chilli,1,New Delhi,"North Indian, Chinese, Mughlai",900,Indian Rupees(Rs.),No,Yes,3.0,64
309808,Saturn,1,New Delhi,"Fast Food, North Indian",600,Indian Rupees(Rs.),No,Yes,2.8,9
18432849,Smokey Flavours,1,New Delhi,"North Indian, Mughlai",500,Indian Rupees(Rs.),No,No,3.3,13
7322,Subway,1,New Delhi,"American, Fast Food, Salad, Healthy Food",500,Indian Rupees(Rs.),No,Yes,2.9,188
308219,Sugar Loft,1,New Delhi,"Bakery, Desserts",500,Indian Rupees(Rs.),No,No,3.4,26
18138427,Sugary Affairs,1,New Delhi,"Bakery, Desserts",600,Indian Rupees(Rs.),No,No,3.0,6
18424971,The Baking Fusion,1,New Delhi,"Bakery, Desserts",400,Indian Rupees(Rs.),No,No,3.1,8
18456724,The Belly Giggles,1,New Delhi,"Naga, Tibetan, Chinese, Bakery",600,Indian Rupees(Rs.),No,No,3.0,4
300281,The Chef Restaurant,1,New Delhi,Chinese,400,Indian Rupees(Rs.),No,No,3.4,63
304187,Yo Tibet,1,New Delhi,"Chinese, Tibetan, Fast Food",500,Indian Rupees(Rs.),No,No,3.3,150
310942,Cafe Rock 'n' Rolla,1,New Delhi,"Fast Food, American, Italian",600,Indian Rupees(Rs.),No,Yes,3.6,103
309475,Charcoal,1,New Delhi,"European, North Indian",1300,Indian Rupees(Rs.),Yes,Yes,3.7,210
306870,Chawla Chicken,1,New Delhi,"North Indian, Mughlai",500,Indian Rupees(Rs.),No,Yes,3.5,40
300283,Freedom Corner,1,New Delhi,"Chinese, Tibetan",600,Indian Rupees(Rs.),No,Yes,3.5,123
18337779,Kori's,1,New Delhi,"Cafe, Korean",600,Indian Rupees(Rs.),No,Yes,3.6,110
307464,Mizo Diner,1,New Delhi,"North Indian, Tibetan",600,Indian Rupees(Rs.),No,No,3.7,154
1774,Rainbows,1,New Delhi,"Fast Food, Desserts",400,Indian Rupees(Rs.),No,Yes,3.5,51
7319,Rajinder Xpress,1,New Delhi,"North Indian, Chinese, Mughlai",800,Indian Rupees(Rs.),No,No,3.8,310
3164,RDX,1,New Delhi,"North Indian, Chinese, Mughlai",1000,Indian Rupees(Rs.),Yes,No,3.9,223
18458306,Sumo Sushi,1,New Delhi,Sushi,1000,Indian Rupees(Rs.),No,Yes,3.9,21
312130,The Categorical Eat Pham,1,New Delhi,North Eastern,600,Indian Rupees(Rs.),No,No,3.7,94
306581,The Hungry Monkey,1,New Delhi,"European, Italian",2300,Indian Rupees(Rs.),Yes,No,3.7,622
18357527,Treat Up Cafe and Restaurant,1,New Delhi,"Cafe, American, Continental, Nepalese",500,Indian Rupees(Rs.),No,No,3.6,31
18337920,Weird Time Food,1,New Delhi,"Continental, Fast Food",600,Indian Rupees(Rs.),No,Yes,3.6,49
18416859,Amor Kitchen,1,New Delhi,North Indian,400,Indian Rupees(Rs.),No,No,0.0,2
18485984,CHA! WA!!,1,New Delhi,"Fast Food, Beverages, Desserts",400,Indian Rupees(Rs.),No,No,0.0,1
18393436,Chip N Dale,1,New Delhi,"Continental, Chinese, Fast Food",400,Indian Rupees(Rs.),No,No,0.0,2
310320,Chocolangels,1,New Delhi,"Bakery, Desserts",300,Indian Rupees(Rs.),No,No,0.0,3
18331664,Home Kitchen,1,New Delhi,"North Indian, South Indian",350,Indian Rupees(Rs.),No,No,0.0,1
18291208,Laziz Foods,1,New Delhi,"Mughlai, North Indian",400,Indian Rupees(Rs.),No,No,0.0,2
18285734,Mummy's Food Corner,1,New Delhi,Assamese,300,Indian Rupees(Rs.),No,No,0.0,2
18334432,Riyaz Biryani Corner,1,New Delhi,North Indian,300,Indian Rupees(Rs.),No,No,0.0,2
18416831,Safdarjung Club,1,New Delhi,"Chinese, North Indian, Fast Food, Street Food",450,Indian Rupees(Rs.),No,No,0.0,1
18496493,Starup Catering,1,New Delhi,"Chinese, Mughlai, North Indian",300,Indian Rupees(Rs.),No,No,0.0,1
18285204,The Chinese & Thai Restaurant,1,New Delhi,"Chinese, Thai",300,Indian Rupees(Rs.),No,No,0.0,1
628,Cafe Coffee Day,1,New Delhi,Cafe,450,Indian Rupees(Rs.),No,No,2.4,28
305606,Zustt Yummy,1,New Delhi,"North Indian, Chinese, Fast Food",500,Indian Rupees(Rs.),No,No,2.3,54
18396054,Cafe Hashtag LoL,1,New Delhi,"Cafe, North Indian, Chinese",1200,Indian Rupees(Rs.),Yes,No,4.2,49
18237319,Dirty Apron,1,New Delhi,"European, Asian",2000,Indian Rupees(Rs.),Yes,Yes,4.3,96
17953911,Hornbill,1,New Delhi,Naga,400,Indian Rupees(Rs.),No,No,4.0,149
18456770,Napoli Pizza,1,New Delhi,Pizza,800,Indian Rupees(Rs.),No,Yes,4.0,41
1777,Rajinder Da Dhaba,1,New Delhi,"North Indian, Mughlai, Chinese",800,Indian Rupees(Rs.),No,No,4.3,3530
18138443,The Piano Man Jazz Club,1,New Delhi,"Mexican, American",1800,Indian Rupees(Rs.),Yes,Yes,4.2,420
313269,Tossin Pizza,1,New Delhi,"Pizza, Italian",900,Indian Rupees(Rs.),Yes,Yes,4.1,647
18428536,Big Belly Burger,1,New Delhi,Fast Food,200,Indian Rupees(Rs.),No,Yes,2.7,6
300231,Bikaner Choice,1,New Delhi,"Mithai, Street Food",100,Indian Rupees(Rs.),No,No,2.8,14
300236,Bikaner Misthan,1,New Delhi,"Mithai, Street Food, North Indian, South Indian, Chinese",350,Indian Rupees(Rs.),No,No,2.7,16
18303837,Da Yummy Pizza,1,New Delhi,"Pizza, Fast Food",500,Indian Rupees(Rs.),No,Yes,2.7,4
312827,Food Nursary,1,New Delhi,"North Indian, Mughlai",350,Indian Rupees(Rs.),No,Yes,2.8,5
302326,Puja Sandwich House,1,New Delhi,Fast Food,300,Indian Rupees(Rs.),No,No,2.7,16
300235,PVR Bhojanalay,1,New Delhi,"Street Food, North Indian",100,Indian Rupees(Rs.),No,No,2.7,17
309192,The Bake Studio,1,New Delhi,"Bakery, Desserts",450,Indian Rupees(Rs.),No,No,3.1,12
2201,The Blue Tandoor,1,New Delhi,"North Indian, Mughlai",1000,Indian Rupees(Rs.),No,No,2.9,13
18355141,Abdullah Biryani Centre,1,New Delhi,Biryani,300,Indian Rupees(Rs.),No,No,0.0,1
18408037,Allishan Family Restaurant,1,New Delhi,North Indian,200,Indian Rupees(Rs.),No,No,0.0,1
18489533,Bhawani Restaurant,1,New Delhi,"North Indian, Mughlai, Chinese",350,Indian Rupees(Rs.),No,No,0.0,0
18471278,BonJuz,1,New Delhi,"Healthy Food, Juices",200,Indian Rupees(Rs.),No,No,0.0,0
18440160,Chawla Chik Inn,1,New Delhi,"North Indian, Mughlai",800,Indian Rupees(Rs.),No,Yes,0.0,0
18354987,Foodies,1,New Delhi,North Indian,350,Indian Rupees(Rs.),No,No,0.0,0
302314,G+,1,New Delhi,Mithai,150,Indian Rupees(Rs.),No,No,0.0,3
18355145,Janta Canteen,1,New Delhi,North Indian,150,Indian Rupees(Rs.),No,No,0.0,0
18355137,Kalka's Food Centre,1,New Delhi,"North Indian, Chinese",200,Indian Rupees(Rs.),No,No,0.0,0
18489523,Le Village Pastry Shop,1,New Delhi,"Bakery, Fast Food",300,Indian Rupees(Rs.),No,No,0.0,0
18408066,Meatwale.com,1,New Delhi,"Raw Meats, North Indian",300,Indian Rupees(Rs.),No,No,0.0,1
18312586,Mohit Bakery,1,New Delhi,"Bakery, Fast Food",150,Indian Rupees(Rs.),No,No,0.0,1
18492960,Mouthmatics ,1,New Delhi,North Indian,200,Indian Rupees(Rs.),No,No,0.0,0
302311,Pastry Place,1,New Delhi,"Bakery, Fast Food",250,Indian Rupees(Rs.),No,No,0.0,2
18469965,Pho King Awesome,1,New Delhi,Asian,850,Indian Rupees(Rs.),No,No,0.0,1
18488864,PIE,1,New Delhi,"Desserts, Ice Cream, Pizza",250,Indian Rupees(Rs.),No,No,0.0,1
18470757,Rasoi - The Indian Zaika,1,New Delhi,North Indian,350,Indian Rupees(Rs.),No,No,0.0,0
18355143,Shree Balaji Bhojnalaya,1,New Delhi,North Indian,100,Indian Rupees(Rs.),No,No,0.0,0
18465571,Smoke Trailer Grill,1,New Delhi,American,400,Indian Rupees(Rs.),No,No,0.0,0
302318,Sonu Sweets,1,New Delhi,"Mithai, Chinese",200,Indian Rupees(Rs.),No,No,0.0,2
18303708,Spice Treat,1,New Delhi,Chinese,250,Indian Rupees(Rs.),No,No,0.0,0
18355147,Star Restaurant,1,New Delhi,North Indian,100,Indian Rupees(Rs.),No,No,0.0,0
311821,The Twisted Bakery,1,New Delhi,"Bakery, Desserts",400,Indian Rupees(Rs.),No,No,0.0,0
18414500,Tiffino Mania,1,New Delhi,"North Indian, Chinese, South Indian",300,Indian Rupees(Rs.),No,No,0.0,0
18419682,Yaadgaar,1,New Delhi,"Fast Food, North Indian",300,Indian Rupees(Rs.),No,No,0.0,0
18203159,Pandit Ji Ki Apni Rasoi,1,New Delhi,North Indian,300,Indian Rupees(Rs.),No,Yes,2.4,4
309152,Alam Muradabadi Chicken Biryani,1,New Delhi,"North Indian, Biryani",250,Indian Rupees(Rs.),No,No,3.0,5
309113,Boheme Bar & Grill,1,New Delhi,"North Indian, Chinese, Italian",1300,Indian Rupees(Rs.),Yes,Yes,3.3,118
18398598,Budapest Kitchen & Bar,1,New Delhi,"Finger Food, North Indian, Continental, Chinese, Italian",1500,Indian Rupees(Rs.),Yes,No,3.0,4
18303720,Dark House,1,New Delhi,"Chinese, Italian, Fast Food",400,Indian Rupees(Rs.),No,Yes,2.8,24
18303716,Henry's Cafe,1,New Delhi,"Pizza, North Indian, Continental",700,Indian Rupees(Rs.),No,Yes,3.4,42
300221,Kathi Zone,1,New Delhi,Fast Food,200,Indian Rupees(Rs.),No,No,3.3,20
18203177,Kehar Cafe & Restaurant,1,New Delhi,"North Indian, Mughlai, Chinese",600,Indian Rupees(Rs.),No,No,2.8,16
308992,Kumaon Dhaba & Service,1,New Delhi,North Indian,100,Indian Rupees(Rs.),No,No,3.0,8
18368005,Let'z Eat,1,New Delhi,"North Indian, Mughlai, Chinese, Fast Food",600,Indian Rupees(Rs.),No,Yes,2.7,11
311517,Lite Eat Cafe,1,New Delhi,Fast Food,300,Indian Rupees(Rs.),No,No,3.0,4
18282049,Malabar Dosa Hut,1,New Delhi,South Indian,150,Indian Rupees(Rs.),No,No,3.2,15
308166,New Red Onion,1,New Delhi,"North Indian, Chinese",800,Indian Rupees(Rs.),Yes,No,2.5,20
256,Pizza Hut,1,New Delhi,"Italian, Pizza, Fast Food",1000,Indian Rupees(Rs.),No,Yes,3.1,237
18348790,The Tiffin Hut,1,New Delhi,North Indian,300,Indian Rupees(Rs.),No,No,3.2,10
309874,The Upper Crust,1,New Delhi,"Pizza, Fast Food",550,Indian Rupees(Rs.),No,No,3.0,15
7131,Touch of Punjab,1,New Delhi,"North Indian, Mughlai",700,Indian Rupees(Rs.),No,No,2.9,33
312032,Tulicakes,1,New Delhi,"Bakery, Desserts",300,Indian Rupees(Rs.),No,No,3.4,31
311370,Wanchai By Kylin,1,New Delhi,"Asian, Chinese",700,Indian Rupees(Rs.),No,No,3.2,121
18233797,Wow! India,1,New Delhi,"North Indian, Chinese",300,Indian Rupees(Rs.),No,Yes,2.7,4
313311,All About Food,1,New Delhi,"Chinese, Asian, Mediterranean, Continental",750,Indian Rupees(Rs.),No,Yes,3.9,305
3797,Costa Coffee,1,New Delhi,Cafe,600,Indian Rupees(Rs.),No,No,3.7,118
309893,Hey' Sugar Delhi,1,New Delhi,"Bakery, Desserts",500,Indian Rupees(Rs.),No,No,3.7,60
4889,India Grill - Hilton Garden Inn,1,New Delhi,"Continental, Italian, North Indian",3000,Indian Rupees(Rs.),Yes,No,3.6,184
18373071,Jugmug Thela,1,New Delhi,Beverages,200,Indian Rupees(Rs.),No,No,3.8,25
18238757,Mucchad Di Chai,1,New Delhi,"Fast Food, Beverages",200,Indian Rupees(Rs.),No,No,3.7,36
311326,SS ONN THE GO,1,New Delhi,Street Food,500,Indian Rupees(Rs.),No,No,3.6,66
18255154,The Junkyard Cafe,1,New Delhi,"North Indian, Mediterranean, Asian",1500,Indian Rupees(Rs.),Yes,No,3.8,220
18465802,Aradhya Restaurant,1,New Delhi,"Chinese, North Indian",200,Indian Rupees(Rs.),No,No,0.0,0
18303815,Nanu Ki Rasoi,1,New Delhi,North Indian,200,Indian Rupees(Rs.),No,No,0.0,3
18409190,PSR Foods,1,New Delhi,"North Indian, Street Food",100,Indian Rupees(Rs.),No,No,0.0,0
18463563,Rasoi - The Indian Zaika,1,New Delhi,North Indian,400,Indian Rupees(Rs.),No,No,0.0,2
311174,The Pizza Corner,1,New Delhi,"Fast Food, Pizza",600,Indian Rupees(Rs.),No,Yes,2.1,39
4726,Wah Ji Wah,1,New Delhi,"North Indian, Chinese",450,Indian Rupees(Rs.),No,Yes,2.1,112
18217023,Blue Tokai Coffee Roasters,1,New Delhi,Cafe,350,Indian Rupees(Rs.),No,Yes,4.4,269
18279172,Ice Pan Creamery,1,New Delhi,"Ice Cream, Desserts",250,Indian Rupees(Rs.),No,No,4.2,92
8621,Rose Cafe,1,New Delhi,"Cafe, Italian, Lebanese, Continental, Mediterranean",1000,Indian Rupees(Rs.),No,No,4.1,1653
18463567,Nueva,1,New Delhi,South American,2500,Indian Rupees(Rs.),Yes,No,3.3,14
18124378,Cafe Diva,1,New Delhi,"European, Italian",2000,Indian Rupees(Rs.),Yes,No,3.8,109
313061,Starbucks,1,New Delhi,Cafe,700,Indian Rupees(Rs.),No,No,3.7,74
18126111,Cafe Delhi Heights,1,New Delhi,"Continental, American, Italian, Seafood, North Indian, Cafe",2000,Indian Rupees(Rs.),Yes,No,4.0,304
18053052,Delhi Club House,1,New Delhi,"North Indian, Continental, Asian",1700,Indian Rupees(Rs.),No,No,4.1,416
18034053,The Fatty Bao,1,New Delhi,"Asian, Sushi",1800,Indian Rupees(Rs.),Yes,No,4.1,695
18144458,Ziu,1,New Delhi,Thai,1500,Indian Rupees(Rs.),No,No,4.1,259
306801,Al-Arabi Restaurant,1,New Delhi,"Arabian, North Indian",600,Indian Rupees(Rs.),No,No,2.9,7
7815,Bikaner Sweets,1,New Delhi,"Mithai, Street Food",100,Indian Rupees(Rs.),No,No,3.0,9
1461,Chawla's?,1,New Delhi,North Indian,500,Indian Rupees(Rs.),No,No,3.0,19
18339800,DELI2NITE,1,New Delhi,"North Indian, Fast Food, Chinese",700,Indian Rupees(Rs.),No,Yes,2.6,15
309728,Green Chick Chop,1,New Delhi,"Raw Meats, North Indian, Fast Food",350,Indian Rupees(Rs.),No,No,3.3,14
308536,Laziz Fast Food & Laziz Khana,1,New Delhi,"North Indian, Chinese",350,Indian Rupees(Rs.),No,No,2.8,7
18357533,New Zaika Kathi Rolls,1,New Delhi,Fast Food,300,Indian Rupees(Rs.),No,No,3.1,8
18424619,Sardar Ji Chaap & Rolls,1,New Delhi,Fast Food,200,Indian Rupees(Rs.),No,No,3.2,7
7824,Shri Bala Ji,1,New Delhi,North Indian,150,Indian Rupees(Rs.),No,No,3.0,14
18219530,The Kitchen Exotica,1,New Delhi,"North Indian, Chinese",600,Indian Rupees(Rs.),No,No,3.0,9
303057,Wake And Bake,1,New Delhi,"Bakery, Desserts",500,Indian Rupees(Rs.),No,No,3.2,16
307409,Neha's Biscotte,1,New Delhi,"Bakery, Desserts",400,Indian Rupees(Rs.),No,No,3.5,40
7803,Bikaner Sweets,1,New Delhi,"Mithai, Street Food",100,Indian Rupees(Rs.),No,No,0.0,1
18472439,Biryani Bot,1,New Delhi,Biryani,200,Indian Rupees(Rs.),No,No,0.0,3
18424883,Brij Ki Rasoi,1,New Delhi,"North Indian, South Indian, Mughlai",250,Indian Rupees(Rs.),No,No,0.0,1
18357939,Devika Restaurant,1,New Delhi,South Indian,200,Indian Rupees(Rs.),No,No,0.0,0
18357941,Facebook Fast Food,1,New Delhi,"North Indian, Mughlai, Chinese",750,Indian Rupees(Rs.),No,No,0.0,0
310198,Jo's Peace of Cake,1,New Delhi,"Bakery, Desserts",300,Indian Rupees(Rs.),No,No,0.0,1
18390309,Kaka's Tiffin Service,1,New Delhi,North Indian,150,Indian Rupees(Rs.),No,No,0.0,0
18364414,MK Tiffin Service,1,New Delhi,North Indian,200,Indian Rupees(Rs.),No,No,0.0,1
7905,Moni Bakers,1,New Delhi,Bakery,150,Indian Rupees(Rs.),No,No,0.0,2
18357819,Nutri Lunch,1,New Delhi,North Indian,200,Indian Rupees(Rs.),No,No,0.0,0
7818,Om Aggarwal Sweets,1,New Delhi,Mithai,100,Indian Rupees(Rs.),No,No,0.0,1
18357948,Sansar Hotel,1,New Delhi,North Indian,300,Indian Rupees(Rs.),No,No,0.0,0
18357943,Shama Muradabadi Chicken Biryani,1,New Delhi,Mughlai,400,Indian Rupees(Rs.),No,No,0.0,0
18372279,Midnight Delight,1,New Delhi,"North Indian, Chinese",400,Indian Rupees(Rs.),No,Yes,2.4,8
18384138,Ashok & Ashok Meat Dhaba,1,New Delhi,North Indian,650,Indian Rupees(Rs.),No,Yes,3.2,11
18211312,Durga Sweets Corner,1,New Delhi,"Mithai, Street Food",100,Indian Rupees(Rs.),No,No,3.2,16
7591,Hot Pot,1,New Delhi,"Fast Food, Street Food",150,Indian Rupees(Rs.),No,No,2.7,16
1634,Kwic Bitte Restaurant,1,New Delhi,"Chinese, South Indian",300,Indian Rupees(Rs.),No,No,3.3,38
307618,Khandani Pakodewala,1,New Delhi,Street Food,100,Indian Rupees(Rs.),No,No,3.7,223
306535,Kulcha King,1,New Delhi,Street Food,200,Indian Rupees(Rs.),No,Yes,3.8,168
18396418,Cake Spot,1,New Delhi,"Bakery, Fast Food",400,Indian Rupees(Rs.),No,No,0.0,0
18357568,Chicken Point,1,New Delhi,"Mughlai, North Indian",600,Indian Rupees(Rs.),No,No,0.0,0
18425158,Chowringhee,1,New Delhi,Fast Food,250,Indian Rupees(Rs.),No,Yes,0.0,1
18492652,Koolees Milkshake Bar,1,New Delhi,Beverages,150,Indian Rupees(Rs.),No,No,0.0,0
18425149,Krispy Kitchen,1,New Delhi,"Chinese, Fast Food",300,Indian Rupees(Rs.),No,No,0.0,1
18489497,Mughlai Point,1,New Delhi,Mughlai,300,Indian Rupees(Rs.),No,No,0.0,1
18486878,Shama Chicken Corner,1,New Delhi,Mughlai,300,Indian Rupees(Rs.),No,No,0.0,0
3464,Alfa Kathi Rolls,1,New Delhi,Fast Food,250,Indian Rupees(Rs.),No,No,2.6,23
18252361,Angeethi Express,1,New Delhi,"North Indian, Chinese, Fast Food",400,Indian Rupees(Rs.),No,No,3.2,11
18252412,Backbenchers,1,New Delhi,"Cafe, Continental, Italian, North Indian",700,Indian Rupees(Rs.),No,No,3.4,178
1637,Bake Day,1,New Delhi,"Bakery, Fast Food",400,Indian Rupees(Rs.),No,Yes,3.2,82
3463,Balaji Dhaba,1,New Delhi,North Indian,300,Indian Rupees(Rs.),No,No,2.7,11
18454499,Bhukkad,1,New Delhi,North Indian,500,Indian Rupees(Rs.),No,Yes,3.2,8
609,Cafe Coffee Day,1,New Delhi,Cafe,450,Indian Rupees(Rs.),No,No,3.3,78
18441687,Cafe Cones & Curries,1,New Delhi,"Fast Food, North Indian",400,Indian Rupees(Rs.),No,No,3.1,6
305472,Cafe Trance & Lounge,1,New Delhi,"Cafe, Fast Food",500,Indian Rupees(Rs.),No,No,2.6,21
4649,Chinese Hut,1,New Delhi,Chinese,500,Indian Rupees(Rs.),No,Yes,3.2,33
300267,Chocolate Square,1,New Delhi,"Bakery, Desserts",300,Indian Rupees(Rs.),No,No,3.4,76
304976,Chocolate Temptation,1,New Delhi,"Bakery, Desserts",500,Indian Rupees(Rs.),No,Yes,3.3,62
18423129,Flirty Momo's,1,New Delhi,Chinese,350,Indian Rupees(Rs.),No,No,3.0,8
18456150,Food Junkies,1,New Delhi,"North Indian, Chinese, Mughlai",300,Indian Rupees(Rs.),No,No,3.2,11
18157391,Frozen Fantasy,1,New Delhi,"Desserts, Beverages",300,Indian Rupees(Rs.),No,No,3.3,31
18469968,Hooters,1,New Delhi,"Continental, Mexican, Fast Food, North Indian, Chinese",500,Indian Rupees(Rs.),No,No,3.1,6
18292083,Katwalk Lounge,1,New Delhi,"Cafe, Italian",600,Indian Rupees(Rs.),No,No,3.3,22
18356773,Mom Hand Momos,1,New Delhi,Chinese,100,Indian Rupees(Rs.),No,No,3.3,8
309811,Muradabadi Biryani Centre,1,New Delhi,Mughlai,450,Indian Rupees(Rs.),No,No,2.9,20
18453788,NCR Cafe ,1,New Delhi,"Cafe, Chinese, Fast Food",800,Indian Rupees(Rs.),No,No,3.0,4
18460981,Peri Peri Momos,1,New Delhi,"Chinese, Fast Food",300,Indian Rupees(Rs.),No,No,3.2,9
18287389,Rosart? Chocolate,1,New Delhi,Desserts,200,Indian Rupees(Rs.),No,No,3.4,15
1629,Shanghai Restaurant,1,New Delhi,"North Indian, Mughlai, Chinese",300,Indian Rupees(Rs.),No,No,2.5,23
18288761,SharpShooters Roof Top Cafe,1,New Delhi,"Cafe, Chinese, Italian",450,Indian Rupees(Rs.),No,No,3.0,18
7603,Stuti Restaurant,1,New Delhi,North Indian,250,Indian Rupees(Rs.),No,No,3.0,26
18204486,The Addictions,1,New Delhi,"North Indian, Chinese",450,Indian Rupees(Rs.),No,No,2.6,31
18341806,The Kahuna,1,New Delhi,"Chinese, Continental, Italian, North Indian",800,Indian Rupees(Rs.),No,No,3.1,27
18423125,Turn Up,1,New Delhi,"North Indian, Chinese",1200,Indian Rupees(Rs.),No,No,3.0,6
18175323,Wow! Momo,1,New Delhi,"Chinese, Fast Food",350,Indian Rupees(Rs.),No,No,3.4,154
18237321,Echoes Satyaniketan,1,New Delhi,"Cafe, Continental, Italian, Mexican, Chinese, American",600,Indian Rupees(Rs.),No,No,4.7,1563
18336489,#OFF Campus,1,New Delhi,"Cafe, Continental, Italian, Fast Food",800,Indian Rupees(Rs.),Yes,Yes,3.7,216
312772,2 Bandits Lounge & Bar,1,New Delhi,"Italian, Continental, Mexican, North Indian",1500,Indian Rupees(Rs.),Yes,No,3.9,1316
351,"34, Chowringhee Lane",1,New Delhi,Fast Food,350,Indian Rupees(Rs.),No,No,3.5,345
309140,Amigo's Hub,1,New Delhi,"Cafe, Fast Food",500,Indian Rupees(Rs.),No,Yes,3.7,193
311854,CAD M CAD B,1,New Delhi,"Fast Food, Italian, Beverages",600,Indian Rupees(Rs.),No,Yes,3.5,60
18391128,Cafe 121,1,New Delhi,"Continental, American, Italian, North Indian, Chinese",600,Indian Rupees(Rs.),No,Yes,3.6,23
18228894,Cafe Hera Pheri,1,New Delhi,"Cafe, Italian, Chinese, North Indian",500,Indian Rupees(Rs.),No,No,3.8,401
18429392,Cafe Tansen,1,New Delhi,"North Indian, Chinese",950,Indian Rupees(Rs.),Yes,No,3.5,20
18364239,Caf? Befikre,1,New Delhi,"Chinese, Continental",600,Indian Rupees(Rs.),No,Yes,3.8,80
300815,Caf? 101,1,New Delhi,"Cafe, Italian, North Indian",600,Indian Rupees(Rs.),No,Yes,3.6,365
18322638,Canteen Till I Die,1,New Delhi,"Cafe, Fast Food",300,Indian Rupees(Rs.),No,No,3.9,91
2215,China Bowl,1,New Delhi,"Chinese, Thai, Japanese, Tibetan",800,Indian Rupees(Rs.),No,Yes,3.9,363
304162,Chowringhee,1,New Delhi,"Street Food, Chinese, North Indian",600,Indian Rupees(Rs.),No,Yes,3.6,364
18157395,Crazy Kitchen Lounge & Terrace,1,New Delhi,"North Indian, Chinese, Italian",700,Indian Rupees(Rs.),No,Yes,3.9,176
309865,FrenZone,1,New Delhi,"North Indian, Chinese, Fast Food, Cafe",800,Indian Rupees(Rs.),Yes,Yes,3.9,288
18249109,Giani,1,New Delhi,"Ice Cream, Desserts",400,Indian Rupees(Rs.),No,Yes,3.5,27
18355138,Grill Master,1,New Delhi,Fast Food,300,Indian Rupees(Rs.),No,Yes,3.7,26
300185,High On Burgers,1,New Delhi,"Fast Food, Burger",300,Indian Rupees(Rs.),No,Yes,3.5,115
300269,Kev's,1,New Delhi,Fast Food,100,Indian Rupees(Rs.),No,No,3.9,184
18398506,Madira,1,New Delhi,"Cafe, North Indian, Chinese",800,Indian Rupees(Rs.),No,No,3.6,67
313296,Nature Hut Cafe,1,New Delhi,"Chinese, Thai, Continental, Fast Food, North Indian",750,Indian Rupees(Rs.),Yes,Yes,3.9,117
18445781,Papa Buns,1,New Delhi,Cafe,250,Indian Rupees(Rs.),No,No,3.6,25
18372705,Pirates of Campus,1,New Delhi,"Cafe, North Indian, Continental, Italian",700,Indian Rupees(Rs.),No,Yes,3.7,43
4278,Subway,1,New Delhi,"American, Fast Food, Salad, Healthy Food",500,Indian Rupees(Rs.),No,Yes,3.6,144
18312446,Sushiya Express,1,New Delhi,"Sushi, Asian",800,Indian Rupees(Rs.),No,Yes,3.7,74
18261701,The Chai Story,1,New Delhi,Cafe,300,Indian Rupees(Rs.),No,No,3.9,142
18424602,The Food Truck Cafe,1,New Delhi,Cafe,800,Indian Rupees(Rs.),No,No,3.9,35
18358164,The Punter House,1,New Delhi,"Cafe, Continental, Mexican, Italian, North Indian, Chinese",800,Indian Rupees(Rs.),Yes,No,3.7,177
18336204,Thikaana,1,New Delhi,"Cafe, Continental, Italian, Chinese",550,Indian Rupees(Rs.),No,No,3.6,83
18368002,Tin Town Caf?,1,New Delhi,"Cafe, North Indian, Continental, Chinese",600,Indian Rupees(Rs.),No,Yes,3.9,142
18245295,Uptown Cafe,1,New Delhi,"Cafe, Continental, Chinese, North Indian, Italian",1000,Indian Rupees(Rs.),Yes,Yes,3.6,244
18268693,Vadapav Junction,1,New Delhi,Street Food,150,Indian Rupees(Rs.),No,Yes,3.7,48
18472609,Crispers,1,New Delhi,"Fast Food, Beverages",300,Indian Rupees(Rs.),No,No,0.0,3
300183,Pizza Hut Delivery,1,New Delhi,"Italian, Pizza",800,Indian Rupees(Rs.),No,Yes,2.3,114
18216918,Wrapss,1,New Delhi,"Chinese, Fast Food",350,Indian Rupees(Rs.),No,Yes,2.2,41
306503,Big Yellow Door,1,New Delhi,"Cafe, Fast Food, Italian",600,Indian Rupees(Rs.),No,No,4.2,3311
18291230,Bombay Brunch,1,New Delhi,"Street Food, South Indian",400,Indian Rupees(Rs.),No,Yes,4.1,295
18418239,Burgrill,1,New Delhi,"Burger, Fast Food",450,Indian Rupees(Rs.),No,Yes,4.4,178
18391458,Cafe Kazbaah,1,New Delhi,"Cafe, Italian, Continental",600,Indian Rupees(Rs.),No,No,4.0,49
18418358,Eat Golf Repeat,1,New Delhi,"Cafe, Italian, Continental, Mexican",800,Indian Rupees(Rs.),No,No,4.1,37
18433610,Espress-o-Ville,1,New Delhi,"Cafe, Continental, Italian",600,Indian Rupees(Rs.),No,No,4.0,48
18391320,Frosty Rollies,1,New Delhi,"Desserts, Ice Cream",250,Indian Rupees(Rs.),No,No,4.0,44
18222586,Pipeline Cafe,1,New Delhi,"Cafe, North Indian, Chinese, Continental",650,Indian Rupees(Rs.),No,Yes,4.0,355
18303832,QRO Gourmeteriia BY DARK HOUSE KAFE,1,New Delhi,"Cafe, Continental, Italian, Chinese, North Indian",600,Indian Rupees(Rs.),No,Yes,4.2,349
18349916,Superstar Caf?,1,New Delhi,"Cafe, Continental, Italian",600,Indian Rupees(Rs.),No,Yes,4.2,530
18358675,TBH - The Big House Cafe,1,New Delhi,"Cafe, Continental, North Indian, Chinese, Mexican",700,Indian Rupees(Rs.),No,Yes,4.0,107
312142,The Biryani Co.,1,New Delhi,"Hyderabadi, Biryani, North Indian",650,Indian Rupees(Rs.),No,Yes,4.2,295
307571,Wood Box Cafe,1,New Delhi,"Cafe, Fast Food, Italian, Chinese",850,Indian Rupees(Rs.),Yes,Yes,4.1,1479
311340,Young Wild Free Cafe,1,New Delhi,"Cafe, Italian, Chinese, Continental",500,Indian Rupees(Rs.),No,No,4.1,658
7849,A-One Green Sweet Corner,1,New Delhi,"Mithai, Street Food",200,Indian Rupees(Rs.),No,No,2.9,4
304950,Cake Symphony,1,New Delhi,"Bakery, Desserts",600,Indian Rupees(Rs.),No,No,3.1,15
304633,Charu Nanda's Home Baked Cakes,1,New Delhi,"Bakery, Desserts",300,Indian Rupees(Rs.),No,No,3.1,7
5848,Costa Coffee,1,New Delhi,Cafe,600,Indian Rupees(Rs.),No,No,3.4,53
18133471,IndoCheen,1,New Delhi,Chinese,500,Indian Rupees(Rs.),No,No,3.2,49
18312609,The Staircase Cafe by Doggy Style,1,New Delhi,"Continental, Italian",700,Indian Rupees(Rs.),No,Yes,2.6,100
18336481,Twisted Tacos,1,New Delhi,Mexican,850,Indian Rupees(Rs.),No,Yes,3.4,69
18425760,Typsy Crow,1,New Delhi,"North Indian, Continental",1000,Indian Rupees(Rs.),No,No,2.9,15
18216936,Urban Dhaba,1,New Delhi,"North Indian, Chinese, Mughlai",550,Indian Rupees(Rs.),No,Yes,2.5,40
528,Barista,1,New Delhi,Cafe,650,Indian Rupees(Rs.),No,Yes,3.6,104
18349937,Keventers,1,New Delhi,Beverages,400,Indian Rupees(Rs.),No,No,3.6,18
782,Little Punjab,1,New Delhi,North Indian,200,Indian Rupees(Rs.),No,No,3.7,85
312937,Miam,1,New Delhi,"Bakery, Desserts",800,Indian Rupees(Rs.),No,No,3.9,47
18375411,Maharaja Food Club,1,New Delhi,North Indian,300,Indian Rupees(Rs.),No,No,0.0,1
18279458,Sugar Rush,1,New Delhi,"Bakery, Mithai",200,Indian Rupees(Rs.),No,No,0.0,2
18433987,Tippy Tippy Tap,1,New Delhi,"Bakery, Fast Food",300,Indian Rupees(Rs.),No,No,3.1,9
2228,Alaturka,1,New Delhi,Turkish,600,Indian Rupees(Rs.),No,Yes,3.4,202
1643,Chicago Pizza,1,New Delhi,Pizza,600,Indian Rupees(Rs.),No,Yes,3.4,271
2910,Fast Trax,1,New Delhi,Fast Food,250,Indian Rupees(Rs.),No,No,3.4,203
7364,Khan Chacha,1,New Delhi,Mughlai,650,Indian Rupees(Rs.),No,Yes,3.4,504
18429148,Pa Pa Ya,1,New Delhi,"Asian, Chinese, Thai, Japanese",2000,Indian Rupees(Rs.),No,No,4.7,268
506,Barista,1,New Delhi,Cafe,650,Indian Rupees(Rs.),No,No,3.6,99
311103,Bings Cafe,1,New Delhi,"Korean, Beverages, Desserts",650,Indian Rupees(Rs.),Yes,Yes,3.9,179
310916,Fat Lulu's,1,New Delhi,"Pizza, Italian",1250,Indian Rupees(Rs.),No,Yes,3.8,298
306545,Harry's Bar + Cafe,1,New Delhi,"Mediterranean, American, Asian",1600,Indian Rupees(Rs.),Yes,No,3.6,392
3921,Joy Luck Moon,1,New Delhi,Chinese,1800,Indian Rupees(Rs.),Yes,Yes,3.5,385
311634,Keventers,1,New Delhi,Beverages,400,Indian Rupees(Rs.),No,No,3.9,383
8877,L'Opera,1,New Delhi,"Bakery, Desserts, Fast Food",400,Indian Rupees(Rs.),No,Yes,3.8,157
311756,Pita Pit,1,New Delhi,"Healthy Food, Salad",600,Indian Rupees(Rs.),No,Yes,3.7,217
311563,Saravana Bhavan,1,New Delhi,South Indian,500,Indian Rupees(Rs.),No,No,3.9,197
9984,Starbucks,1,New Delhi,Cafe,700,Indian Rupees(Rs.),No,No,3.9,725
1372,The Coffee Bean & Tea Leaf,1,New Delhi,Cafe,700,Indian Rupees(Rs.),No,No,3.7,417
9467,The Coffee Bean & Tea Leaf,1,New Delhi,Cafe,700,Indian Rupees(Rs.),No,No,3.6,127
311440,Habibi Express,1,New Delhi,"Lebanese, Arabian, Moroccan",900,Indian Rupees(Rs.),No,Yes,2.2,122
18424903,Andrea's Eatery,1,New Delhi,"Italian, Mexican, Spanish, Thai, Vietnamese, Indonesian, American",2000,Indian Rupees(Rs.),Yes,No,4.3,130
311749,Drool Waffles,1,New Delhi,Desserts,500,Indian Rupees(Rs.),No,No,4.2,228
18268720,Elma's at Good Earth,1,New Delhi,"Cafe, Continental, Italian",1500,Indian Rupees(Rs.),Yes,No,4.0,61
4271,H?agen-Dazs,1,New Delhi,"Desserts, Ice Cream",700,Indian Rupees(Rs.),No,No,4.0,649
305833,Krispy Kreme,1,New Delhi,"Desserts, Beverages",350,Indian Rupees(Rs.),No,Yes,4.0,734
307296,Movenpick,1,New Delhi,"Ice Cream, Desserts",650,Indian Rupees(Rs.),No,Yes,4.0,135
2786,Punjab Grill,1,New Delhi,"North Indian, Mughlai",1950,Indian Rupees(Rs.),Yes,Yes,4.2,1971
302422,Aapka Bhojanalaya,1,New Delhi,"North Indian, Fast Food, South Indian",200,Indian Rupees(Rs.),No,No,2.8,5
302418,Aayana Foods,1,New Delhi,"North Indian, Mughlai",450,Indian Rupees(Rs.),No,No,3.1,14
302416,Aggarwal Sweet India,1,New Delhi,"Mithai, Street Food",100,Indian Rupees(Rs.),No,No,2.9,4
18343904,Amchur,1,New Delhi,North Indian,450,Indian Rupees(Rs.),No,No,2.9,6
302369,Anand Ji de Choley Bhatoore,1,New Delhi,North Indian,150,Indian Rupees(Rs.),No,No,2.7,5
302425,Annapoorna,1,New Delhi,Street Food,100,Indian Rupees(Rs.),No,No,3.1,19
302399,Big Bite,1,New Delhi,"North Indian, Chinese, Fast Food",300,Indian Rupees(Rs.),No,No,3.0,22
302396,Ceaser Fast Food Centre,1,New Delhi,"North Indian, Mughlai",500,Indian Rupees(Rs.),No,No,2.8,9
6224,Chanana Ice Cream Parlour,1,New Delhi,Ice Cream,100,Indian Rupees(Rs.),No,No,2.9,4
303906,Chaska,1,New Delhi,North Indian,250,Indian Rupees(Rs.),No,No,3.0,10
18291454,Chowranghee,1,New Delhi,Fast Food,300,Indian Rupees(Rs.),No,No,2.9,4
302433,Darbaar Chicken,1,New Delhi,"North Indian, Mughlai",550,Indian Rupees(Rs.),No,No,3.0,14
312810,Dilli Darbar,1,New Delhi,"North Indian, Chinese, South Indian",400,Indian Rupees(Rs.),No,No,3.3,34
310563,Domino's Pizza,1,New Delhi,"Pizza, Fast Food",700,Indian Rupees(Rs.),No,No,2.8,31
6228,Empire,1,New Delhi,Street Food,100,Indian Rupees(Rs.),No,No,2.9,5
312671,Giani,1,New Delhi,"Ice Cream, Desserts",400,Indian Rupees(Rs.),No,No,3.1,8
18332676,Goldy Da Dhaba,1,New Delhi,North Indian,300,Indian Rupees(Rs.),No,No,3.0,6
18146396,Gufa Restaurant,1,New Delhi,"Chinese, North Indian",300,Indian Rupees(Rs.),No,No,3.2,14
18126077,Gulshan,1,New Delhi,North Indian,600,Indian Rupees(Rs.),No,No,3.3,25
308906,Hira Sweets,1,New Delhi,Mithai,200,Indian Rupees(Rs.),No,No,3.3,19
302358,Hot Shop,1,New Delhi,Chinese,300,Indian Rupees(Rs.),No,No,3.3,27
302424,Janta Eating House,1,New Delhi,North Indian,150,Indian Rupees(Rs.),No,No,3.3,40
302359,Madras Cafe,1,New Delhi,"South Indian, Fast Food",250,Indian Rupees(Rs.),No,No,3.4,28
6206,Mitra Da Dhaba & Caterers,1,New Delhi,North Indian,200,Indian Rupees(Rs.),No,No,3.0,14
311371,Mr. Momo,1,New Delhi,"Fast Food, Chinese",350,Indian Rupees(Rs.),No,No,2.7,18
18128853,New Anand Sagar,1,New Delhi,"North Indian, Chinese, Street Food",350,Indian Rupees(Rs.),No,No,2.8,5
307976,New Tayal's Restaurant,1,New Delhi,"Chinese, South Indian",300,Indian Rupees(Rs.),No,No,2.8,11
6252,Paramjeet Fish & Chicken Point,1,New Delhi,North Indian,550,Indian Rupees(Rs.),No,No,3.1,15
18128862,Pizza Diet,1,New Delhi,"Pizza, Fast Food",450,Indian Rupees(Rs.),No,No,2.8,6
307520,Pizza Diet,1,New Delhi,"Pizza, Fast Food",450,Indian Rupees(Rs.),No,No,2.7,29
310689,Pizzalicious,1,New Delhi,"Pizza, Fast Food",400,Indian Rupees(Rs.),No,No,3.0,9
308522,Prem Punjab,1,New Delhi,"North Indian, Chinese",300,Indian Rupees(Rs.),No,No,2.8,11
310807,Priya Panchvati,1,New Delhi,"South Indian, Fast Food, Chinese",550,Indian Rupees(Rs.),No,No,2.9,10
302442,Ram Singh Chaat Bhandaar,1,New Delhi,Street Food,100,Indian Rupees(Rs.),No,No,3.1,13
307986,Ramchander Bhalushahi Wale,1,New Delhi,Mithai,150,Indian Rupees(Rs.),No,No,3.2,11
6219,Shahi Food Corner,1,New Delhi,North Indian,150,Indian Rupees(Rs.),No,No,3.0,9
312773,Titu Chaat Corner,1,New Delhi,"Street Food, Fast Food",200,Indian Rupees(Rs.),No,No,2.9,6
308513,Vinayak Restaurant,1,New Delhi,"North Indian, Chinese",450,Indian Rupees(Rs.),No,No,2.7,24
18378019,Vrinda's Food,1,New Delhi,"North Indian, Chinese, South Indian, Bakery",600,Indian Rupees(Rs.),No,No,2.9,6
6218,Walia's Dawat Mahal,1,New Delhi,"North Indian, Chinese",550,Indian Rupees(Rs.),No,No,3.1,22
18428201,Crazy Delights,1,New Delhi,Bakery,300,Indian Rupees(Rs.),No,No,3.5,14
18294229,Aapki Rasoi,1,New Delhi,North Indian,250,Indian Rupees(Rs.),No,No,0.0,3
18350567,ADM Foodi,1,New Delhi,North Indian,500,Indian Rupees(Rs.),No,No,0.0,1
18423878,Aggarwal Bikaner Sweets Corner,1,New Delhi,"Mithai, Fast Food",200,Indian Rupees(Rs.),No,No,0.0,2
308908,Aggarwal Petha Store and Bakers,1,New Delhi,"Bakery, Mithai",100,Indian Rupees(Rs.),No,No,0.0,2
302436,Aggarwal Sweet Fresh,1,New Delhi,"Mithai, Street Food",100,Indian Rupees(Rs.),No,No,0.0,2
18423867,Aggarwal Sweet India,1,New Delhi,"Mithai, Fast Food",300,Indian Rupees(Rs.),No,No,0.0,1
18423872,Aggarwal Sweets,1,New Delhi,Mithai,150,Indian Rupees(Rs.),No,No,0.0,1
18435811,Al-Taj Shamim Chicken Point,1,New Delhi,Mughlai,250,Indian Rupees(Rs.),No,No,0.0,1
18332478,Apni Rasoi,1,New Delhi,"Chinese, North Indian",400,Indian Rupees(Rs.),No,No,0.0,3
18423865,Bikaner Sweets & Bakers,1,New Delhi,"Mithai, Fast Food",500,Indian Rupees(Rs.),No,No,0.0,2
18377919,Bikaner Sweets & Restaurant,1,New Delhi,"North Indian, Chinese, South Indian",300,Indian Rupees(Rs.),No,No,0.0,1
302411,Bikaner Sweets,1,New Delhi,"Mithai, Street Food",100,Indian Rupees(Rs.),No,No,0.0,1
18423869,Bitoo Chat Corner,1,New Delhi,Street Food,200,Indian Rupees(Rs.),No,No,0.0,2
18128874,Chaska,1,New Delhi,"Chinese, Street Food",150,Indian Rupees(Rs.),No,No,0.0,2
18224540,Chilli Tadka Food Villa,1,New Delhi,"North Indian, Chinese",300,Indian Rupees(Rs.),No,No,0.0,3
6230,China Town,1,New Delhi,"South Indian, Chinese",200,Indian Rupees(Rs.),No,No,0.0,3
18377910,Chinese Delight,1,New Delhi,Chinese,250,Indian Rupees(Rs.),No,No,0.0,2
18128876,D Food,1,New Delhi,"Chinese, Fast Food, North Indian",400,Indian Rupees(Rs.),No,No,0.0,3
307521,Da Bawarchi,1,New Delhi,"North Indian, Street Food",300,Indian Rupees(Rs.),No,No,0.0,3
18284473,Delhi Cafe Restaurant,1,New Delhi,North Indian,150,Indian Rupees(Rs.),No,No,0.0,3
18481404,Dosa Plaza,1,New Delhi,"South Indian, Chinese",200,Indian Rupees(Rs.),No,No,0.0,2
18435311,Ex- Taj Foods,1,New Delhi,North Indian,400,Indian Rupees(Rs.),No,No,0.0,1
18291465,Fantasy Pastry Shop,1,New Delhi,"Bakery, Desserts",100,Indian Rupees(Rs.),No,No,0.0,1
18423140,Gareeb Dhaba,1,New Delhi,Mughlai,150,Indian Rupees(Rs.),No,No,0.0,1
18423122,Hira Lal Sweets,1,New Delhi,Mithai,300,Indian Rupees(Rs.),No,No,0.0,2
18438426,Hot & Chilly Point,1,New Delhi,Chinese,200,Indian Rupees(Rs.),No,No,0.0,1
18435320,Hot Chinese & Fast Food,1,New Delhi,Chinese,200,Indian Rupees(Rs.),No,No,0.0,1
305626,Jainco Sweets,1,New Delhi,Mithai,200,Indian Rupees(Rs.),No,No,0.0,2
18423859,Jony Sweets,1,New Delhi,"Bakery, Desserts",100,Indian Rupees(Rs.),No,No,0.0,1
18423857,Laxmi Dairy,1,New Delhi,"Mithai, Street Food",150,Indian Rupees(Rs.),No,No,0.0,0
18423876,Madras Cafe,1,New Delhi,South Indian,500,Indian Rupees(Rs.),No,No,0.0,3
302427,Mehak Restaurant,1,New Delhi,"North Indian, South Indian",200,Indian Rupees(Rs.),No,No,0.0,2
18432109,Mr. Gold,1,New Delhi,"Bakery, Desserts",500,Indian Rupees(Rs.),No,No,0.0,0
18438433,New Madras Cafe,1,New Delhi,"Street Food, Chinese",250,Indian Rupees(Rs.),No,No,0.0,2
18128872,Pizza Hub,1,New Delhi,"Fast Food, Pizza",350,Indian Rupees(Rs.),No,No,0.0,3
18378042,Pizza Hub,1,New Delhi,Pizza,250,Indian Rupees(Rs.),No,No,0.0,2
18423863,Prakash Sweets,1,New Delhi,"Mithai, Street Food",150,Indian Rupees(Rs.),No,No,0.0,1
18378026,Punjabi Chaska & Rasoi,1,New Delhi,North Indian,200,Indian Rupees(Rs.),No,No,0.0,2
18378022,Sagar,1,New Delhi,"Bakery, Fast Food",300,Indian Rupees(Rs.),No,No,0.0,2
18288644,Sardar A Pure Meat Shop,1,New Delhi,"Raw Meats, Fast Food, North Indian",150,Indian Rupees(Rs.),No,No,0.0,3
18423870,South Cafe,1,New Delhi,"Fast Food, South Indian",200,Indian Rupees(Rs.),No,No,0.0,1
18435823,Sultan Chicken Corner,1,New Delhi,Mughlai,300,Indian Rupees(Rs.),No,No,0.0,0
18474418,The AB's Kitchen,1,New Delhi,"Chinese, North Indian",350,Indian Rupees(Rs.),No,No,0.0,3
18423861,Wah Ji Wah,1,New Delhi,"North Indian, Chinese",400,Indian Rupees(Rs.),No,No,0.0,1
18435803,Yum Yum,1,New Delhi,"Pizza, Burger, Fast Food",250,Indian Rupees(Rs.),No,No,0.0,2
18377912,Zaika-e-Dilli,1,New Delhi,North Indian,300,Indian Rupees(Rs.),No,No,0.0,3
312268,Anandini - The Tea Room,1,New Delhi,Tea,500,Indian Rupees(Rs.),No,No,3.4,18
773,Slice of Italy,1,New Delhi,"Italian, Pizza, Bakery",700,Indian Rupees(Rs.),Yes,Yes,2.6,274
305147,The Coffee Garage,1,New Delhi,Cafe,800,Indian Rupees(Rs.),No,No,3.4,112
18337924,The Fashion Street Caf?,1,New Delhi,"Cafe, North Indian, Chinese, South Indian",650,Indian Rupees(Rs.),No,Yes,3.2,18
18481305,Urban Village,1,New Delhi,North Indian,400,Indian Rupees(Rs.),No,No,3.4,13
18180080,Greenr Cafe,1,New Delhi,Cafe,1100,Indian Rupees(Rs.),No,Yes,4.6,112
18306545,Boom Food,1,New Delhi,"Asian, North Indian",1100,Indian Rupees(Rs.),No,Yes,3.8,56
303723,Cafe Red,1,New Delhi,Cafe,1100,Indian Rupees(Rs.),Yes,Yes,3.6,260
18222560,Hyderabad House,1,New Delhi,"Hyderabadi, North Indian",700,Indian Rupees(Rs.),No,Yes,3.5,67
311483,Le ROFL,1,New Delhi,"Cafe, Continental, Chinese, Italian",1200,Indian Rupees(Rs.),Yes,Yes,3.8,177
305640,Ma Cuisine,1,New Delhi,"North Indian, Continental, Salad",400,Indian Rupees(Rs.),No,No,3.6,43
18282007,Mumbai Matinee,1,New Delhi,"North Indian, Italian, Continental",1000,Indian Rupees(Rs.),Yes,Yes,3.5,84
301793,Old Town Cafe,1,New Delhi,Cafe,800,Indian Rupees(Rs.),No,Yes,3.6,119
18350234,Spanish Delights,1,New Delhi,Ice Cream,200,Indian Rupees(Rs.),No,No,3.5,23
300969,Sweet Nothings By Avanti Mathur,1,New Delhi,"Desserts, Bakery",600,Indian Rupees(Rs.),No,No,3.7,40
18161610,Threads,1,New Delhi,Cafe,700,Indian Rupees(Rs.),No,Yes,3.8,59
310502,Bats On Delivery,1,New Delhi,"North Indian, Fast Food",700,Indian Rupees(Rs.),No,Yes,2.3,82
18244555,Asia Central,1,New Delhi,"Asian, Chinese, Thai, Vietnamese",1000,Indian Rupees(Rs.),No,Yes,4.2,264
18466435,Biryani By Kilo,1,New Delhi,"Biryani, Mughlai",700,Indian Rupees(Rs.),No,Yes,4.0,24
18163906,Cafe 5H By The Kitchen Connect,1,New Delhi,"Cafe, Continental, Italian",700,Indian Rupees(Rs.),No,Yes,4.0,88
18421026,Hearken Caf?,1,New Delhi,Cafe,900,Indian Rupees(Rs.),No,Yes,4.0,55
18291469,Puppychino,1,New Delhi,"Cafe, Continental, Italian",1000,Indian Rupees(Rs.),No,Yes,4.4,165
18322609,Remember Me Caf?,1,New Delhi,"Cafe, Continental, Italian, Mexican",1000,Indian Rupees(Rs.),Yes,Yes,4.0,134
307391,Sugarama Patisserie,1,New Delhi,"Bakery, Desserts",500,Indian Rupees(Rs.),No,Yes,4.2,292
18400746,The Last Mughal (TLM),1,New Delhi,"North Indian, Mughlai",750,Indian Rupees(Rs.),No,Yes,4.4,52
9417,The Mad Teapot/The Wishing Chair,1,New Delhi,"Cafe, Bakery, Italian",1000,Indian Rupees(Rs.),Yes,No,4.1,251
18303719,Fusion Dosa Cafe,1,New Delhi,"South Indian, Fast Food",300,Indian Rupees(Rs.),No,No,3.3,13
6107,Goyal Eating Point,1,New Delhi,North Indian,200,Indian Rupees(Rs.),No,No,2.8,11
313139,Haveliram,1,New Delhi,North Indian,450,Indian Rupees(Rs.),No,No,2.9,6
309044,Meet You There,1,New Delhi,"Chinese, North Indian",500,Indian Rupees(Rs.),No,No,2.6,94
18157406,Shree Bhog Pure Veg Restaurant,1,New Delhi,"North Indian, Chinese",200,Indian Rupees(Rs.),No,No,3.0,7
311196,The Crust,1,New Delhi,"Pizza, Fast Food",500,Indian Rupees(Rs.),No,No,3.1,16
304965,Vijay Eating Point,1,New Delhi,"North Indian, Chinese",450,Indian Rupees(Rs.),No,No,2.9,4
18438438,Aggarwal Bikaner Sweets,1,New Delhi,Bakery,250,Indian Rupees(Rs.),No,No,0.0,0
18418252,Bikaner Sweets & Restaurant,1,New Delhi,"Desserts, North Indian",250,Indian Rupees(Rs.),No,No,0.0,1
18163895,Cafe Coffee Day,1,New Delhi,Cafe,450,Indian Rupees(Rs.),No,No,0.0,0
18463999,Cake'ry,1,New Delhi,Bakery,500,Indian Rupees(Rs.),No,No,0.0,0
18438457,Come 'n' Eat,1,New Delhi,"Chinese, Fast Food",300,Indian Rupees(Rs.),No,No,0.0,1
300788,Darbar Chicken Corner,1,New Delhi,"North Indian, Mughlai, Chinese",500,Indian Rupees(Rs.),No,No,0.0,3
18438448,Food Care,1,New Delhi,"Chinese, Fast Food",300,Indian Rupees(Rs.),No,No,0.0,0
18441706,Himalaya Momos,1,New Delhi,Fast Food,250,Indian Rupees(Rs.),No,No,0.0,0
9855,Hirdesh Eating Point,1,New Delhi,North Indian,200,Indian Rupees(Rs.),No,No,0.0,1
18380146,Joshi Eating House,1,New Delhi,North Indian,250,Indian Rupees(Rs.),No,No,0.0,1
18409189,Just Veg,1,New Delhi,Chinese,200,Indian Rupees(Rs.),No,No,0.0,0
18377880,Natural Pizza Hub & Food Court,1,New Delhi,Pizza,300,Indian Rupees(Rs.),No,No,0.0,0
18377888,Pawar's Food Court Inc.,1,New Delhi,North Indian,400,Indian Rupees(Rs.),No,No,0.0,1
18438465,Rajesh Eating Corner,1,New Delhi,Street Food,150,Indian Rupees(Rs.),No,No,0.0,0
18291209,Raju Ice Cream Parlor,1,New Delhi,"Pizza, Ice Cream",250,Indian Rupees(Rs.),No,No,0.0,0
18441710,Sangam Ratna,1,New Delhi,South Indian,200,Indian Rupees(Rs.),No,No,0.0,0
18419917,Tandoor & Curry Restaurant,1,New Delhi,"North Indian, Chinese",400,Indian Rupees(Rs.),No,No,0.0,3
18418243,Uttarakhand Eating Point,1,New Delhi,North Indian,200,Indian Rupees(Rs.),No,No,0.0,0
18441700,Uttranchal Eating Point,1,New Delhi,"North Indian, Chinese, Fast Food",250,Indian Rupees(Rs.),No,No,0.0,0
311189,Yummy Rasoi,1,New Delhi,"North Indian, Fast Food",200,Indian Rupees(Rs.),No,No,0.0,1
2055,Aggarwal Restaurant,1,New Delhi,"South Indian, Chinese",350,Indian Rupees(Rs.),No,No,3.1,14
2383,Ane China,1,New Delhi,"Chinese, Fast Food",400,Indian Rupees(Rs.),No,No,2.7,11
304092,Arora's Veg. Corner,1,New Delhi,North Indian,300,Indian Rupees(Rs.),No,No,3.4,18
302471,Ashu Thali Wala,1,New Delhi,North Indian,250,Indian Rupees(Rs.),No,No,3.0,11
6555,Bangla Sweets & Pastry Shop,1,New Delhi,Mithai,100,Indian Rupees(Rs.),No,No,2.9,8
4716,Baskin Robbins,1,New Delhi,Ice Cream,300,Indian Rupees(Rs.),No,No,3.4,21
311364,Believe in Taste,1,New Delhi,"North Indian, Chinese, Fast Food",400,Indian Rupees(Rs.),No,No,3.0,7
313494,Bharat Sweet House,1,New Delhi,Mithai,200,Indian Rupees(Rs.),No,No,3.2,8
8628,Bikaner Kesarvala,1,New Delhi,"Mithai, Street Food",150,Indian Rupees(Rs.),No,No,3.2,24
18312595,Cafe Coffee Day,1,New Delhi,Cafe,450,Indian Rupees(Rs.),No,No,3.1,5
1501,Chawla's Chic Inn,1,New Delhi,"North Indian, Chinese",700,Indian Rupees(Rs.),No,Yes,3.0,71
18383610,Chhappan Bhog,1,New Delhi,"Mithai, Street Food",200,Indian Rupees(Rs.),No,No,3.2,9
2053,Chinese Hut Fast Food,1,New Delhi,Chinese,350,Indian Rupees(Rs.),No,No,3.0,13
311358,Domino's Pizza,1,New Delhi,"Pizza, Fast Food",700,Indian Rupees(Rs.),No,No,3.0,28
301487,Frontier,1,New Delhi,Bakery,200,Indian Rupees(Rs.),No,No,3.1,10
18288186,Giani,1,New Delhi,"Ice Cream, Desserts",400,Indian Rupees(Rs.),No,No,3.3,13
8670,Hot Pot Snacks,1,New Delhi,Fast Food,200,Indian Rupees(Rs.),No,No,3.4,53
18376510,Keventers,1,New Delhi,Beverages,400,Indian Rupees(Rs.),No,No,3.1,4
302452,Kishan Dhaba,1,New Delhi,North Indian,150,Indian Rupees(Rs.),No,No,3.0,4
2049,Madras Dosa & Chinese,1,New Delhi,"South Indian, Chinese",500,Indian Rupees(Rs.),No,No,2.7,91
304090,Mehfil Tawa Tandoor,1,New Delhi,North Indian,350,Indian Rupees(Rs.),No,No,3.1,9
6561,Mitthu Tikki Wala,1,New Delhi,"North Indian, Street Food, Chinese",300,Indian Rupees(Rs.),No,No,3.2,21
6562,Mitthu Tikki Wala,1,New Delhi,"Fast Food, North Indian",300,Indian Rupees(Rs.),No,No,3.4,46
8672,Pandit Ji Ka Dhaba,1,New Delhi,North Indian,150,Indian Rupees(Rs.),No,No,2.9,6
18380175,Punjabi Angeethi,1,New Delhi,"North Indian, South Indian, Chinese",600,Indian Rupees(Rs.),No,Yes,3.2,28
301517,Ram Chinese Food,1,New Delhi,"Chinese, Fast Food",400,Indian Rupees(Rs.),No,No,3.1,23
312858,Sardar Ji Punjabi Jayeka,1,New Delhi,"North Indian, Mughlai",250,Indian Rupees(Rs.),No,No,2.9,4
18222576,SFC,1,New Delhi,Fast Food,250,Indian Rupees(Rs.),No,No,2.8,11
18455522,SGF - Spice Grill Flame,1,New Delhi,"North Indian, Chinese",500,Indian Rupees(Rs.),No,No,3.1,4
311168,Shalimar Vyanjan,1,New Delhi,"North Indian, Chinese",400,Indian Rupees(Rs.),No,No,3.0,9
18357957,Shri Rudram,1,New Delhi,"North Indian, Chinese",500,Indian Rupees(Rs.),No,No,3.1,5
306751,Smile Bakers,1,New Delhi,"Bakery, Desserts, Chinese, Fast Food",200,Indian Rupees(Rs.),No,No,3.1,12
18400759,Spice Sea,1,New Delhi,"North Indian, Chinese",600,Indian Rupees(Rs.),No,No,3.3,13
8676,Street 5,1,New Delhi,Chinese,350,Indian Rupees(Rs.),No,No,2.8,10
18442666,Subs n Shakes,1,New Delhi,"Fast Food, Beverages",400,Indian Rupees(Rs.),No,No,3.1,4
311115,Subway,1,New Delhi,"American, Fast Food, Salad, Healthy Food",500,Indian Rupees(Rs.),No,Yes,2.6,46
303128,Twenty Four Seven,1,New Delhi,"Fast Food, North Indian",300,Indian Rupees(Rs.),No,No,3.3,21
18352278,Wah G Wah,1,New Delhi,"North Indian, Chinese",450,Indian Rupees(Rs.),No,Yes,2.6,7
2054,Aman-Deep Pure Veg,1,New Delhi,"North Indian, Chinese",400,Indian Rupees(Rs.),No,No,3.5,79
5271,Kwality Pastry Parlour,1,New Delhi,"Bakery, Desserts",200,Indian Rupees(Rs.),No,No,3.5,51
9954,McDonald's,1,New Delhi,"Fast Food, Burger",500,Indian Rupees(Rs.),No,Yes,3.5,39
313171,Nagpal's,1,New Delhi,"Street Food, North Indian",200,Indian Rupees(Rs.),No,Yes,3.5,31
2047,Peshawari's Deluxe,1,New Delhi,"North Indian, Mughlai",600,Indian Rupees(Rs.),No,Yes,3.7,195
301015,Slic Chic,1,New Delhi,"Chinese, Fast Food",450,Indian Rupees(Rs.),No,No,3.8,178
300780,Standard Ice Cream,1,New Delhi,"Desserts, Ice Cream",100,Indian Rupees(Rs.),No,No,3.5,31
18361764,Aunty Chings Fast Food,1,New Delhi,Chinese,300,Indian Rupees(Rs.),No,No,0.0,2
18446401,Baba Chaap Wala,1,New Delhi,Fast Food,350,Indian Rupees(Rs.),No,No,0.0,1
18312578,Cafe Coffee Day,1,New Delhi,Cafe,450,Indian Rupees(Rs.),No,No,0.0,1
18153555,Chick N Grills,1,New Delhi,"Mughlai, Fast Food",600,Indian Rupees(Rs.),No,No,0.0,0
18454520,Choc-oholic,1,New Delhi,Desserts,300,Indian Rupees(Rs.),No,No,0.0,2
18416877,Da Pizza Palace,1,New Delhi,Pizza,500,Indian Rupees(Rs.),No,Yes,0.0,1
18361770,Dosa Junction,1,New Delhi,South Indian,300,Indian Rupees(Rs.),No,No,0.0,3
18214206,Ganga Food Factory,1,New Delhi,"Bakery, Fast Food",300,Indian Rupees(Rs.),No,No,0.0,0
18426782,Hot Wok,1,New Delhi,"Chinese, Fast Food",500,Indian Rupees(Rs.),No,No,0.0,1
18352209,Ichak Dana,1,New Delhi,"North Indian, Awadhi",400,Indian Rupees(Rs.),No,No,0.0,1
18441688,Madras Dosa & Chinese,1,New Delhi,"South Indian, Chinese",500,Indian Rupees(Rs.),No,No,0.0,0
18438429,Mashoor Gulati,1,New Delhi,North Indian,600,Indian Rupees(Rs.),No,Yes,0.0,2
18014115,Nidhi's Cake Lounge,1,New Delhi,Bakery,200,Indian Rupees(Rs.),No,No,0.0,2
18489535,Night Diner,1,New Delhi,North Indian,400,Indian Rupees(Rs.),No,No,0.0,0
18446398,Nirula's Ice Cream,1,New Delhi,"Ice Cream, Desserts",250,Indian Rupees(Rs.),No,No,0.0,1
18445788,Niti Shake & Ice Cream Hub,1,New Delhi,"Desserts, Beverages",400,Indian Rupees(Rs.),No,No,0.0,0
18361757,Raja Chinese Foods & Snacks,1,New Delhi,Chinese,300,Indian Rupees(Rs.),No,No,0.0,0
18273597,Royal Chicken Corner,1,New Delhi,North Indian,450,Indian Rupees(Rs.),No,No,0.0,0
301519,Shalimar Food,1,New Delhi,Street Food,100,Indian Rupees(Rs.),No,No,0.0,2
18445764,Shalimar Vyanjan,1,New Delhi,"North Indian, Chinese",400,Indian Rupees(Rs.),No,No,0.0,0
18446388,The Urban Canteen,1,New Delhi,Fast Food,300,Indian Rupees(Rs.),No,No,0.0,2
301507,Ever Bake,1,New Delhi,"Bakery, Chinese, Fast Food",350,Indian Rupees(Rs.),No,Yes,4.0,371
18261157,Grappa - Shangri-La's - Eros Hotel,1,New Delhi,"Pizza, Salad, Finger Food",3500,Indian Rupees(Rs.),Yes,No,3.4,27
18277024,Shang Palace - Shangri-La's Eros Hotel,1,New Delhi,Chinese,5000,Indian Rupees(Rs.),Yes,No,3.7,65
18261160,Sorrento - Shangri-La's - Eros Hotel,1,New Delhi,"Seafood, Italian",5000,Indian Rupees(Rs.),Yes,No,3.9,66
18219539,Mister Chai - Shangri-La's - Eros Hotel,1,New Delhi,"Tea, Cafe",2000,Indian Rupees(Rs.),Yes,No,4.1,68
311369,Tamra - Shangri-La's - Eros Hotel,1,New Delhi,"North Indian, Continental, European, Chinese, Thai",3800,Indian Rupees(Rs.),Yes,No,4.3,400
308769,Cafe Coffee Day,1,New Delhi,Cafe,450,Indian Rupees(Rs.),No,No,3.4,29
220,Domino's Pizza,1,New Delhi,"Pizza, Fast Food",700,Indian Rupees(Rs.),No,No,2.8,85
301675,Lush,1,New Delhi,"Afghani, North Indian, Pakistani, Arabian",500,Indian Rupees(Rs.),No,No,0.0,3
18144466,Shivas Cafe,1,New Delhi,Cafe,350,Indian Rupees(Rs.),No,No,3.1,14
2739,Dakshin - Sheraton New Delhi Hotel,1,New Delhi,South Indian,4000,Indian Rupees(Rs.),Yes,No,4.0,315
18133508,Delhi Pavilion - Sheraton New Delhi Hotel,1,New Delhi,"North Indian, Continental, Asian",3000,Indian Rupees(Rs.),Yes,No,4.0,160
2741,Pan Asian - Sheraton New Delhi Hotel,1,New Delhi,"Chinese, Thai, Japanese",3000,Indian Rupees(Rs.),Yes,No,4.2,327
308386,Domino's Pizza,1,New Delhi,"Pizza, Fast Food",700,Indian Rupees(Rs.),No,No,2.5,58
3170,Kitchen of Awadh,1,New Delhi,North Indian,800,Indian Rupees(Rs.),No,No,3.4,64
7760,McDonald's,1,New Delhi,"Fast Food, Burger",500,Indian Rupees(Rs.),No,No,3.3,73
18425186,ODT,1,New Delhi,"Continental, North Indian, Italian",800,Indian Rupees(Rs.),Yes,No,3.3,12
311272,Rainbows,1,New Delhi,"Bakery, Fast Food",500,Indian Rupees(Rs.),No,Yes,2.6,24
310891,Subway,1,New Delhi,"American, Fast Food, Salad, Healthy Food",500,Indian Rupees(Rs.),No,Yes,3.4,167
9095,Bombay Bhelpuri,1,New Delhi,"Street Food, Beverages",150,Indian Rupees(Rs.),No,No,3.9,357
305763,The Owl's Kitchen,1,New Delhi,"North Indian, Italian, Fast Food",900,Indian Rupees(Rs.),No,Yes,3.5,174
18175302,7 Colours Xpress Kitchen,1,New Delhi,"Chinese, North Indian",350,Indian Rupees(Rs.),No,No,0.0,0
18337762,Royal Cakes,1,New Delhi,Bakery,200,Indian Rupees(Rs.),No,No,0.0,1
18312639,Street Cafe,1,New Delhi,Fast Food,300,Indian Rupees(Rs.),No,No,0.0,0
18337895,Street Cafe,1,New Delhi,Fast Food,300,Indian Rupees(Rs.),No,No,0.0,0
307418,Dare To Deliver,1,New Delhi,"Chinese, Fast Food, North Indian",600,Indian Rupees(Rs.),No,No,2.3,59
3686,Aggarwal Sweet and Restaurant,1,New Delhi,"North Indian, Mithai",400,Indian Rupees(Rs.),No,No,2.9,18
18449626,Burger Lust,1,New Delhi,Fast Food,100,Indian Rupees(Rs.),No,Yes,2.9,13
7761,Cafe Coffee Day,1,New Delhi,Cafe,450,Indian Rupees(Rs.),No,No,3.4,31
9842,Cakes & Bakes,1,New Delhi,"Bakery, Fast Food",250,Indian Rupees(Rs.),No,No,3.2,11
18254523,Chic Fillet,1,New Delhi,Fast Food,300,Indian Rupees(Rs.),No,No,2.9,4
312378,Chinese Express,1,New Delhi,Chinese,500,Indian Rupees(Rs.),No,No,3.1,11
18358171,Costa Coffee,1,New Delhi,Cafe,600,Indian Rupees(Rs.),No,No,3.1,6
307474,Domino's Pizza,1,New Delhi,"Pizza, Fast Food",700,Indian Rupees(Rs.),No,No,2.9,63
9083,Gupta Fast Food,1,New Delhi,"North Indian, Chinese",600,Indian Rupees(Rs.),No,No,3.4,29
310705,Hangchuaa's Chinese Food Corner,1,New Delhi,Chinese,600,Indian Rupees(Rs.),No,No,3.1,20
310701,Kathi's,1,New Delhi,Fast Food,400,Indian Rupees(Rs.),No,No,3.0,7
306934,Kitchen & Chicken,1,New Delhi,Chinese,600,Indian Rupees(Rs.),No,Yes,3.2,50
305651,Meal A Deal,1,New Delhi,"North Indian, Chinese",400,Indian Rupees(Rs.),No,No,2.8,13
9094,Mohit Restaurant,1,New Delhi,"North Indian, Chinese",600,Indian Rupees(Rs.),No,No,2.8,17
93,Princess Garden,1,New Delhi,"Chinese, North Indian",1200,Indian Rupees(Rs.),Yes,No,2.7,31
9099,Republic of Chicken,1,New Delhi,"Raw Meats, Fast Food",400,Indian Rupees(Rs.),No,No,2.8,13
18312618,Sai Juice Point,1,New Delhi,Beverages,150,Indian Rupees(Rs.),No,No,3.1,6
18146398,The Pirates Of China Town,1,New Delhi,Chinese,350,Indian Rupees(Rs.),No,No,3.2,14
3298,Voda Bar,1,New Delhi,"Chinese, North Indian",2200,Indian Rupees(Rs.),Yes,No,3.2,28
305684,All Things Yummy,1,New Delhi,"Bakery, Desserts",350,Indian Rupees(Rs.),No,Yes,3.8,68
7759,Cake Palace,1,New Delhi,"Bakery, Fast Food",250,Indian Rupees(Rs.),No,No,3.8,160
302503,Charan Singh Kulfi & Kala Khatta,1,New Delhi,Ice Cream,100,Indian Rupees(Rs.),No,No,3.6,29
677,Chinese Hut,1,New Delhi,Chinese,500,Indian Rupees(Rs.),No,No,3.6,87
305826,Costa Coffee,1,New Delhi,Cafe,600,Indian Rupees(Rs.),No,No,3.8,68
743,Daitchi,1,New Delhi,"Chinese, Japanese",1100,Indian Rupees(Rs.),No,No,3.5,273
18345751,DomDom Biryani,1,New Delhi,"Biryani, Mughlai, Bengali, North Indian",800,Indian Rupees(Rs.),No,Yes,3.7,89
2250,Gupta's Restaurant,1,New Delhi,North Indian,450,Indian Rupees(Rs.),No,Yes,3.5,104
18352214,Mama's,1,New Delhi,"North Indian, Chinese, Mughlai",900,Indian Rupees(Rs.),No,No,3.5,40
192,McDonald's,1,New Delhi,"Fast Food, Burger",500,Indian Rupees(Rs.),No,Yes,3.6,167
483,Moti Mahal Delux- Legendary Culinary,1,New Delhi,"North Indian, Mughlai, Chinese",1500,Indian Rupees(Rs.),Yes,Yes,3.6,177
1675,Qureshi's Kabab Corner,1,New Delhi,"North Indian, Mughlai",650,Indian Rupees(Rs.),No,No,3.6,215
18451269,TukTuk,1,New Delhi,"Asian, Chinese, Thai, Malaysian, Indonesian, Burmese",1000,Indian Rupees(Rs.),No,Yes,3.8,24
18312616,Anand Sweets,1,New Delhi,"Mithai, Street Food",150,Indian Rupees(Rs.),No,No,0.0,2
7793,Cafe Corner,1,New Delhi,Fast Food,250,Indian Rupees(Rs.),No,No,0.0,3
18231390,Chocolics,1,New Delhi,"Bakery, Desserts",600,Indian Rupees(Rs.),No,No,0.0,2
18427231,ChocoLite,1,New Delhi,"Bakery, Desserts, Healthy Food",300,Indian Rupees(Rs.),No,No,0.0,2
18427201,F Marquee,1,New Delhi,"North Indian, Chinese, Continental",2000,Indian Rupees(Rs.),Yes,No,0.0,3
1129,Republic of Chicken,1,New Delhi,"Raw Meats, Fast Food",400,Indian Rupees(Rs.),No,No,0.0,1
18424170,Special Chicken Biryani,1,New Delhi,"Biryani, Mughlai",300,Indian Rupees(Rs.),No,No,0.0,1
18306530,Circus,1,New Delhi,"North Indian, Chinese, Italian",1300,Indian Rupees(Rs.),Yes,Yes,4.0,489
18332063,The Society Cafe,1,New Delhi,"Cafe, Italian",800,Indian Rupees(Rs.),No,Yes,4.1,149
309852,Club London,1,New Delhi,"North Indian, Chinese, Finger Food",2500,Indian Rupees(Rs.),Yes,No,3.3,179
18245284,3 Pegs Down,1,New Delhi,"Continental, Italian, North Indian",1200,Indian Rupees(Rs.),Yes,No,3.6,217
310413,Chicago Pizza,1,New Delhi,Pizza,600,Indian Rupees(Rs.),No,No,2.6,27
18261739,Maakhansingh,1,New Delhi,North Indian,400,Indian Rupees(Rs.),No,Yes,2.9,18
311068,Mad Over Donuts,1,New Delhi,Desserts,450,Indian Rupees(Rs.),No,Yes,3.8,72
308175,Starbucks,1,New Delhi,Cafe,700,Indian Rupees(Rs.),No,No,3.7,147
18276343,World of Wok,1,New Delhi,Chinese,500,Indian Rupees(Rs.),No,Yes,3.6,22
4682,Alvi's Food Spot,1,New Delhi,"North Indian, Mughlai",350,Indian Rupees(Rs.),No,No,3.2,17
6191,Cafe Coffee Day,1,New Delhi,Cafe,450,Indian Rupees(Rs.),No,No,2.7,29
1275,Code,1,New Delhi,"North Indian, Mughlai, Chinese",850,Indian Rupees(Rs.),Yes,Yes,2.5,117
2934,Haowin,1,New Delhi,"Chinese, Continental, Thai",1100,Indian Rupees(Rs.),Yes,No,3.2,88
308801,Mirror,1,New Delhi,"North Indian, Chinese, Continental",1250,Indian Rupees(Rs.),Yes,No,3.3,131
4854,Pizza Hut Delivery,1,New Delhi,"Italian, Pizza, Fast Food",800,Indian Rupees(Rs.),No,Yes,2.7,87
306178,Platinum Lounge,1,New Delhi,"North Indian, Chinese, Continental",1400,Indian Rupees(Rs.),Yes,No,3.3,91
310538,Aap Ki Rasoi Ghar,1,New Delhi,"North Indian, Fast Food",250,Indian Rupees(Rs.),No,No,3.0,6
305579,Aggarwal Sweet & Pastry,1,New Delhi,"Mithai, Chinese",100,Indian Rupees(Rs.),No,No,2.8,5
17977785,Craving,1,New Delhi,"Chinese, Fast Food",600,Indian Rupees(Rs.),No,No,3.1,10
18037814,Dakshin South Indian Hut,1,New Delhi,South Indian,200,Indian Rupees(Rs.),No,No,3.0,4
18472638,Food & Travel Cafe,1,New Delhi,"Fast Food, Italian",400,Indian Rupees(Rs.),No,No,3.2,10
18168154,Jolly Tandoori Zaika,1,New Delhi,"North Indian, Chinese",400,Indian Rupees(Rs.),No,No,3.2,11
18424579,Lababdar Rasoi,1,New Delhi,North Indian,200,Indian Rupees(Rs.),No,No,3.3,16
305552,Madan Da Dhaba,1,New Delhi,North Indian,150,Indian Rupees(Rs.),No,No,3.0,5
302004,Nishtha,1,New Delhi,"Street Food, Chinese",250,Indian Rupees(Rs.),No,No,3.3,21
18386266,P2 Tandoori Momos Station,1,New Delhi,"Chinese, North Indian",200,Indian Rupees(Rs.),No,No,3.1,10
18272352,Punjabi's Veg Grill,1,New Delhi,North Indian,350,Indian Rupees(Rs.),No,No,2.9,7
300560,Sethi's The Cake Shop,1,New Delhi,"Bakery, Fast Food",150,Indian Rupees(Rs.),No,No,2.8,16
304453,Soya Grill,1,New Delhi,"North Indian, Chinese",300,Indian Rupees(Rs.),No,No,3.0,4
18025106,Sunny Kebab Wala,1,New Delhi,"North Indian, Fast Food",300,Indian Rupees(Rs.),No,No,3.3,15
301836,Vaishno Bhojnalaya,1,New Delhi,North Indian,150,Indian Rupees(Rs.),No,No,3.1,10
306012,Valentine Coffee Bar,1,New Delhi,"Beverages, Fast Food",400,Indian Rupees(Rs.),No,No,2.9,8
312023,Zayka Delhi-6,1,New Delhi,"North Indian, Mughlai",600,Indian Rupees(Rs.),No,No,3.1,11
18430898,13 Cafe,1,New Delhi,Cafe,500,Indian Rupees(Rs.),No,No,0.0,0
305570,Aggarwal Sweet Corner,1,New Delhi,Mithai,100,Indian Rupees(Rs.),No,No,0.0,2
18447292,Babu Meat Wala,1,New Delhi,"Raw Meats, North Indian",350,Indian Rupees(Rs.),No,No,0.0,1
18365986,Batra Chinese Food & Chaap,1,New Delhi,Chinese,250,Indian Rupees(Rs.),No,No,0.0,0
18441532,Celebration Family Restaurant,1,New Delhi,"North Indian, Chinese",800,Indian Rupees(Rs.),Yes,No,0.0,0
18492045,Ching Chinese,1,New Delhi,"Chinese, Fast Food",400,Indian Rupees(Rs.),No,No,0.0,0
18352176,Choices An Absolute BBQ,1,New Delhi,North Indian,200,Indian Rupees(Rs.),No,No,0.0,3
18451605,Delhi-27,1,New Delhi,"Chinese, South Indian",250,Indian Rupees(Rs.),No,No,0.0,0
18455549,Desi Kukkad,1,New Delhi,North Indian,300,Indian Rupees(Rs.),No,No,0.0,0
18455545,Freezy,1,New Delhi,Ice Cream,50,Indian Rupees(Rs.),No,No,0.0,0
18491264,Gourmet Bistro,1,New Delhi,"Cafe, Fast Food, Bakery",500,Indian Rupees(Rs.),No,No,0.0,1
18455547,Jiya Amritsari Naan,1,New Delhi,North Indian,200,Indian Rupees(Rs.),No,No,0.0,0
18291456,Kedgy Bite,1,New Delhi,Fast Food,100,Indian Rupees(Rs.),No,No,0.0,0
18472660,Khera's Foodie Corner,1,New Delhi,"Chinese, North Indian",150,Indian Rupees(Rs.),No,No,0.0,0
310255,Lajwab Pastry Palace,1,New Delhi,Bakery,100,Indian Rupees(Rs.),No,No,0.0,1
18366008,Madan Sweets & Bakers,1,New Delhi,Mithai,100,Indian Rupees(Rs.),No,No,0.0,0
18462257,Momo's King,1,New Delhi,Chinese,200,Indian Rupees(Rs.),No,No,0.0,0
18312627,New Pishori Chicken Kabab,1,New Delhi,Fast Food,300,Indian Rupees(Rs.),No,No,0.0,0
18492103,New Sindhi Chicken Corner,1,New Delhi,"North Indian, Mughlai",500,Indian Rupees(Rs.),No,No,0.0,0
18431145,Radha Swami Chaat Bhandar,1,New Delhi,Street Food,100,Indian Rupees(Rs.),No,No,0.0,0
18430909,Rajender Di Punjabi Rasoi,1,New Delhi,North Indian,100,Indian Rupees(Rs.),No,No,0.0,1
18198821,Ram Ji Snacks & Food Corner,1,New Delhi,Street Food,100,Indian Rupees(Rs.),No,No,0.0,1
18430905,Ram Ram Ji Kachori Bhandar,1,New Delhi,Street Food,50,Indian Rupees(Rs.),No,No,0.0,0
18430907,Rana's Food Corner,1,New Delhi,North Indian,200,Indian Rupees(Rs.),No,No,0.0,0
18451597,Sanjay Chicken Shop,1,New Delhi,"Raw Meats, Fast Food",350,Indian Rupees(Rs.),No,No,0.0,0
17989089,Sharma Ji Spring Roll,1,New Delhi,Fast Food,150,Indian Rupees(Rs.),No,No,0.0,1
18492057,Shree Raja Ram,1,New Delhi,Fast Food,50,Indian Rupees(Rs.),No,No,0.0,0
17989093,South Indian Hut,1,New Delhi,South Indian,250,Indian Rupees(Rs.),No,No,0.0,2
18429149,Special Moradabadi Chicken Corner,1,New Delhi,Biryani,200,Indian Rupees(Rs.),No,No,0.0,0
18366006,Standard Pastry Shop,1,New Delhi,"Bakery, Fast Food",200,Indian Rupees(Rs.),No,Yes,0.0,2
305567,Sushil Punjabi Vaishno Dhaba,1,New Delhi,North Indian,150,Indian Rupees(Rs.),No,No,0.0,0
18455551,Variety of Shawarmas,1,New Delhi,Fast Food,150,Indian Rupees(Rs.),No,No,0.0,0
18430902,Vrindavan Sweets,1,New Delhi,"South Indian, Street Food, Mithai",300,Indian Rupees(Rs.),No,No,0.0,0
18365385,Flirty Momo's,1,New Delhi,Chinese,350,Indian Rupees(Rs.),No,No,2.4,26
586,Nathu's Sweets,1,New Delhi,"North Indian, South Indian, Chinese, Street Food, Fast Food, Mithai, Desserts",600,Indian Rupees(Rs.),No,Yes,3.3,173
3403,Basil & Thyme,1,New Delhi,"Continental, European",2200,Indian Rupees(Rs.),Yes,No,3.6,127
2902,Kamal's,1,New Delhi,North Indian,550,Indian Rupees(Rs.),No,No,3.7,286
308628,Orange Peel by Rasleen Kochhar,1,New Delhi,"Bakery, Fast Food",700,Indian Rupees(Rs.),No,No,3.6,44
18466399,ATM Bistro,1,New Delhi,European,1000,Indian Rupees(Rs.),Yes,No,0.0,3
18157416,Masala House,1,New Delhi,North Indian,1800,Indian Rupees(Rs.),Yes,Yes,4.0,169
18264963,Number 8,1,New Delhi,"Continental, North Indian, European, Asian",2200,Indian Rupees(Rs.),No,No,4.0,165
18384123,Keventers,1,New Delhi,Beverages,400,Indian Rupees(Rs.),No,No,3.2,6
308595,4700BC Popcorn,1,New Delhi,Fast Food,400,Indian Rupees(Rs.),No,Yes,3.2,24
18251318,Chennai X-Press,1,New Delhi,Fast Food,200,Indian Rupees(Rs.),No,No,2.9,6
18303675,Chinese Sigdi,1,New Delhi,Chinese,250,Indian Rupees(Rs.),No,No,3.0,5
18245286,Da Pizza Pind,1,New Delhi,"Pizza, Italian",250,Indian Rupees(Rs.),No,No,3.2,36
18414475,Faasos,1,New Delhi,"North Indian, Fast Food",600,Indian Rupees(Rs.),No,Yes,3.0,4
308814,Frontier,1,New Delhi,Bakery,200,Indian Rupees(Rs.),No,No,2.9,5
308996,Gyan Di Hatti,1,New Delhi,North Indian,200,Indian Rupees(Rs.),No,No,2.9,5
304583,Hot Stuff,1,New Delhi,"Chinese, Fast Food",450,Indian Rupees(Rs.),No,No,3.3,14
308080,KK Da Dhaba,1,New Delhi,North Indian,400,Indian Rupees(Rs.),No,Yes,3.4,55
18372669,Last Bencher's,1,New Delhi,Chinese,300,Indian Rupees(Rs.),No,No,3.0,6
309305,Raj Bakers And Confectioners,1,New Delhi,"Fast Food, Bakery",100,Indian Rupees(Rs.),No,No,3.0,6
18292457,Taste Drive,1,New Delhi,Fast Food,250,Indian Rupees(Rs.),No,No,3.4,21
973,The Kafilla,1,New Delhi,North Indian,600,Indian Rupees(Rs.),No,No,3.0,5
18292469,Tibb's Frankie,1,New Delhi,Fast Food,250,Indian Rupees(Rs.),No,No,3.1,8
18381626,4 Barrels Caf? & Lounge,1,New Delhi,"North Indian, Continental, Lebanese",1200,Indian Rupees(Rs.),Yes,Yes,3.5,24
18425157,Baadshah,1,New Delhi,"North Indian, Chinese",1000,Indian Rupees(Rs.),Yes,No,3.5,26
18365991,Behrouz Biryani,1,New Delhi,Biryani,600,Indian Rupees(Rs.),No,Yes,3.5,54
18355146,Galina Restaurant,1,New Delhi,North Indian,700,Indian Rupees(Rs.),No,No,3.5,38
18454473,Masala Factory,1,New Delhi,"North Indian, Chinese",500,Indian Rupees(Rs.),No,No,3.8,18
18432240,Ovenstory Pizza,1,New Delhi,"Pizza, Fast Food",500,Indian Rupees(Rs.),No,Yes,3.5,12
312027,Ajeet Fast Food Corner,1,New Delhi,Fast Food,350,Indian Rupees(Rs.),No,No,0.0,1
18430872,Al Changezi,1,New Delhi,Mughlai,250,Indian Rupees(Rs.),No,No,0.0,1
18292478,Dolce Gelato,1,New Delhi,Ice Cream,120,Indian Rupees(Rs.),No,No,0.0,0
18429417,Dragon Way,1,New Delhi,"Chinese, Fast Food",350,Indian Rupees(Rs.),No,No,0.0,1
18244564,Foodaholic,1,New Delhi,"Chinese, North Indian",400,Indian Rupees(Rs.),No,No,0.0,1
304385,Indian Chinese Fast Food,1,New Delhi,Chinese,100,Indian Rupees(Rs.),No,No,0.0,1
9517,Jagadeesh Kharodewala,1,New Delhi,North Indian,200,Indian Rupees(Rs.),No,No,0.0,3
7194,Punjabi Shahi Chicken Soup,1,New Delhi,Chinese,250,Indian Rupees(Rs.),No,No,0.0,2
18472448,Ramu Ka Dhaba,1,New Delhi,Mughlai,350,Indian Rupees(Rs.),No,No,0.0,3
18472599,Sardar Ji Chicken Corner,1,New Delhi,"Mughlai, North Indian",300,Indian Rupees(Rs.),No,No,0.0,0
18429644,Satguru Tiffin Service,1,New Delhi,North Indian,200,Indian Rupees(Rs.),No,Yes,0.0,1
7180,Seth Baker's,1,New Delhi,"Bakery, Desserts",200,Indian Rupees(Rs.),No,No,0.0,3
309006,Sri Durga Dosa Corner,1,New Delhi,South Indian,300,Indian Rupees(Rs.),No,No,0.0,3
18292480,V S Cafe,1,New Delhi,Fast Food,200,Indian Rupees(Rs.),No,No,0.0,2
7187,Vijay South Indian Food,1,New Delhi,South Indian,250,Indian Rupees(Rs.),No,No,0.0,2
301998,Punjab Grill,1,New Delhi,North Indian,1600,Indian Rupees(Rs.),Yes,Yes,4.3,1252
3239,Insomnia - Taj Vivanta,1,New Delhi,"Italian, Continental, Finger Food",3000,Indian Rupees(Rs.),Yes,No,3.3,50
301422,Larry's China - Taj Vivanta,1,New Delhi,Chinese,3200,Indian Rupees(Rs.),Yes,No,3.7,147
4404,Yellow Brick Road - Taj Vivanta,1,New Delhi,"Continental, North Indian, South Indian, Italian",2500,Indian Rupees(Rs.),No,No,3.9,821
300008,English Tadka,1,New Delhi,"North Indian, European",800,Indian Rupees(Rs.),Yes,No,3.3,152
18216903,Burger King,1,New Delhi,"Burger, Fast Food",500,Indian Rupees(Rs.),No,Yes,3.6,186
1079,Pizza Hut,1,New Delhi,"Italian, Pizza, Fast Food",1000,Indian Rupees(Rs.),No,Yes,3.6,141
4375,Cake Shop - The Ashok,1,New Delhi,"Bakery, Desserts",500,Indian Rupees(Rs.),No,No,3.1,26
3955,Samavar - The Ashok,1,New Delhi,"Continental, North Indian, Chinese",2200,Indian Rupees(Rs.),Yes,No,3.2,48
4376,Tea Lounge - The Ashok,1,New Delhi,Cafe,1600,Indian Rupees(Rs.),No,No,3.2,18
1898,Frontier - The Ashok,1,New Delhi,"North Indian, Mughlai",3600,Indian Rupees(Rs.),Yes,No,3.7,101
1900,The Oudh - The Ashok,1,New Delhi,North Indian,3700,Indian Rupees(Rs.),Yes,No,3.6,100
306198,Zerruco - The Ashok,1,New Delhi,"Mediterranean, Italian",2500,Indian Rupees(Rs.),Yes,No,4.4,609
18312443,The Claridges Garden -The Claridges,1,New Delhi,"Cafe, American, Tea",2000,Indian Rupees(Rs.),No,No,3.1,5
2683,Aura - The Claridges,1,New Delhi,Continental,4100,Indian Rupees(Rs.),No,No,3.5,42
2682,Dhaba - The Claridges,1,New Delhi,North Indian,4300,Indian Rupees(Rs.),Yes,No,3.9,548
2681,Jade - The Claridges,1,New Delhi,Chinese,5000,Indian Rupees(Rs.),Yes,No,3.8,134
2674,Pickwicks - The Claridges,1,New Delhi,"European, Continental",3600,Indian Rupees(Rs.),Yes,No,3.7,139
2684,Ye Old Bakery - The Claridges,1,New Delhi,"Bakery, Desserts",1000,Indian Rupees(Rs.),No,No,3.7,65
2675,Sevilla - The Claridges,1,New Delhi,"Spanish, Italian",4500,Indian Rupees(Rs.),Yes,No,4.3,800
3227,GBar - The Grand New Delhi,1,New Delhi,"American, Finger Food",2650,Indian Rupees(Rs.),Yes,No,3.3,145
4840,Cascades - The Grand New Delhi,1,New Delhi,"North Indian, Continental, Asian",3200,Indian Rupees(Rs.),Yes,No,3.6,97
2726,1911 Bar - The Imperial,1,New Delhi,"Finger Food, European",2000,Indian Rupees(Rs.),Yes,No,3.2,10
301523,Nostalgia at 1911 Brasserie - The Imperial,1,New Delhi,"European, Continental",6000,Indian Rupees(Rs.),Yes,No,3.2,12
2729,Patiala Peg - The Imperial,1,New Delhi,Finger Food,3000,Indian Rupees(Rs.),Yes,No,3.3,25
2724,1911 - The Imperial,1,New Delhi,"North Indian, Chinese, South Indian, Italian",6000,Indian Rupees(Rs.),Yes,No,3.9,272
2728,Daniell's Tavern - The Imperial,1,New Delhi,North Indian,4000,Indian Rupees(Rs.),Yes,No,3.7,59
2730,La Baguette - The Imperial,1,New Delhi,"Desserts, Bakery",900,Indian Rupees(Rs.),No,No,3.8,45
2727,San Gimignano - The Imperial,1,New Delhi,Italian,5000,Indian Rupees(Rs.),Yes,No,3.7,104
2731,The Atrium - The Imperial,1,New Delhi,"European, Desserts",2500,Indian Rupees(Rs.),Yes,No,3.6,57
2725,The Spice Route - The Imperial,1,New Delhi,"Malaysian, Thai, Kerala, Vietnamese, Sri Lankan",6000,Indian Rupees(Rs.),Yes,No,4.0,259
18237363,Bao Cha,1,New Delhi,"Chinese, Thai, Asian",1000,Indian Rupees(Rs.),Yes,Yes,3.0,90
18322518,Nazeer Delicacies,1,New Delhi,"North Indian, Mughlai",900,Indian Rupees(Rs.),Yes,No,3.3,21
1023,Open Oven,1,New Delhi,"Bakery, Desserts, Fast Food",250,Indian Rupees(Rs.),No,No,3.4,109
18277022,Slurp Pasta Express,1,New Delhi,"Cafe, Fast Food",300,Indian Rupees(Rs.),No,No,2.9,5
18354650,Urban Gala,1,New Delhi,"Chinese, Cafe",700,Indian Rupees(Rs.),No,No,2.8,19
9671,Shree Rathnam,1,New Delhi,"South Indian, North Indian, Chinese",800,Indian Rupees(Rs.),Yes,Yes,3.5,96
18424209,Stuffed Kathi Roll,1,New Delhi,Fast Food,250,Indian Rupees(Rs.),No,No,0.0,1
149,Subway,1,New Delhi,"American, Fast Food, Salad, Healthy Food",500,Indian Rupees(Rs.),No,Yes,1.9,146
8842,24/7 Pastry Shop - The Lalit New Delhi,1,New Delhi,"Bakery, Desserts",900,Indian Rupees(Rs.),No,No,3.3,46
8817,Le Petit Cafe - The Lalit New Delhi,1,New Delhi,Cafe,1600,Indian Rupees(Rs.),Yes,No,3.2,31
309110,The Grill Room - The Lalit New Delhi,1,New Delhi,Continental,4500,Indian Rupees(Rs.),Yes,No,3.4,51
301524,24/7 Bar- The Lalit New Delhi,1,New Delhi,Finger Food,3000,Indian Rupees(Rs.),No,No,3.5,45
3910,24/7 Restaurant - The Lalit New Delhi,1,New Delhi,"Continental, North Indian, Italian, Asian",5100,Indian Rupees(Rs.),Yes,No,3.7,419
3027,Baluchi - The Lalit New Delhi,1,New Delhi,"Mughlai, North Indian, South Indian",4500,Indian Rupees(Rs.),Yes,No,3.9,265
4907,Kitty Su - The Lalit New Delhi,1,New Delhi,Finger Food,5000,Indian Rupees(Rs.),No,No,3.7,747
104,Woks - The Lalit New Delhi,1,New Delhi,"Chinese, Seafood",4500,Indian Rupees(Rs.),Yes,No,3.6,62
300688,Caf? Knosh - The Leela Ambience Convention Hotel,1,New Delhi,"North Indian, Italian",2700,Indian Rupees(Rs.),Yes,No,3.9,186
300697,Cherry Bar - The Leela Ambience Convention Hotel,1,New Delhi,Finger Food,2650,Indian Rupees(Rs.),Yes,No,3.6,48
300696,Mei Kun - The Leela Ambience Convention Hotel,1,New Delhi,Thai,3500,Indian Rupees(Rs.),Yes,No,3.6,42
300695,Dilli 32 - The Leela Ambience Convention Hotel,1,New Delhi,North Indian,3500,Indian Rupees(Rs.),Yes,No,4.0,184
4917,Jamavar - The Leela Palace,1,New Delhi,"North Indian, Mughlai",4000,Indian Rupees(Rs.),Yes,No,3.9,241
4910,Le Cirque - The Leela Palace,1,New Delhi,"French, Italian",5000,Indian Rupees(Rs.),Yes,No,3.8,199
6812,MEGU - The Leela Palace,1,New Delhi,"Japanese, Sushi",5500,Indian Rupees(Rs.),Yes,No,3.9,178
4911,The Library - The Leela Palace,1,New Delhi,"Italian, Continental",3500,Indian Rupees(Rs.),No,No,3.7,59
4915,The Lobby Lounge - The Leela Palace,1,New Delhi,"Cafe, Continental",2000,Indian Rupees(Rs.),No,No,3.6,32
310878,The Lodhi Bakery - The Lodhi,1,New Delhi,"Bakery, Desserts",400,Indian Rupees(Rs.),No,No,2.9,4
3283,Elan - The Lodhi,1,New Delhi,"North Indian, Continental, Italian",3000,Indian Rupees(Rs.),Yes,No,3.8,185
2768,Agni - The Park,1,New Delhi,"Mughlai, Italian, Finger Food, Middle Eastern",3000,Indian Rupees(Rs.),Yes,No,3.3,199
2770,Mist - The Park,1,New Delhi,"Continental, Italian, American, North Indian",3500,Indian Rupees(Rs.),Yes,No,3.3,169
2769,Aqua - The Park,1,New Delhi,"Continental, Italian, Mediterranean",4500,Indian Rupees(Rs.),Yes,No,3.8,773
3202,Atrium Bar  & Lounge - The Suryaa New Delhi,1,New Delhi,Finger Food,3000,Indian Rupees(Rs.),Yes,No,3.1,26
4101,French Crust - The Suryaa New Delhi,1,New Delhi,"Cafe, Bakery",900,Indian Rupees(Rs.),No,No,3.3,19
312902,Club BW - The Suryaa New Delhi,1,New Delhi,"Finger Food, Continental, Italian, Chinese",4400,Indian Rupees(Rs.),No,No,3.6,90
5325,Sampan - The Suryaa New Delhi,1,New Delhi,"Thai, Chinese, Japanese",2500,Indian Rupees(Rs.),Yes,No,3.7,111
4496,The Grill Room - The Taj Mahal Hotel,1,New Delhi,"Mediterranean, European",5000,Indian Rupees(Rs.),No,No,3.1,15
2688,Emperor's Lounge - The Taj Mahal Hotel,1,New Delhi,Cafe,2500,Indian Rupees(Rs.),No,No,3.8,79
2690,Machan - The Taj Mahal Hotel,1,New Delhi,"North Indian, European, Continental",5000,Indian Rupees(Rs.),No,No,3.9,696
3948,Ricks Bar - The Taj Mahal Hotel,1,New Delhi,"Malaysian, Thai",4200,Indian Rupees(Rs.),Yes,No,3.6,64
2694,Wasabi by Morimoto - The Taj Mahal Hotel,1,New Delhi,"Japanese, Sushi",6000,Indian Rupees(Rs.),Yes,No,3.9,183
2689,House of Ming - The Taj Mahal Hotel,1,New Delhi,Chinese,5500,Indian Rupees(Rs.),Yes,No,4.0,398
2693,Varq - The Taj Mahal Hotel,1,New Delhi,"Seafood, North Indian",4500,Indian Rupees(Rs.),Yes,No,4.2,541
18400770,Capital Kitchen - Taj Palace Hotel,1,New Delhi,"North Indian, European, Asian",2000,Indian Rupees(Rs.),Yes,No,3.7,42
18376469,Spicy Duck - Taj Palace Hotel,1,New Delhi,Asian,4000,Indian Rupees(Rs.),Yes,No,3.5,24
2701,Orient Express - Taj Palace Hotel,1,New Delhi,European,8000,Indian Rupees(Rs.),Yes,No,4.0,145
2702,The Tea Lounge - Taj Palace Hotel,1,New Delhi,Cafe,1500,Indian Rupees(Rs.),No,No,4.0,76
9709,Bonitos - The Uppal,1,New Delhi,"Continental, Thai, Chinese, North Indian",3000,Indian Rupees(Rs.),Yes,No,3.2,28
312319,Bonitos Blu - The Uppal,1,New Delhi,"North Indian, Asian, Continental",2500,Indian Rupees(Rs.),Yes,No,3.0,5
311858,The Gourmet Shop - The Uppal,1,New Delhi,Bakery,500,Indian Rupees(Rs.),No,No,3.0,4
131,Chopsticks,1,New Delhi,"Chinese, Thai",1700,Indian Rupees(Rs.),Yes,Yes,3.6,350
313200,TabulaBeach Cafe,1,New Delhi,"European, American",1600,Indian Rupees(Rs.),Yes,No,3.8,637
18282047,Arriba - Mexican Grill & Tequileria,1,New Delhi,Mexican,2500,Indian Rupees(Rs.),Yes,No,4.1,146
18459030,Chatori Gali,1,New Delhi,Fast Food,200,Indian Rupees(Rs.),No,No,0.0,0
302136,Aggarwal Sweet Center,1,New Delhi,"Mithai, Street Food",100,Indian Rupees(Rs.),No,No,2.9,6
301767,Aggarwal Sweets,1,New Delhi,"Street Food, Desserts",250,Indian Rupees(Rs.),No,No,2.7,11
302103,Alag Khana Khazana,1,New Delhi,"North Indian, Mughlai",450,Indian Rupees(Rs.),No,No,2.9,5
310273,Bhape Di Hatti,1,New Delhi,North Indian,200,Indian Rupees(Rs.),No,No,3.1,7
308868,Bhappe Di Hatti,1,New Delhi,North Indian,150,Indian Rupees(Rs.),No,No,3.1,8
18372667,Bhatura King,1,New Delhi,Street Food,150,Indian Rupees(Rs.),No,No,2.9,7
310728,Bhukkadzz Point,1,New Delhi,Fast Food,300,Indian Rupees(Rs.),No,Yes,3.0,7
8564,Bimbos,1,New Delhi,"Chinese, Fast Food",350,Indian Rupees(Rs.),No,No,3.1,16
305486,Brothers' Bakery,1,New Delhi,"Fast Food, Bakery",350,Indian Rupees(Rs.),No,No,2.9,21
18485858,Chaap Nation,1,New Delhi,"North Indian, Fast Food, Afghani",300,Indian Rupees(Rs.),No,No,3.0,4
18204802,Dev Burger,1,New Delhi,Fast Food,300,Indian Rupees(Rs.),No,No,2.9,5
310254,Green Chick Chop,1,New Delhi,"Raw Meats, North Indian, Fast Food",350,Indian Rupees(Rs.),No,No,3.0,6
310272,Green Chick Chop,1,New Delhi,"Raw Meats, North Indian, Fast Food",350,Indian Rupees(Rs.),No,No,3.2,16
302089,Hum Sabki Rasoi,1,New Delhi,North Indian,300,Indian Rupees(Rs.),No,No,3.3,26
18034071,Janki Vaishno Dhaba,1,New Delhi,North Indian,150,Indian Rupees(Rs.),No,No,3.0,4
305785,Manmohan Food Plaza,1,New Delhi,Fast Food,350,Indian Rupees(Rs.),No,No,2.6,10
18268710,Mr.Hunger,1,New Delhi,"Burger, Fast Food",500,Indian Rupees(Rs.),No,No,3.0,5
308862,Neelma Punjabi Dhaba,1,New Delhi,North Indian,250,Indian Rupees(Rs.),No,No,2.9,8
308863,New Raj Kachori Bhandar,1,New Delhi,Street Food,100,Indian Rupees(Rs.),No,No,3.4,18
304319,Punjabi Ninja,1,New Delhi,North Indian,550,Indian Rupees(Rs.),No,No,3.0,7
18198440,Radha Swami Cool Hut,1,New Delhi,"Beverages, Ice Cream",200,Indian Rupees(Rs.),No,No,3.1,7
304161,Sagar Choley Bhatoorey,1,New Delhi,Street Food,150,Indian Rupees(Rs.),No,No,3.2,26
18037798,Sehyog Alpahar,1,New Delhi,"South Indian, Chinese",150,Indian Rupees(Rs.),No,No,3.2,10
310279,South Indian Hut,1,New Delhi,"South Indian, Chinese",300,Indian Rupees(Rs.),No,No,2.9,5
5964,Vijay Corner,1,New Delhi,"North Indian, Mughlai",300,Indian Rupees(Rs.),No,No,3.0,7
18241496,Mithlesh Ande Wala,1,New Delhi,Street Food,150,Indian Rupees(Rs.),No,No,3.5,17
309695,Roti N Boti,1,New Delhi,"North Indian, Fast Food, Mughlai",300,Indian Rupees(Rs.),No,Yes,3.5,21
308905,Annapurna Caters,1,New Delhi,North Indian,200,Indian Rupees(Rs.),No,No,0.0,2
18312644,Ashoka's Ice Zone,1,New Delhi,"Ice Cream, Beverages",150,Indian Rupees(Rs.),No,No,0.0,2
305238,Bikaner Sweets & Pastry Corner,1,New Delhi,"Mithai, Street Food",100,Indian Rupees(Rs.),No,No,0.0,3
301917,Bikaner Sweets,1,New Delhi,"Bakery, Mithai",250,Indian Rupees(Rs.),No,No,0.0,3
18372314,Dee Pizza Hub,1,New Delhi,Pizza,350,Indian Rupees(Rs.),No,No,0.0,1
313282,Flavors of London,1,New Delhi,"Desserts, Ice Cream, Fast Food",200,Indian Rupees(Rs.),No,No,0.0,2
18368025,Funduz Cafe,1,New Delhi,Fast Food,300,Indian Rupees(Rs.),No,No,0.0,3
18089242,Giani,1,New Delhi,"Ice Cream, Desserts",300,Indian Rupees(Rs.),No,No,0.0,1
304160,Grover Sweets Rajouri Wala,1,New Delhi,"Mithai, Street Food",200,Indian Rupees(Rs.),No,No,0.0,2
18037813,Guru Kripa Chicken Corner,1,New Delhi,North Indian,250,Indian Rupees(Rs.),No,No,0.0,2
18487958,Health-O-Lic,1,New Delhi,"Healthy Food, Juices",500,Indian Rupees(Rs.),No,No,0.0,1
18368021,Himalya Chinese,1,New Delhi,Chinese,300,Indian Rupees(Rs.),No,No,0.0,1
313137,KindBhutani's,1,New Delhi,"South Indian, Fast Food, Chinese",350,Indian Rupees(Rs.),No,No,0.0,2
305866,Mama Bhanja Corner,1,New Delhi,North Indian,500,Indian Rupees(Rs.),No,No,0.0,3
18431191,Mama Tao,1,New Delhi,Chinese,250,Indian Rupees(Rs.),No,No,0.0,2
18037792,Manpasand Punjabi Zaika,1,New Delhi,North Indian,350,Indian Rupees(Rs.),No,No,0.0,1
18356794,Pal Restaurant,1,New Delhi,"North Indian, Chinese",250,Indian Rupees(Rs.),No,No,0.0,0
312040,Pizza Station,1,New Delhi,Fast Food,250,Indian Rupees(Rs.),No,No,0.0,1
18460328,Punjabi Dhaba,1,New Delhi,North Indian,300,Indian Rupees(Rs.),No,No,0.0,3
18187733,Punjabi Virsa,1,New Delhi,"North Indian, Chinese, Mughlai",700,Indian Rupees(Rs.),No,No,0.0,3
5961,Sahib Jhatka Chicken Shop,1,New Delhi,North Indian,250,Indian Rupees(Rs.),No,No,0.0,3
18431176,Salt & Peppers,1,New Delhi,Chinese,500,Indian Rupees(Rs.),No,No,0.0,3
18037796,Sethi Ice Cream Parlour,1,New Delhi,"Desserts, Beverages",150,Indian Rupees(Rs.),No,No,0.0,3
312853,Shah Ji Di Rasoi,1,New Delhi,Street Food,200,Indian Rupees(Rs.),No,No,0.0,2
18469949,Shawarma Wala,1,New Delhi,Fast Food,300,Indian Rupees(Rs.),No,No,0.0,3
18428721,Snazzy Delights,1,New Delhi,Bakery,300,Indian Rupees(Rs.),No,No,0.0,2
18203187,South Indian Hut,1,New Delhi,South Indian,200,Indian Rupees(Rs.),No,No,0.0,1
308900,T-2 Di Hatti,1,New Delhi,Street Food,100,Indian Rupees(Rs.),No,No,0.0,2
18430577,The Second Wife Kitchen,1,New Delhi,North Indian,500,Indian Rupees(Rs.),No,Yes,0.0,2
310286,Today Pizza,1,New Delhi,Fast Food,250,Indian Rupees(Rs.),No,No,0.0,3
18246984,Turban Tadka,1,New Delhi,"North Indian, Fast Food",250,Indian Rupees(Rs.),No,No,0.0,3
312041,Wah Shah Ji Wah,1,New Delhi,North Indian,300,Indian Rupees(Rs.),No,No,0.0,2
18429180,Wah Wah Chicken Corner,1,New Delhi,North Indian,400,Indian Rupees(Rs.),No,No,0.0,3
304730,Brijwasi Sweet and Namkeen,1,New Delhi,"Street Food, Mithai",100,Indian Rupees(Rs.),No,No,0.0,1
5438,Khana Khazana,1,New Delhi,"North Indian, Mughlai, Chinese, Bakery",800,Indian Rupees(Rs.),No,No,3.7,281
3383,Ahad Sons Restaurant,1,New Delhi,Kashmiri,750,Indian Rupees(Rs.),No,No,3.4,104
4450,Jughead's Fast Food Corner,1,New Delhi,"Chinese, Fast Food, North Indian",500,Indian Rupees(Rs.),No,Yes,3.6,438
18254521,The Coffee Bond,1,New Delhi,Cafe,700,Indian Rupees(Rs.),No,Yes,4.2,73
18352678,Wow! Momo,1,New Delhi,"Tibetan, Chinese",350,Indian Rupees(Rs.),No,Yes,2.9,77
18263236,Domino's Pizza,1,New Delhi,"Pizza, Fast Food",700,Indian Rupees(Rs.),No,No,3.6,24
18277230,Haldiram's,1,New Delhi,"Mithai, North Indian, South Indian",500,Indian Rupees(Rs.),No,No,3.7,59
18350231,Keventers,1,New Delhi,Beverages,400,Indian Rupees(Rs.),No,No,3.8,37
18380171,Pat 'N' Harry,1,New Delhi,American,400,Indian Rupees(Rs.),No,Yes,2.3,42
18306543,"34, Chowringhee Lane",1,New Delhi,Fast Food,200,Indian Rupees(Rs.),No,Yes,3.1,5
7297,Aggarwal Sweets,1,New Delhi,Mithai,100,Indian Rupees(Rs.),No,No,2.8,5
5774,Amritsari Dhaba,1,New Delhi,North Indian,250,Indian Rupees(Rs.),No,No,2.9,10
312172,Apna Swad,1,New Delhi,"North Indian, Chinese, Fast Food",500,Indian Rupees(Rs.),No,Yes,2.9,4
18168165,ATM Food Corner,1,New Delhi,North Indian,200,Indian Rupees(Rs.),No,No,3.0,4
18449824,Burger House,1,New Delhi,"Burger, Fast Food",200,Indian Rupees(Rs.),No,Yes,2.8,4
5413,Cafe De Bienka,1,New Delhi,"Fast Food, Chinese",350,Indian Rupees(Rs.),No,No,2.7,12
18285208,Chatkaara Point,1,New Delhi,"Fast Food, Chinese",250,Indian Rupees(Rs.),No,No,2.9,7
306185,Dharma Punjabi Dhaba,1,New Delhi,North Indian,300,Indian Rupees(Rs.),No,Yes,2.7,5
312073,Domino's Pizza,1,New Delhi,"Pizza, Fast Food",700,Indian Rupees(Rs.),No,No,2.5,6
312054,Flavourz Factoree,1,New Delhi,"Fast Food, Chinese, Bakery",300,Indian Rupees(Rs.),No,No,3.1,14
301912,Gabbar Chowmein,1,New Delhi,Fast Food,100,Indian Rupees(Rs.),No,No,3.0,4
18372661,Gayatri's Break Point Restaurant,1,New Delhi,"North Indian, South Indian, Chinese, Fast Food",300,Indian Rupees(Rs.),No,No,3.1,4
5499,Grover Sweets & Bakers,1,New Delhi,"Street Food, Chinese, Mithai",150,Indian Rupees(Rs.),No,No,3.3,12
302005,Khalsa Veg Corner,1,New Delhi,"North Indian, Fast Food",300,Indian Rupees(Rs.),No,No,3.1,10
306179,Lajawab Chinese Food,1,New Delhi,"Chinese, North Indian, Fast Food",300,Indian Rupees(Rs.),No,No,3.0,4
302057,Lajwab Bakery,1,New Delhi,Bakery,100,Indian Rupees(Rs.),No,No,3.1,7
302729,Maharani Rasoi,1,New Delhi,North Indian,150,Indian Rupees(Rs.),No,No,3.0,5
313067,Natkhat Bakers,1,New Delhi,"Bakery, Fast Food",300,Indian Rupees(Rs.),No,Yes,3.1,4
18133491,Pastry Palace,1,New Delhi,"Bakery, Street Food",350,Indian Rupees(Rs.),No,Yes,3.2,11
18204464,Punjabi Tadka,1,New Delhi,"North Indian, Chinese",500,Indian Rupees(Rs.),No,Yes,2.7,11
5412,Radha Swami Vaishno Dhaba,1,New Delhi,North Indian,200,Indian Rupees(Rs.),No,No,3.0,6
18358654,Scoops,1,New Delhi,"Beverages, Fast Food",200,Indian Rupees(Rs.),No,No,2.8,9
309167,Shah Bakery,1,New Delhi,"Fast Food, Bakery",400,Indian Rupees(Rs.),No,No,3.0,10
301903,Shahi Kachauri Wale,1,New Delhi,Street Food,50,Indian Rupees(Rs.),No,No,2.8,6
302757,Shahi Kachauri,1,New Delhi,Street Food,50,Indian Rupees(Rs.),No,No,2.8,4
310625,Shri Bikaner Sweets,1,New Delhi,"Fast Food, South Indian, Chinese, Mithai",250,Indian Rupees(Rs.),No,No,2.9,4
312171,Shri Krishna Vaishno Dhaba,1,New Delhi,North Indian,300,Indian Rupees(Rs.),No,No,3.0,5
9209,Shri Murli Wala,1,New Delhi,"North Indian, South Indian, Chinese, Street Food",400,Indian Rupees(Rs.),No,No,2.8,7
18291240,Shri Radha Ki Rasoi,1,New Delhi,"North Indian, Chinese, South Indian",300,Indian Rupees(Rs.),No,No,2.8,6
307946,Singh's Ice Cream Parlour,1,New Delhi,"Ice Cream, Desserts, Fast Food",200,Indian Rupees(Rs.),No,No,3.0,8
18203182,Swastik Restaurant,1,New Delhi,"Chinese, South Indian, North Indian",400,Indian Rupees(Rs.),No,Yes,2.7,6
302047,Tanatan Corner,1,New Delhi,North Indian,200,Indian Rupees(Rs.),No,No,2.9,7
307140,Tasty Bite,1,New Delhi,"North Indian, Chinese",650,Indian Rupees(Rs.),No,Yes,2.8,12
302835,Aggarwal Jalebi Wale,1,New Delhi,Street Food,50,Indian Rupees(Rs.),No,No,0.0,3
9108,Aggarwal Sweets,1,New Delhi,"Mithai, Street Food, North Indian",200,Indian Rupees(Rs.),No,No,0.0,3
9116,Arora Pastry Palace,1,New Delhi,"Bakery, Fast Food",100,Indian Rupees(Rs.),No,No,0.0,3
18401212,Chinese Chatorey Xpress,1,New Delhi,"Chinese, North Indian, Fast Food",250,Indian Rupees(Rs.),No,Yes,0.0,2
18437128,Chocochill,1,New Delhi,Desserts,250,Indian Rupees(Rs.),No,No,0.0,2
18331594,Da Pizza Zone,1,New Delhi,"Pizza, Fast Food",600,Indian Rupees(Rs.),No,Yes,0.0,2
18381265,Food N Shakes,1,New Delhi,"Chinese, Fast Food",250,Indian Rupees(Rs.),No,No,0.0,0
18312449,Green Chick Chop,1,New Delhi,"Raw Meats, Fast Food",350,Indian Rupees(Rs.),No,No,0.0,3
18372672,Grover Sweets,1,New Delhi,"Street Food, Chinese",250,Indian Rupees(Rs.),No,No,0.0,2
18363058,J V's Fried Chicken,1,New Delhi,Fast Food,300,Indian Rupees(Rs.),No,Yes,0.0,2
310581,Kamal Chat Bhandar,1,New Delhi,Street Food,100,Indian Rupees(Rs.),No,No,0.0,3
301914,Khalsa Chicken Corner,1,New Delhi,"North Indian, Mughlai",250,Indian Rupees(Rs.),No,No,0.0,2
5470,Lala Da Shudh Vaishno Dhaba,1,New Delhi,North Indian,200,Indian Rupees(Rs.),No,No,0.0,1
18358206,Madras Cafe,1,New Delhi,South Indian,200,Indian Rupees(Rs.),No,No,0.0,3
17989106,New China Town,1,New Delhi,Chinese,300,Indian Rupees(Rs.),No,No,0.0,2
18419501,Pick & Carry,1,New Delhi,Fast Food,200,Indian Rupees(Rs.),No,No,0.0,2
307950,Punjabi Chicken,1,New Delhi,North Indian,400,Indian Rupees(Rs.),No,No,0.0,3
18354634,Sandwiches 'N' More,1,New Delhi,"Fast Food, Chinese",250,Indian Rupees(Rs.),No,No,0.0,2
306180,Sapna Restaurant,1,New Delhi,"North Indian, Chinese",200,Indian Rupees(Rs.),No,Yes,0.0,3
301907,Sargam Sweets,1,New Delhi,"Desserts, Street Food",150,Indian Rupees(Rs.),No,No,0.0,2
18358165,Tandoori Theka,1,New Delhi,"Mughlai, North Indian",450,Indian Rupees(Rs.),No,Yes,0.0,2
18372666,The Darjiling Delicious Chinese Food,1,New Delhi,Chinese,100,Indian Rupees(Rs.),No,No,0.0,3
18499450,Veg Darbar - The Royal Taste,1,New Delhi,"North Indian, Chinese",400,Indian Rupees(Rs.),No,No,0.0,3
18500618,Veg. Darbar,1,New Delhi,"North Indian, Chinese",400,Indian Rupees(Rs.),No,No,0.0,1
18014109,Wah Ji Wah,1,New Delhi,North Indian,400,Indian Rupees(Rs.),No,Yes,2.4,4
8257,Cafe Coffee Day,1,New Delhi,Cafe,450,Indian Rupees(Rs.),No,No,2.6,33
18291214,Chalte Firte Momos,1,New Delhi,"Fast Food, Chinese",300,Indian Rupees(Rs.),No,No,2.6,23
1547,Chutneez Restaurant Lounge & Bar,1,New Delhi,"North Indian, Chinese, Mughlai",1200,Indian Rupees(Rs.),Yes,No,2.7,132
18219520,Domino's Pizza,1,New Delhi,"Pizza, Fast Food",700,Indian Rupees(Rs.),No,No,3.4,25
18378036,Fattoush,1,New Delhi,Lebanese,200,Indian Rupees(Rs.),No,No,2.9,5
18311958,Keventers,1,New Delhi,Beverages,400,Indian Rupees(Rs.),No,No,3.3,25
8979,Kutty's South Indian Cafe,1,New Delhi,South Indian,250,Indian Rupees(Rs.),No,No,3.4,99
8215,Mandrain,1,New Delhi,Chinese,450,Indian Rupees(Rs.),No,No,2.8,7
2009,Nazeer Foods,1,New Delhi,"Mughlai, North Indian",600,Indian Rupees(Rs.),No,No,3.4,193
6042,Nirula's Ice Cream,1,New Delhi,"Desserts, Ice Cream",250,Indian Rupees(Rs.),No,Yes,3.0,38
308816,Punjabi Tadka,1,New Delhi,North Indian,400,Indian Rupees(Rs.),No,No,2.8,5
308785,Rocking Woods,1,New Delhi,"North Indian, Chinese, Fast Food",1200,Indian Rupees(Rs.),Yes,Yes,2.6,86
309769,Shawarma Wala,1,New Delhi,Fast Food,250,Indian Rupees(Rs.),No,No,2.5,18
3779,Subway,1,New Delhi,"American, Fast Food, Salad, Healthy Food",500,Indian Rupees(Rs.),No,Yes,2.5,163
6127,The Yellow Chilli,1,New Delhi,"North Indian, Mughlai",1500,Indian Rupees(Rs.),Yes,Yes,2.7,307
4982,The Yummy Chilli,1,New Delhi,"Mughlai, North Indian",600,Indian Rupees(Rs.),No,No,2.9,9
4677,United Punjab,1,New Delhi,"North Indian, Mughlai",600,Indian Rupees(Rs.),No,Yes,2.5,88
8265,McDonald's,1,New Delhi,"Fast Food, Burger",500,Indian Rupees(Rs.),No,Yes,3.6,160
312352,Vintro,1,New Delhi,Cafe,350,Indian Rupees(Rs.),No,Yes,3.9,96
18285699,Wow! Momo,1,New Delhi,"Tibetan, Chinese",350,Indian Rupees(Rs.),No,No,3.5,54
304987,"34, Chowringhee Lane",1,New Delhi,Fast Food,350,Indian Rupees(Rs.),No,No,2.3,45
305386,Kebab Xpress,1,New Delhi,"North Indian, Mughlai",600,Indian Rupees(Rs.),No,Yes,2.4,117
474,Moti Mahal Delux Tandoori Trail,1,New Delhi,"North Indian, Mughlai",1000,Indian Rupees(Rs.),Yes,Yes,2.2,79
252,Pizza Hut,1,New Delhi,"Italian, Pizza, Fast Food",1000,Indian Rupees(Rs.),No,Yes,2.4,224
5851,The Golden Dragon,1,New Delhi,"Chinese, Seafood, Japanese",1500,Indian Rupees(Rs.),Yes,No,2.4,43
404,Yo! China,1,New Delhi,Chinese,900,Indian Rupees(Rs.),Yes,Yes,2.0,191
3072,Hawkers,1,New Delhi,Chinese,600,Indian Rupees(Rs.),No,Yes,3.4,398
234,Nirula's,1,New Delhi,"Fast Food, North Indian, Desserts, Ice Cream",1100,Indian Rupees(Rs.),No,Yes,3.0,145
308,Sagar Ratna,1,New Delhi,"South Indian, North Indian",600,Indian Rupees(Rs.),No,Yes,2.8,133
311305,Tribe,1,New Delhi,"Continental, Seafood, North Indian",2200,Indian Rupees(Rs.),Yes,No,3.3,89
1509,Angels in my Kitchen,1,New Delhi,"Bakery, Desserts, Fast Food",350,Indian Rupees(Rs.),No,Yes,3.7,248
18089255,Beijing Street,1,New Delhi,"Chinese, Thai, Fast Food",650,Indian Rupees(Rs.),No,Yes,3.8,122
18369756,Bun Intended,1,New Delhi,"Burger, American, Fast Food",850,Indian Rupees(Rs.),No,Yes,3.8,123
18416856,Captain Chang,1,New Delhi,"Chinese, Thai",1000,Indian Rupees(Rs.),No,Yes,3.9,40
306554,Captain Grub,1,New Delhi,"American, Fast Food",1000,Indian Rupees(Rs.),No,Yes,3.8,619
18287390,Clemency- The Restaurant & Cafe,1,New Delhi,"Continental, Italian, North Indian, Chinese, Lebanese",900,Indian Rupees(Rs.),Yes,Yes,3.8,43
1060,Flaming Chilli Pepper,1,New Delhi,"Chinese, Italian, North Indian",900,Indian Rupees(Rs.),Yes,Yes,3.8,286
306859,Hong Kong Express,1,New Delhi,"Chinese, Thai",800,Indian Rupees(Rs.),No,Yes,3.7,164
308621,Majeed's,1,New Delhi,"Mughlai, North Indian",800,Indian Rupees(Rs.),No,Yes,3.5,170
18218321,Majlis-e-Mughal,1,New Delhi,Mughlai,900,Indian Rupees(Rs.),Yes,Yes,3.5,95
18337788,Mickey's Kitchen,1,New Delhi,"Continental, American, Italian",950,Indian Rupees(Rs.),No,Yes,3.9,191
2778,Nanking,1,New Delhi,"Chinese, Seafood",1500,Indian Rupees(Rs.),Yes,Yes,3.6,361
18292485,Nawab Dera,1,New Delhi,"North Indian, Mughlai, Biryani",650,Indian Rupees(Rs.),No,Yes,3.8,141
18423898,The Cafe,1,New Delhi,Cafe,1000,Indian Rupees(Rs.),No,Yes,3.8,20
308246,The Village Caf?,1,New Delhi,"Cafe, American, Italian, North Indian, Chinese",700,Indian Rupees(Rs.),No,Yes,3.7,185
18289277,Cookfresh,1,New Delhi,Asian,800,Indian Rupees(Rs.),No,No,0.0,2
18264997,Cafe Connect,1,New Delhi,"Cafe, Bakery",700,Indian Rupees(Rs.),No,Yes,4.2,193
18144479,Happy Hakka,1,New Delhi,Chinese,650,Indian Rupees(Rs.),No,Yes,4.1,173
18431179,Indian Saffron Co.,1,New Delhi,"North Indian, Mughlai",900,Indian Rupees(Rs.),No,Yes,4.2,62
307032,DCK- Dana Choga's Kitchen,1,New Delhi,"North Indian, Mughlai",800,Indian Rupees(Rs.),No,Yes,2.9,252
305243,Domino's Pizza,1,New Delhi,"Pizza, Fast Food",700,Indian Rupees(Rs.),No,No,2.8,145
9177,Sagar Ratna,1,New Delhi,"South Indian, North Indian",600,Indian Rupees(Rs.),No,No,3.3,87
308697,Shree Bhagatram,1,New Delhi,"North Indian, Chinese, South Indian, Mithai",650,Indian Rupees(Rs.),No,Yes,3.3,199
3507,Subway,1,New Delhi,"American, Fast Food, Salad, Healthy Food",500,Indian Rupees(Rs.),No,Yes,2.5,131
18350121,Biryani Blues,1,New Delhi,"Biryani, Hyderabadi",750,Indian Rupees(Rs.),No,Yes,3.9,105
311345,Kebab Gali,1,New Delhi,"North Indian, Mughlai, Biryani",600,Indian Rupees(Rs.),No,Yes,3.9,380
1492,KFC,1,New Delhi,"American, Fast Food",500,Indian Rupees(Rs.),No,Yes,3.6,277
310169,Tipu Sultan,1,New Delhi,"North Indian, Mughlai",850,Indian Rupees(Rs.),Yes,Yes,3.7,364
312535,Angels in my Kitchen,1,New Delhi,"Bakery, Desserts, Fast Food",350,Indian Rupees(Rs.),No,Yes,3.2,22
535,Barista,1,New Delhi,Cafe,650,Indian Rupees(Rs.),No,Yes,3.3,47
304281,Bengal Sweet Palace,1,New Delhi,"Mithai, Street Food",150,Indian Rupees(Rs.),No,No,3.3,28
7392,Bread'D Bites,1,New Delhi,"Bakery, Desserts, Fast Food",150,Indian Rupees(Rs.),No,No,3.1,14
2122,Chinese Hut,1,New Delhi,Chinese,400,Indian Rupees(Rs.),No,No,3.4,20
302438,Foodland by Orchid,1,New Delhi,"North Indian, South Indian, Mughlai",900,Indian Rupees(Rs.),Yes,No,2.9,6
309789,From The Kitchen of Mala Bindra,1,New Delhi,Bakery,250,Indian Rupees(Rs.),No,No,3.1,9
313412,Go Kylin,1,New Delhi,"Japanese, Chinese, Asian, Malaysian, Thai, Vietnamese",1500,Indian Rupees(Rs.),No,Yes,2.8,9
7360,Green Chick Chop,1,New Delhi,"Raw Meats, North Indian, Fast Food",350,Indian Rupees(Rs.),No,No,3.3,23
4317,Hawkers,1,New Delhi,Chinese,300,Indian Rupees(Rs.),No,Yes,2.7,26
18458099,HotPlate,1,New Delhi,"Fast Food, North Indian",150,Indian Rupees(Rs.),No,No,3.1,8
2124,New Janta Restaurant,1,New Delhi,"North Indian, Mughlai",600,Indian Rupees(Rs.),No,No,3.1,31
2204,Rainbows,1,New Delhi,"Bakery, Fast Food",400,Indian Rupees(Rs.),No,Yes,3.2,28
305403,Sinfully Yours,1,New Delhi,"Bakery, Desserts",300,Indian Rupees(Rs.),No,Yes,3.3,18
775,Slice of Italy,1,New Delhi,"Italian, Pizza, Bakery",700,Indian Rupees(Rs.),No,Yes,2.8,299
18247024,Spice Deli,1,New Delhi,"North Indian, Chinese",1100,Indian Rupees(Rs.),Yes,Yes,3.3,52
303244,Twenty Four Seven,1,New Delhi,"Fast Food, North Indian",300,Indian Rupees(Rs.),No,No,3.1,9
300262,Uncle Tom's Steamed Hot Dogs,1,New Delhi,Fast Food,200,Indian Rupees(Rs.),No,No,3.3,40
18458332,AOWLS,1,New Delhi,"Chinese, Fast Food",300,Indian Rupees(Rs.),No,Yes,3.5,37
7391,Costa Coffee,1,New Delhi,Cafe,600,Indian Rupees(Rs.),No,No,3.6,80
18198434,Georgia Dakota,1,New Delhi,"Bakery, Desserts",450,Indian Rupees(Rs.),No,No,3.6,34
18371408,Instapizza After Hours,1,New Delhi,"Pizza, Fast Food",900,Indian Rupees(Rs.),No,Yes,3.5,21
308007,The Pint Room,1,New Delhi,"Finger Food, Continental, Italian",1700,Indian Rupees(Rs.),Yes,No,3.7,76
18227685,Anthony's Kitchen,1,New Delhi,"North Indian, South Indian",250,Indian Rupees(Rs.),No,No,0.0,0
18394443,Bakermania,1,New Delhi,"Bakery, Fast Food",400,Indian Rupees(Rs.),No,No,0.0,1
18312585,Cafe Coffee Day,1,New Delhi,Cafe,450,Indian Rupees(Rs.),No,No,0.0,2
18358669,Cones & Curries,1,New Delhi,North Indian,300,Indian Rupees(Rs.),No,No,0.0,2
18279461,Giani,1,New Delhi,"Ice Cream, Desserts",400,Indian Rupees(Rs.),No,No,0.0,3
18463329,Kaptain Bakery,1,New Delhi,Bakery,200,Indian Rupees(Rs.),No,No,0.0,1
18277185,Kayasth Cuisine,1,New Delhi,Mughlai,1000,Indian Rupees(Rs.),No,No,0.0,2
18358667,Mahinder Food Corner,1,New Delhi,"North Indian, Street Food",200,Indian Rupees(Rs.),No,No,0.0,1
18415363,Mohanty Bakery & Confectionery,1,New Delhi,Bakery,200,Indian Rupees(Rs.),No,No,0.0,0
18440933,Practically Perfect,1,New Delhi,"Bakery, Desserts",500,Indian Rupees(Rs.),No,No,0.0,1
18397698,Take Away Depot,1,New Delhi,"Chinese, Mughlai, North Indian",600,Indian Rupees(Rs.),No,No,0.0,0
18492083,The Artful Baker,1,New Delhi,"Bakery, Fast Food",600,Indian Rupees(Rs.),No,No,0.0,0
18289247,Perch Wine & Coffee Bar,1,New Delhi,"Cafe, European",2000,Indian Rupees(Rs.),No,No,4.3,114
8530,Aggarwal Confectionary,1,New Delhi,"Street Food, Bakery",50,Indian Rupees(Rs.),No,No,2.8,7
8501,Aggarwal Sweet Corner,1,New Delhi,"Mithai, Street Food",150,Indian Rupees(Rs.),No,No,2.9,16
8520,Ananda's,1,New Delhi,"South Indian, Chinese",350,Indian Rupees(Rs.),No,No,3.0,31
311184,Ankur Family Restaurant,1,New Delhi,"North Indian, Chinese",500,Indian Rupees(Rs.),No,No,2.8,7
18217007,Ayush Restaurant,1,New Delhi,North Indian,400,Indian Rupees(Rs.),No,No,3.2,13
18342098,Chef's Paradise,1,New Delhi,"North Indian, Mughlai, Chinese",400,Indian Rupees(Rs.),No,Yes,3.1,36
311231,Domino's Pizza,1,New Delhi,"Pizza, Fast Food",700,Indian Rupees(Rs.),No,No,2.6,17
310876,Fatafat Fast Food,1,New Delhi,"Chinese, Fast Food",450,Indian Rupees(Rs.),No,No,3.3,32
18265408,Giani,1,New Delhi,"Ice Cream, Desserts",300,Indian Rupees(Rs.),No,No,3.0,5
312517,Green Tea Fanatics,1,New Delhi,"Beverages, Fast Food",250,Indian Rupees(Rs.),No,No,3.4,31
312783,Khansama,1,New Delhi,"North Indian, Mughlai",350,Indian Rupees(Rs.),No,No,3.3,30
307920,Pauls Food,1,New Delhi,"North Indian, Chinese",550,Indian Rupees(Rs.),No,No,2.9,14
311253,Punjabi Vaishno Rasoi,1,New Delhi,North Indian,200,Indian Rupees(Rs.),No,No,2.9,4
307290,Republic of Chicken,1,New Delhi,"Raw Meats, Fast Food",400,Indian Rupees(Rs.),No,No,2.9,10
8532,Taj Sweets,1,New Delhi,Mithai,100,Indian Rupees(Rs.),No,No,3.1,16
18323036,The Cake,1,New Delhi,Bakery,200,Indian Rupees(Rs.),No,No,3.0,4
18325165,The Food Court,1,New Delhi,"Fast Food, Chinese",400,Indian Rupees(Rs.),No,Yes,3.7,32
311248,Adi's Restaurant,1,New Delhi,North Indian,300,Indian Rupees(Rs.),No,No,0.0,3
18424207,Aggarwal Sweet & Bakers,1,New Delhi,"Mithai, Street Food",150,Indian Rupees(Rs.),No,No,0.0,0
18420697,Aggarwal Sweets,1,New Delhi,Desserts,150,Indian Rupees(Rs.),No,No,0.0,0
18424648,Aggarwal Sweets,1,New Delhi,"Mithai, Street Food",100,Indian Rupees(Rs.),No,No,0.0,0
18376497,Always Eat Green,1,New Delhi,"North Indian, South Indian, Chinese",300,Indian Rupees(Rs.),No,No,0.0,0
18377898,Anjali Resaturant,1,New Delhi,North Indian,200,Indian Rupees(Rs.),No,No,0.0,0
18423889,Annapoorna Bhojanalya,1,New Delhi,North Indian,100,Indian Rupees(Rs.),No,No,0.0,0
18424638,Anupam Eating Point,1,New Delhi,North Indian,150,Indian Rupees(Rs.),No,No,0.0,0
18424661,Bikaner Rasoi,1,New Delhi,North Indian,250,Indian Rupees(Rs.),No,No,0.0,0
18375390,Cafe Mom,1,New Delhi,North Indian,100,Indian Rupees(Rs.),No,No,0.0,2
18377902,Cafe Youth,1,New Delhi,Chinese,350,Indian Rupees(Rs.),No,No,0.0,1
18430246,Cake Express,1,New Delhi,Bakery,350,Indian Rupees(Rs.),No,No,0.0,1
18425318,Cake Knighter,1,New Delhi,Bakery,300,Indian Rupees(Rs.),No,No,0.0,0
18336496,Catchup Green,1,New Delhi,Fast Food,300,Indian Rupees(Rs.),No,No,0.0,3
18429388,D Food,1,New Delhi,"North Indian, Street Food",200,Indian Rupees(Rs.),No,No,0.0,0
18499026,Delicious Cake,1,New Delhi,Bakery,300,Indian Rupees(Rs.),No,No,0.0,0
18424202,Famous Parantha and Poori Sabzi,1,New Delhi,North Indian,50,Indian Rupees(Rs.),No,No,0.0,0
18434964,FM Biryani Point,1,New Delhi,Biryani,150,Indian Rupees(Rs.),No,No,0.0,0
18377909,Food Plaza,1,New Delhi,"Chinese, Fast Food",250,Indian Rupees(Rs.),No,No,0.0,0
18390095,Foodiez,1,New Delhi,Street Food,150,Indian Rupees(Rs.),No,No,0.0,2
18423894,Goli Vada Pav No. 1,1,New Delhi,Street Food,100,Indian Rupees(Rs.),No,No,0.0,3
18414502,Hyderabad's Delight,1,New Delhi,"Hyderabadi, Biryani",400,Indian Rupees(Rs.),No,No,0.0,1
18419424,Khan Tandoori Hub,1,New Delhi,"North Indian, Mughlai",500,Indian Rupees(Rs.),No,No,0.0,0
18377900,Khan Tandoori Nights,1,New Delhi,Mughlai,400,Indian Rupees(Rs.),No,No,0.0,0
18424582,Meatwale.com,1,New Delhi,Raw Meats,150,Indian Rupees(Rs.),No,No,0.0,0
18424654,New Aggarwal Sweets & Fast Food,1,New Delhi,"Mithai, Fast Food",150,Indian Rupees(Rs.),No,No,0.0,0
18424650,Night Munchers,1,New Delhi,North Indian,500,Indian Rupees(Rs.),No,No,0.0,0
18423118,Old Moradabadi Chicken Corner,1,New Delhi,North Indian,400,Indian Rupees(Rs.),No,No,0.0,0
18251459,Richa's Bakery,1,New Delhi,Bakery,400,Indian Rupees(Rs.),No,No,0.0,1
18424208,Riyaz Biryani Corner,1,New Delhi,"Biryani, North Indian",150,Indian Rupees(Rs.),No,No,0.0,0
18424656,Rudra The Dhaba,1,New Delhi,North Indian,200,Indian Rupees(Rs.),No,No,0.0,0
18375387,Seven Star Pizza,1,New Delhi,Pizza,400,Indian Rupees(Rs.),No,No,0.0,0
18424200,Shahi Muradabadi Chicken Biryani,1,New Delhi,Biryani,150,Indian Rupees(Rs.),No,No,0.0,0
18377895,Shree Krishna Restaurant,1,New Delhi,"North Indian, Chinese",200,Indian Rupees(Rs.),No,No,0.0,1
300961,Shree Sai Bhog,1,New Delhi,"Chinese, North Indian, South Indian",250,Indian Rupees(Rs.),No,No,0.0,3
18424640,Soni Food Court,1,New Delhi,North Indian,150,Indian Rupees(Rs.),No,No,0.0,0
18424584,South Street Cafe,1,New Delhi,South Indian,200,Indian Rupees(Rs.),No,No,0.0,2
18424188,Special Chicken Biryani,1,New Delhi,Biryani,100,Indian Rupees(Rs.),No,No,0.0,0
18372694,Sweets n Treats,1,New Delhi,Street Food,50,Indian Rupees(Rs.),No,No,0.0,0
18371398,The Royal Prestige,1,New Delhi,"North Indian, South Indian",100,Indian Rupees(Rs.),No,No,0.0,1
18409206,Twenty Four Seven,1,New Delhi,"Fast Food, North Indian",300,Indian Rupees(Rs.),No,No,0.0,0
18429386,Two Friends Roll Corner,1,New Delhi,"Fast Food, Street Food",100,Indian Rupees(Rs.),No,No,0.0,0
18396190,Waikiki,1,New Delhi,"Chinese, North Indian",400,Indian Rupees(Rs.),No,No,0.0,0
18424192,Zaika Chicken Corner,1,New Delhi,"Biryani, North Indian",150,Indian Rupees(Rs.),No,No,0.0,0
18499493,Zombiez,1,New Delhi,"Chinese, North Indian",500,Indian Rupees(Rs.),No,No,0.0,0
18322647,366 Junction,1,New Delhi,"Cafe, North Indian, Chinese",800,Indian Rupees(Rs.),Yes,No,3.3,43
6654,Black & Brew,1,New Delhi,Chinese,300,Indian Rupees(Rs.),No,No,3.1,25
300941,Hari Om Bhojanalaya,1,New Delhi,North Indian,300,Indian Rupees(Rs.),No,No,3.4,43
18263693,Nalwa's Hotspot,1,New Delhi,Chinese,300,Indian Rupees(Rs.),No,No,3.1,10
18245248,Pasta Hub,1,New Delhi,Italian,200,Indian Rupees(Rs.),No,No,3.0,16
305275,Rock n Wood Cafe,1,New Delhi,"North Indian, Chinese",500,Indian Rupees(Rs.),No,Yes,3.4,168
18337490,Roll Corner,1,New Delhi,Fast Food,200,Indian Rupees(Rs.),No,Yes,3.3,12
312364,Shree Nandhini Cafe,1,New Delhi,"South Indian, Chinese",350,Indian Rupees(Rs.),No,No,3.3,27
312422,Sindhi Dhaba,1,New Delhi,North Indian,200,Indian Rupees(Rs.),No,No,2.9,19
18359295,Take N Taste,1,New Delhi,"North Indian, Chinese",400,Indian Rupees(Rs.),No,Yes,3.1,15
307369,Taxi Bar & Cafe,1,New Delhi,"North Indian, Chinese, Fast Food",800,Indian Rupees(Rs.),Yes,Yes,3.3,732
308811,The Little Diner,1,New Delhi,"Continental, Chinese, Italian, Cafe",800,Indian Rupees(Rs.),Yes,Yes,3.4,430
18273624,Cafeteria & Co.,1,New Delhi,"Continental, Mexican",900,Indian Rupees(Rs.),No,No,4.6,1136
18175303,Burger Point,1,New Delhi,"Burger, Fast Food",300,Indian Rupees(Rs.),No,No,3.8,114
310532,Cafe All-Inn,1,New Delhi,"Cafe, Mexican, Italian, North Indian, Chinese",600,Indian Rupees(Rs.),No,No,3.8,429
312420,Chowringhee,1,New Delhi,Fast Food,250,Indian Rupees(Rs.),No,Yes,3.5,65
308155,Flamess Restaurant & Cafe Village,1,New Delhi,"North Indian, Chinese, Continental, Italian, Mexican, Lebanese",700,Indian Rupees(Rs.),No,Yes,3.5,349
305856,Jack 'n' Chill,1,New Delhi,"American, Italian, Cafe",500,Indian Rupees(Rs.),No,No,3.6,480
308950,Kake Di Hatti,1,New Delhi,North Indian,400,Indian Rupees(Rs.),No,No,3.6,314
17977767,Mad Monkey,1,New Delhi,"Cafe, Continental, Italian",800,Indian Rupees(Rs.),Yes,Yes,3.7,344
18359288,Manohar Cakes & Bikaneri,1,New Delhi,"Mithai, Fast Food",150,Indian Rupees(Rs.),No,No,3.5,18
1199,Shagun,1,New Delhi,"Chinese, Thai, Tibetan, Japanese",800,Indian Rupees(Rs.),No,Yes,3.9,419
312365,Shyam Chaat Bhandar,1,New Delhi,Street Food,150,Indian Rupees(Rs.),No,No,3.5,27
17989097,Telegram,1,New Delhi,"Cafe, North Indian, Continental, Chinese",700,Indian Rupees(Rs.),No,Yes,3.5,359
18233584,The University Bistro,1,New Delhi,"Cafe, Italian, Continental, Mexican, Mediterranean",500,Indian Rupees(Rs.),No,Yes,3.6,555
18241524,736 A.D.,1,New Delhi,"North Indian, Continental, Italian, Chinese",900,Indian Rupees(Rs.),No,No,4.1,506
301700,Big Yellow Door,1,New Delhi,"Cafe, Italian, Fast Food",600,Indian Rupees(Rs.),No,No,4.3,3986
303849,Mr. Crust Bakers,1,New Delhi,"Bakery, Desserts, Fast Food",400,Indian Rupees(Rs.),No,No,4.2,741
18258484,Phonebooth Caf?,1,New Delhi,"North Indian, Continental, Chinese, Italian",800,Indian Rupees(Rs.),No,Yes,4.1,636
18157386,Tony's,1,New Delhi,Fast Food,200,Indian Rupees(Rs.),No,Yes,4.4,163
18455949,Wake 'n' Bake Cafe,1,New Delhi,"Fast Food, Bakery",350,Indian Rupees(Rs.),No,No,4.0,90
18337907,Gabbar Di Hatti,1,New Delhi,"North Indian, Mughlai",300,Indian Rupees(Rs.),No,No,3.4,19
18441677,Chennai Express,1,New Delhi,"Chinese, South Indian",300,Indian Rupees(Rs.),No,No,0.0,0
18355037,1990's,1,New Delhi,"North Indian, Mughlai",250,Indian Rupees(Rs.),No,No,3.3,15
18124369,Amul Cafe,1,New Delhi,"Desserts, Fast Food",300,Indian Rupees(Rs.),No,No,3.3,23
18221405,Burger Point,1,New Delhi,"Burger, Fast Food",300,Indian Rupees(Rs.),No,No,3.4,28
302166,Buta Singh Da Dhabba,1,New Delhi,North Indian,150,Indian Rupees(Rs.),No,No,2.8,14
8696,Cafe Amigo,1,New Delhi,Cafe,400,Indian Rupees(Rs.),No,No,3.0,41
6925,Cafe Coffee Day,1,New Delhi,Cafe,450,Indian Rupees(Rs.),No,No,3.0,16
300459,Cake Palace,1,New Delhi,Bakery,200,Indian Rupees(Rs.),No,No,2.7,11
2403,Carara,1,New Delhi,"North Indian, Chinese",500,Indian Rupees(Rs.),No,No,2.6,20
8695,Channi Pishori Chicken,1,New Delhi,Mughlai,400,Indian Rupees(Rs.),No,No,3.3,55
311396,Chatkora Food N Snacks Corner,1,New Delhi,Fast Food,350,Indian Rupees(Rs.),No,No,2.9,6
18333392,Chetana Bakes,1,New Delhi,Bakery,400,Indian Rupees(Rs.),No,No,3.0,6
18287378,Chily Hut,1,New Delhi,"Chinese, North Indian",750,Indian Rupees(Rs.),No,No,3.2,20
307195,De' Bistro,1,New Delhi,"Chinese, Fast Food",850,Indian Rupees(Rs.),Yes,No,3.3,16
300440,Deep Bakers,1,New Delhi,"Fast Food, Bakery",100,Indian Rupees(Rs.),No,No,3.2,17
4793,Delhi 6,1,New Delhi,North Indian,350,Indian Rupees(Rs.),No,No,2.6,44
18478982,Finest Pizzeria,1,New Delhi,Pizza,600,Indian Rupees(Rs.),No,Yes,3.1,5
18322639,Food Lab,1,New Delhi,"Chinese, Biryani, North Indian",300,Indian Rupees(Rs.),No,No,3.0,5
18285737,Goli Vada Pav No. 1,1,New Delhi,Street Food,100,Indian Rupees(Rs.),No,No,3.3,26
18204810,Grover Sweets,1,New Delhi,"Mithai, Street Food",100,Indian Rupees(Rs.),No,No,3.1,8
301380,Hema Chinese Foods,1,New Delhi,Chinese,300,Indian Rupees(Rs.),No,No,3.3,21
18277000,Hunger Stop,1,New Delhi,"North Indian, Mughlai",600,Indian Rupees(Rs.),No,No,3.2,13
300461,Ishwar Sweets,1,New Delhi,Chinese,300,Indian Rupees(Rs.),No,No,3.4,33
3654,Kathi Express,1,New Delhi,"Fast Food, Chinese",500,Indian Rupees(Rs.),No,No,2.6,33
18264996,Kream's,1,New Delhi,"Bakery, Fast Food, Pizza",200,Indian Rupees(Rs.),No,No,3.1,8
301377,Madras Cafe,1,New Delhi,"South Indian, Fast Food",300,Indian Rupees(Rs.),No,No,3.3,33
8680,Mandeep Punjabi Rasoi,1,New Delhi,North Indian,200,Indian Rupees(Rs.),No,No,3.0,10
18246995,Masti Curry,1,New Delhi,North Indian,350,Indian Rupees(Rs.),No,Yes,2.8,31
4785,New Madras Cafe,1,New Delhi,"South Indian, Fast Food",300,Indian Rupees(Rs.),No,No,3.1,34
2402,Pakwan,1,New Delhi,"Chinese, North Indian",600,Indian Rupees(Rs.),No,No,2.8,20
300406,Patiala Shahi Soups,1,New Delhi,Mughlai,300,Indian Rupees(Rs.),No,No,3.1,12
311390,Pizza Yum,1,New Delhi,"Pizza, Fast Food",650,Indian Rupees(Rs.),No,No,3.1,24
4164,Polka Pastry & Snack Bar,1,New Delhi,"Bakery, Fast Food",350,Indian Rupees(Rs.),No,Yes,2.7,44
18365391,Red Hot,1,New Delhi,North Indian,350,Indian Rupees(Rs.),No,No,3.3,15
8508,Republic of Chicken,1,New Delhi,"Raw Meats, Fast Food",400,Indian Rupees(Rs.),No,No,3.1,17
1305,Sai Ann Kutir,1,New Delhi,"Chinese, North Indian",400,Indian Rupees(Rs.),No,No,2.8,37
18245289,Saravana South Indian Hut,1,New Delhi,South Indian,250,Indian Rupees(Rs.),No,No,3.2,10
18057797,Sardar Pure Meat Shop,1,New Delhi,"Raw Meats, Fast Food",300,Indian Rupees(Rs.),No,No,3.2,9
300472,Shama Chicken Corner,1,New Delhi,"North Indian, Mughlai",400,Indian Rupees(Rs.),No,No,3.1,23
18247014,Shan E Punjab,1,New Delhi,"North Indian, South Indian",550,Indian Rupees(Rs.),No,No,3.4,23
4790,Shanghai Nights,1,New Delhi,Chinese,450,Indian Rupees(Rs.),No,No,2.8,11
8707,Shree Ram Sweets & Bakers,1,New Delhi,Mithai,100,Indian Rupees(Rs.),No,No,3.0,4
302183,Sindhi Kulfi Wala,1,New Delhi,Desserts,100,Indian Rupees(Rs.),No,No,3.0,4
4792,South Indian Cafe,1,New Delhi,"South Indian, Chinese",350,Indian Rupees(Rs.),No,No,3.3,42
2362,South Indian Hut,1,New Delhi,South Indian,250,Indian Rupees(Rs.),No,No,3.4,35
4338,Spinns Resto-Bar,1,New Delhi,"North Indian, Chinese",800,Indian Rupees(Rs.),Yes,No,2.6,43
309198,Subway,1,New Delhi,"American, Fast Food, Salad, Healthy Food",500,Indian Rupees(Rs.),No,Yes,2.6,28
300457,Taneja Bakery,1,New Delhi,Bakery,200,Indian Rupees(Rs.),No,No,3.2,17
312201,Tequila Express,1,New Delhi,"North Indian, Chinese",1150,Indian Rupees(Rs.),Yes,Yes,3.4,40
3657,The China Town,1,New Delhi,Chinese,600,Indian Rupees(Rs.),No,No,3.4,26
310640,THS - The Hunger Street,1,New Delhi,"North Indian, Mughlai, Chinese",600,Indian Rupees(Rs.),No,No,3.2,49
309323,True Blue,1,New Delhi,"North Indian, Chinese",1100,Indian Rupees(Rs.),Yes,No,3.2,31
311333,Twenty Four Seven,1,New Delhi,"Fast Food, North Indian",300,Indian Rupees(Rs.),No,No,3.1,7
5925,Your's Chole Bhature,1,New Delhi,Street Food,100,Indian Rupees(Rs.),No,No,2.6,42
312448,Baskin Robbins,1,New Delhi,Ice Cream,300,Indian Rupees(Rs.),No,No,3.5,36
311600,Pure Punjabi,1,New Delhi,"North Indian, Fast Food",700,Indian Rupees(Rs.),No,No,3.5,56
18365871,Brick Station,1,New Delhi,Cafe,600,Indian Rupees(Rs.),No,No,0.0,3
18466393,Food Factory,1,New Delhi,"Chinese, Fast Food",300,Indian Rupees(Rs.),No,No,0.0,1
18258762,Pastry Point,1,New Delhi,"Bakery, Fast Food",200,Indian Rupees(Rs.),No,No,0.0,3
18489507,Prem Jee Da Dhaba,1,New Delhi,North Indian,500,Indian Rupees(Rs.),No,No,0.0,2
3665,Welcome Food Point,1,New Delhi,"Chinese, North Indian",600,Indian Rupees(Rs.),No,Yes,2.3,26
309473,Arora Snacks,1,New Delhi,Chinese,350,Indian Rupees(Rs.),No,No,2.8,14
8502,Bansal Mithai Wale,1,New Delhi,Mithai,100,Indian Rupees(Rs.),No,No,2.9,5
18303857,Fabulous Cake Bites,1,New Delhi,"Bakery, Desserts, Fast Food, Pizza, Burger, Finger Food",400,Indian Rupees(Rs.),No,Yes,3.4,33
6264,Garam Masala Food Corner,1,New Delhi,"North Indian, Chinese",450,Indian Rupees(Rs.),No,Yes,3.3,114
18419896,Health Buzzz,1,New Delhi,Healthy Food,350,Indian Rupees(Rs.),No,Yes,3.1,7
18291215,Kumar Pav Bhaji Corner,1,New Delhi,Fast Food,200,Indian Rupees(Rs.),No,No,3.2,12
18264964,Le Chef,1,New Delhi,"Chinese, North Indian",400,Indian Rupees(Rs.),No,No,3.0,6
18420420,Nainy Fast Food,1,New Delhi,"Chinese, Fast Food",300,Indian Rupees(Rs.),No,No,3.3,12
310604,Platform Nine and Three Quarters,1,New Delhi,"Cafe, North Indian, Continental",600,Indian Rupees(Rs.),No,No,2.6,54
18225627,Pudding & Pie,1,New Delhi,"Bakery, Fast Food",450,Indian Rupees(Rs.),No,No,3.1,5
6251,Rapture,1,New Delhi,"Bakery, Fast Food",400,Indian Rupees(Rs.),No,No,2.5,51
6253,Sachdeva Chinese Fast Food,1,New Delhi,"Chinese, Fast Food",400,Indian Rupees(Rs.),No,No,3.3,21
18249080,Simply Cakes,1,New Delhi,Bakery,400,Indian Rupees(Rs.),No,No,3.2,10
18364535,The Dosa King,1,New Delhi,"South Indian, North Indian",400,Indian Rupees(Rs.),No,No,2.9,4
18128871,Bhappe Di Hatti,1,New Delhi,"North Indian, Chinese",500,Indian Rupees(Rs.),No,Yes,3.5,37
18124355,Cafetorium,1,New Delhi,"Cafe, Italian",600,Indian Rupees(Rs.),No,Yes,3.8,122
304598,Food Express,1,New Delhi,"Chinese, North Indian",800,Indian Rupees(Rs.),No,Yes,3.6,126
18380891,Sai Bajaj Restaurant,1,New Delhi,"Chinese, North Indian",300,Indian Rupees(Rs.),No,Yes,3.6,35
18458629,The Chimney Bar-Be-Que,1,New Delhi,"North Indian, Chinese",500,Indian Rupees(Rs.),No,No,3.6,26
6240,Urban Punjab,1,New Delhi,"North Indian, Chinese",600,Indian Rupees(Rs.),No,No,3.6,168
18420428,Cheese Bitez Pizza,1,New Delhi,Fast Food,200,Indian Rupees(Rs.),No,No,0.0,0
18418262,Goyal Sweets,1,New Delhi,"Mithai, Bakery",150,Indian Rupees(Rs.),No,No,0.0,0
18418276,Gulati's Takeaway,1,New Delhi,"North Indian, Chinese, Mughlai",500,Indian Rupees(Rs.),No,No,0.0,0
18421469,Jyoti Sweets,1,New Delhi,Mithai,300,Indian Rupees(Rs.),No,No,0.0,0
18421467,Momos Hi Momos,1,New Delhi,Chinese,150,Indian Rupees(Rs.),No,No,0.0,0
18446390,New Bhappe Di Hatti,1,New Delhi,Fast Food,100,Indian Rupees(Rs.),No,No,0.0,0
18421471,Oven Fresh,1,New Delhi,Bakery,300,Indian Rupees(Rs.),No,No,0.0,0
18377897,Rupa Ice Cream Parlour,1,New Delhi,Desserts,300,Indian Rupees(Rs.),No,No,0.0,1
18419871,Scoopers 'n' Bakers,1,New Delhi,Bakery,200,Indian Rupees(Rs.),No,No,0.0,0
18420424,South Indian Food Plaza,1,New Delhi,South Indian,250,Indian Rupees(Rs.),No,No,0.0,0
18377901,Super Snacks,1,New Delhi,"North Indian, South Indian",300,Indian Rupees(Rs.),No,No,0.0,0
18291232,Unique Pastry,1,New Delhi,"Bakery, Desserts",250,Indian Rupees(Rs.),No,No,0.0,0
18445361,Veg Food Express,1,New Delhi,North Indian,400,Indian Rupees(Rs.),No,No,0.0,0
1613,Chintamani's Namkeen,1,New Delhi,"Chinese, Fast Food, North Indian, South Indian, Street Food, Mithai",350,Indian Rupees(Rs.),No,No,2.4,29
18216911,Deltasious,1,New Delhi,"North Indian, Chinese, Bakery",400,Indian Rupees(Rs.),No,Yes,2.2,64
310440,Tandoori Junction,1,New Delhi,"North Indian, Chinese",300,Indian Rupees(Rs.),No,Yes,2.4,10
4740,Apni Rasoi,1,New Delhi,North Indian,300,Indian Rupees(Rs.),No,No,2.6,19
2044,Haldiram Bhujiawala,1,New Delhi,"Street Food, North Indian, South Indian, Mithai",400,Indian Rupees(Rs.),No,No,3.4,35
306064,Meghraj Food Court,1,New Delhi,"North Indian, Street Food, Mithai",250,Indian Rupees(Rs.),No,No,3.0,24
6553,Meghraj Sweets,1,New Delhi,"Mithai, Street Food, North Indian",150,Indian Rupees(Rs.),No,No,3.2,8
18363089,Chill Out,1,New Delhi,Ice Cream,200,Indian Rupees(Rs.),No,No,0.0,0
18294257,Chilli Chinese,1,New Delhi,Chinese,200,Indian Rupees(Rs.),No,No,0.0,0
349,"34, Chowringhee Lane",1,New Delhi,Fast Food,350,Indian Rupees(Rs.),No,No,3.4,86
3455,Subway,1,New Delhi,"American, Fast Food, Salad, Healthy Food",500,Indian Rupees(Rs.),No,Yes,2.1,152
1115,The Golden Dragon,1,New Delhi,"Chinese, Seafood, Japanese",1500,Indian Rupees(Rs.),Yes,No,3.5,178
311506,KFC,1,New Delhi,"American, Fast Food",500,Indian Rupees(Rs.),No,Yes,3.4,86
3974,Mitra Da Dhaba,1,New Delhi,North Indian,400,Indian Rupees(Rs.),No,No,3.5,216
18163893,Mr. Sub,1,New Delhi,Fast Food,400,Indian Rupees(Rs.),No,Yes,3.7,83
313093,Kennedy's,1,New Delhi,"Chinese, Fast Food",400,Indian Rupees(Rs.),No,Yes,4.1,491
18384135,Keventers,1,New Delhi,Beverages,400,Indian Rupees(Rs.),No,No,3.1,5
18337772,Street Foods by Punjab Grill,1,New Delhi,"Street Food, North Indian",600,Indian Rupees(Rs.),No,No,3.2,17
18316173,Subway,1,New Delhi,"American, Fast Food, Salad, Healthy Food",500,Indian Rupees(Rs.),No,Yes,3.1,25
18336491,Wow! Momo,1,New Delhi,Chinese,350,Indian Rupees(Rs.),No,No,3.1,8
18306524,Biryani Blues,1,New Delhi,"Biryani, Hyderabadi",1000,Indian Rupees(Rs.),No,No,3.6,22
18390311,Asia Seven Express,1,New Delhi,Chinese,500,Indian Rupees(Rs.),No,No,0.0,3
18446491,Bikanervala,1,New Delhi,"North Indian, South Indian, Fast Food, Street Food, Chinese, Beverages, Desserts, Mithai",550,Indian Rupees(Rs.),No,No,0.0,3
18334400,Cafe Huddle,1,New Delhi,Fast Food,600,Indian Rupees(Rs.),No,No,0.0,3
18474934,Chai Garam,1,New Delhi,"Tea, Fast Food",300,Indian Rupees(Rs.),No,No,0.0,1
18416747,Dolce Gelato,1,New Delhi,"Ice Cream, Beverages, Fast Food",300,Indian Rupees(Rs.),No,No,0.0,0
18415376,GoGourmet,1,New Delhi,"Healthy Food, Beverages",600,Indian Rupees(Rs.),No,Yes,0.0,3
18446483,Karim's,1,New Delhi,"Mughlai, North Indian",1000,Indian Rupees(Rs.),No,No,0.0,1
18409199,Khan Chacha,1,New Delhi,"Mughlai, North Indian",650,Indian Rupees(Rs.),No,No,0.0,2
18446485,Pizza Hut Delivery,1,New Delhi,"Italian, Pizza, Fast Food",800,Indian Rupees(Rs.),No,No,0.0,0
18439530,Foodhall,1,New Delhi,"Bakery, Italian, Chinese, Mexican",700,Indian Rupees(Rs.),No,No,0.0,3
18279456,Eat Me,1,New Delhi,"North Indian, Continental",600,Indian Rupees(Rs.),No,Yes,2.7,33
304475,EDC Mania,1,New Delhi,Fast Food,150,Indian Rupees(Rs.),No,No,3.3,39
311971,Elegant China X-Press,1,New Delhi,Chinese,400,Indian Rupees(Rs.),No,No,3.1,9
1918,Gopala,1,New Delhi,"Mithai, Street Food",250,Indian Rupees(Rs.),No,No,3.3,28
3467,Green Chick Chop,1,New Delhi,"Raw Meats, North Indian, Fast Food",350,Indian Rupees(Rs.),No,No,3.1,30
18265698,Hangchuaa's Chinese Food Corner,1,New Delhi,Chinese,600,Indian Rupees(Rs.),No,No,2.7,5
7457,Madhuvan Chinese Fast Food,1,New Delhi,Chinese,300,Indian Rupees(Rs.),No,No,2.7,52
18175274,Momos House,1,New Delhi,Chinese,350,Indian Rupees(Rs.),No,No,2.9,5
3469,Punjab Restaurant,1,New Delhi,"North Indian, Mughlai",600,Indian Rupees(Rs.),No,No,3.2,46
2605,Rhythm Restro-Bar,1,New Delhi,"Mughlai, Chinese, North Indian",1000,Indian Rupees(Rs.),Yes,No,3.0,42
4640,Say Cheese,1,New Delhi,Fast Food,400,Indian Rupees(Rs.),No,Yes,2.7,128
928,Sona Restaurant,1,New Delhi,"North Indian, Mughlai",450,Indian Rupees(Rs.),No,No,3.2,30
312756,Uraki,1,New Delhi,Asian,400,Indian Rupees(Rs.),No,No,2.7,8
309505,Wah Ji Wah,1,New Delhi,North Indian,450,Indian Rupees(Rs.),No,No,3.0,25
9890,Annapurna Sweets,1,New Delhi,"Mithai, Street Food",150,Indian Rupees(Rs.),No,No,3.9,109
954,Karnataka,1,New Delhi,"South Indian, North Indian, Chinese",500,Indian Rupees(Rs.),No,Yes,3.7,334
18357525,EDC Mania,1,New Delhi,Fast Food,150,Indian Rupees(Rs.),No,No,0.0,2
18265700,Faeem Chicken Corner,1,New Delhi,Mughlai,300,Indian Rupees(Rs.),No,No,0.0,3
18252382,Grills N Chills,1,New Delhi,Fast Food,350,Indian Rupees(Rs.),No,No,0.0,0
18478967,Gupta Sweets,1,New Delhi,"North Indian, South Indian, Mithai",300,Indian Rupees(Rs.),No,No,0.0,0
18311920,Khub Chand,1,New Delhi,Raw Meats,300,Indian Rupees(Rs.),No,No,0.0,1
18455876,OCD - Online Cake Delivery,1,New Delhi,"Bakery, Desserts",200,Indian Rupees(Rs.),No,No,0.0,1
18478987,Sher E Punjab,1,New Delhi,North Indian,450,Indian Rupees(Rs.),No,No,0.0,1
18479000,Shri Balaji,1,New Delhi,South Indian,200,Indian Rupees(Rs.),No,No,0.0,0
18478997,Sidhi Cafe,1,New Delhi,"Street Food, Fast Food",100,Indian Rupees(Rs.),No,No,0.0,0
18492061,Al Hayat Bakers,1,New Delhi,Bakery,200,Indian Rupees(Rs.),No,No,0.0,0
18349925,Al-Kausar's,1,New Delhi,Chinese,200,Indian Rupees(Rs.),No,No,0.0,0
18492065,Alam Biryani Center,1,New Delhi,Biryani,200,Indian Rupees(Rs.),No,No,0.0,0
310480,Bismillah Hotel,1,New Delhi,Fast Food,150,Indian Rupees(Rs.),No,No,0.0,1
18144471,Halal Pizza Star,1,New Delhi,"Pizza, Fast Food",450,Indian Rupees(Rs.),No,No,0.0,0
18466972,HTW Bakers,1,New Delhi,"Bakery, Desserts",350,Indian Rupees(Rs.),No,No,0.0,0
18429376,Javed Bawarchi Restaurant,1,New Delhi,Mughlai,600,Indian Rupees(Rs.),No,No,0.0,0
18354968,Let's Eat,1,New Delhi,"Fast Food, Beverages",200,Indian Rupees(Rs.),No,No,0.0,1
18441542,Moonis Kada,1,New Delhi,"Mughlai, North Indian",500,Indian Rupees(Rs.),No,No,0.0,0
18445274,Motu N Patlu,1,New Delhi,"Lebanese, North Indian, Fast Food",250,Indian Rupees(Rs.),No,No,0.0,0
18168147,S.K. Fast Food,1,New Delhi,Chinese,350,Indian Rupees(Rs.),No,No,0.0,0
18429375,Sufiyan Restaurant,1,New Delhi,Mughlai,250,Indian Rupees(Rs.),No,No,0.0,0
310479,The Relax Point,1,New Delhi,North Indian,250,Indian Rupees(Rs.),No,No,0.0,1
18212160,Zareen's Dastarkhwan,1,New Delhi,Awadhi,800,Indian Rupees(Rs.),No,No,0.0,1
310063,Ali Baba Caves,1,Noida,"Cafe, Chinese",500,Indian Rupees(Rs.),No,No,3.1,15
312214,Caf? Doo Ghoont,1,Noida,Cafe,600,Indian Rupees(Rs.),No,Yes,3.4,50
309641,Knights Chaska,1,Noida,"North Indian, Chinese",800,Indian Rupees(Rs.),Yes,No,2.9,6
306688,Thirsty Scholar Cafe,1,Noida,Cafe,450,Indian Rupees(Rs.),No,No,3.2,45
18440427,Savoury Street,1,Noida,"North Indian, Continental, Italian",600,Indian Rupees(Rs.),No,No,0.0,3
312573,JSB Evergreen Snack & Sweets,1,Noida,"North Indian, Chinese, Fast Food, Street Food",300,Indian Rupees(Rs.),No,No,3.1,47
7983,221 B Baker Street,1,Noida,Bakery,200,Indian Rupees(Rs.),No,Yes,3.5,94
302541,Kapoors Balle Balle,1,Noida,"North Indian, Chinese",400,Indian Rupees(Rs.),No,Yes,3.7,331
7992,Lakshmi Coffee House,1,Noida,South Indian,300,Indian Rupees(Rs.),No,No,3.8,603
3695,Geoffrey's,1,Noida,"Asian, Continental, Italian, North Indian",2600,Indian Rupees(Rs.),Yes,No,3.0,579
4473,Haldiram's,1,Noida,"North Indian, South Indian, Chinese, Street Food, Fast Food, Mithai, Desserts",600,Indian Rupees(Rs.),No,No,3.5,169
3250,Maamouchee @ My Way,1,Noida,"Italian, Lebanese, North Indian",1100,Indian Rupees(Rs.),Yes,Yes,3.5,278
718,Americana Kitchen and Bar,1,Noida,"American, Tex-Mex, Italian, Mexican, North Indian",2000,Indian Rupees(Rs.),Yes,No,2.4,221
18272361,Punjabi By Nature Quickie,1,Noida,"North Indian, Mughlai",1100,Indian Rupees(Rs.),Yes,No,3.4,120
18372695,United Coffee House Rewind,1,Noida,"North Indian, European, Asian, Mediterranean",1500,Indian Rupees(Rs.),Yes,No,3.4,215
18265411,Wow! Momo,1,Noida,"Tibetan, Chinese",350,Indian Rupees(Rs.),No,No,2.7,212
18303706,Oh So Stoned!,1,Noida,Desserts,250,Indian Rupees(Rs.),No,No,4.5,324
18268698,The Big Chill Cakery,1,Noida,"Bakery, Desserts",700,Indian Rupees(Rs.),No,No,4.5,147
18264244,Barista,1,Noida,Cafe,650,Indian Rupees(Rs.),No,No,3.5,23
18277171,Big Wong XL,1,Noida,"Chinese, Thai, Sushi",1500,Indian Rupees(Rs.),Yes,Yes,3.9,199
18265419,Carl's Jr.,1,Noida,"Burger, American, Fast Food",650,Indian Rupees(Rs.),No,Yes,3.8,458
18233616,Chaayos,1,Noida,"Cafe, Tea",400,Indian Rupees(Rs.),No,No,3.9,124
18366022,Chi Asian Cookhouse,1,Noida,"Chinese, Thai, Asian, Japanese, Korean, Seafood",1400,Indian Rupees(Rs.),Yes,Yes,3.9,173
18273551,Costa Coffee,1,Noida,Cafe,600,Indian Rupees(Rs.),No,No,3.7,64
18272346,Dunkin' Donuts,1,Noida,"Burger, Desserts, Fast Food",600,Indian Rupees(Rs.),No,No,3.7,86
18268925,Instapizza,1,Noida,"Pizza, Fast Food",900,Indian Rupees(Rs.),No,Yes,3.7,214
18272379,Keventers,1,Noida,Beverages,400,Indian Rupees(Rs.),No,No,3.8,169
18272355,Pirates of Grill,1,Noida,"North Indian, Continental, Mughlai, Asian",1800,Indian Rupees(Rs.),No,No,3.9,749
18268722,Pizza Hut,1,Noida,"Italian, Pizza, Fast Food",1000,Indian Rupees(Rs.),No,No,3.9,173
18273556,PizzaExpress,1,Noida,"Italian, Pizza",1600,Indian Rupees(Rs.),Yes,Yes,3.9,366
18272367,RollsKing,1,Noida,Fast Food,400,Indian Rupees(Rs.),No,No,3.9,232
18258775,Taco Bell,1,Noida,"Mexican, Fast Food",550,Indian Rupees(Rs.),No,Yes,3.6,397
18449092,The Frozen Factory,1,Noida,"Ice Cream, Desserts",350,Indian Rupees(Rs.),No,No,3.7,22
18461590,Theos,1,Noida,"Bakery, Desserts",500,Indian Rupees(Rs.),No,No,3.5,13
18254530,Wendy's,1,Noida,"Burger, Fast Food",400,Indian Rupees(Rs.),No,Yes,3.7,518
18336212,Zizo,1,Noida,"Lebanese, Mediterranean, Middle Eastern, Arabian",1600,Indian Rupees(Rs.),Yes,Yes,3.8,67
18268727,Cafe Delhi Heights,1,Noida,"Continental, American, Cafe",1500,Indian Rupees(Rs.),Yes,No,4.1,567
18268712,Chili's Grill & Bar,1,Noida,"Mexican, American, Italian",1500,Indian Rupees(Rs.),Yes,Yes,4.1,750
18272353,Made In Punjab,1,Noida,"North Indian, Mughlai",1500,Indian Rupees(Rs.),Yes,No,4.1,322
18261140,Mamagoto,1,Noida,"Asian, Thai, Chinese",1600,Indian Rupees(Rs.),Yes,Yes,4.3,428
18272357,Movenpick,1,Noida,"Ice Cream, Desserts",650,Indian Rupees(Rs.),No,Yes,4.0,91
18303688,Smaaash,1,Noida,"North Indian, Thai, Continental",1350,Indian Rupees(Rs.),No,No,4.0,121
18268716,SodaBottleOpenerWala,1,Noida,"Parsi, Iranian",1300,Indian Rupees(Rs.),No,No,4.0,617
18264533,The Bento Cafe,1,Noida,"Asian, Chinese, Japanese",750,Indian Rupees(Rs.),No,Yes,4.2,316
2799,Earthen Oven - Fortune Inn Grazia,1,Noida,"North Indian, Mughlai",1500,Indian Rupees(Rs.),Yes,No,3.4,67
2655,Fortune Deli -  Fortune Inn Grazia,1,Noida,Chinese,2000,Indian Rupees(Rs.),Yes,No,3.2,27
301392,Cafe Pipa,1,Noida,Cafe,350,Indian Rupees(Rs.),No,No,3.4,96
302727,Cook Du Kdu,1,Noida,"North Indian, Chinese, Mughlai",650,Indian Rupees(Rs.),No,Yes,3.1,112
311698,Green Chick Chop,1,Noida,"Raw Meats, North Indian, Fast Food",350,Indian Rupees(Rs.),No,Yes,2.6,12
307297,New Vishal's Kitchen,1,Noida,"North Indian, Chinese",600,Indian Rupees(Rs.),No,No,2.5,24
3154,Samarkand,1,Noida,"North Indian, Mughlai, Chinese",1500,Indian Rupees(Rs.),Yes,Yes,3.3,129
18357543,Mirchievous,1,Noida,North Indian,650,Indian Rupees(Rs.),No,Yes,3.9,44
3155,Pearls Regency,1,Noida,"North Indian, Chinese, Thai",1200,Indian Rupees(Rs.),No,No,3.7,330
18424581,The Feast Box,1,Noida,"Chinese, Thai, Fast Food",600,Indian Rupees(Rs.),No,Yes,0.0,3
18421057,Imperfecto,1,Noida,"Mediterranean, Italian, Continental, Spanish, North Indian",1800,Indian Rupees(Rs.),Yes,No,3.4,299
18233620,Chaayos,1,Noida,"Cafe, Tea",400,Indian Rupees(Rs.),No,Yes,3.6,46
300605,Dunkin' Donuts,1,Noida,"Burger, Desserts, Fast Food",600,Indian Rupees(Rs.),No,Yes,3.7,481
18279442,The Smoke Factory,1,Noida,"North Indian, Italian, Chinese",2000,Indian Rupees(Rs.),Yes,No,3.8,240
18279455,Turquoise Cottage - TC Original 1997,1,Noida,"Continental, American, Italian, Mediterranean",1900,Indian Rupees(Rs.),Yes,No,3.8,240
18424873,Baskin Robbins,1,Noida,Ice Cream,300,Indian Rupees(Rs.),No,No,0.0,0
18381672,Cafe Coffee Day,1,Noida,Cafe,450,Indian Rupees(Rs.),No,No,0.0,3
18382336,Dolce Gelato,1,Noida,"Ice Cream, Beverages, Fast Food",300,Indian Rupees(Rs.),No,No,0.0,1
18424874,Dunkin' Donuts,1,Noida,"Burger, Desserts, Fast Food",600,Indian Rupees(Rs.),No,No,0.0,1
18424872,Joost Juice Bar,1,Noida,Beverages,300,Indian Rupees(Rs.),No,No,0.0,0
18424880,KFC,1,Noida,"American, Fast Food, Burger",500,Indian Rupees(Rs.),No,Yes,0.0,2
18381675,Pizza Hut,1,Noida,"Italian, Pizza, Fast Food",1000,Indian Rupees(Rs.),No,No,0.0,0
18419893,Laat Saab,1,Noida,"North Indian, Mughlai",1300,Indian Rupees(Rs.),Yes,Yes,4.1,111
18289074,Starbucks,1,Noida,Cafe,700,Indian Rupees(Rs.),No,No,4.0,59
18291236,Rocket Food,1,Noida,North Indian,500,Indian Rupees(Rs.),No,No,0.0,0
311614,Aim Cafe And Restaurant,1,Noida,"Japanese, Sushi",1200,Indian Rupees(Rs.),Yes,No,3.3,19
18429395,Al-Swad,1,Noida,"North Indian, Chinese",400,Indian Rupees(Rs.),No,Yes,2.5,6
3735,Anands,1,Noida,"Chinese, North Indian",500,Indian Rupees(Rs.),No,Yes,2.6,36
9731,Bansiwala Restaurant,1,Noida,North Indian,200,Indian Rupees(Rs.),No,Yes,2.5,4
302132,Cafe Coffee Day,1,Noida,Cafe,450,Indian Rupees(Rs.),No,No,2.8,24
18258162,Food Tamasha & Co.,1,Noida,North Indian,600,Indian Rupees(Rs.),No,Yes,3.2,24
302144,Grand Heritage Resort,1,Noida,"North Indian, Chinese",800,Indian Rupees(Rs.),Yes,No,3.1,17
4471,Green Chick Chop,1,Noida,"Raw Meats, North Indian, Fast Food",350,Indian Rupees(Rs.),No,No,3.2,20
18253392,Kafe Republic,1,Noida,Fast Food,300,Indian Rupees(Rs.),No,Yes,3.1,37
310790,Kar C Lounge & Restaurant,1,Noida,"Cafe, North Indian, Italian, Chinese",600,Indian Rupees(Rs.),No,No,2.8,16
8152,Kolkata Roll Point,1,Noida,Fast Food,100,Indian Rupees(Rs.),No,No,2.8,9
313035,Royal Awadh,1,Noida,"North Indian, Mughlai",500,Indian Rupees(Rs.),No,Yes,3.0,9
301509,Royal Rasoi,1,Noida,"North Indian, Mughlai",600,Indian Rupees(Rs.),No,No,2.8,21
312275,Royale Bakers,1,Noida,"Bakery, Fast Food, Desserts",250,Indian Rupees(Rs.),No,Yes,2.8,18
302127,Sahi Darbar,1,Noida,"North Indian, Chinese",400,Indian Rupees(Rs.),No,Yes,2.6,12
18322604,Taco Street,1,Noida,Fast Food,500,Indian Rupees(Rs.),No,No,2.9,4
18433889,The Noodle Co,1,Noida,"Thai, Chinese",900,Indian Rupees(Rs.),Yes,No,3.1,8
18232121,Veg Always,1,Noida,"North Indian, Chinese",600,Indian Rupees(Rs.),No,Yes,2.7,25
307628,Yu Turn,1,Noida,"North Indian, Chinese, Thai",1000,Indian Rupees(Rs.),Yes,Yes,2.9,43
18281980,Zaika,1,Noida,"North Indian, Mughlai, Chinese",600,Indian Rupees(Rs.),No,No,2.5,10
8151,Zaika,1,Noida,"North Indian, Mughlai",600,Indian Rupees(Rs.),No,No,2.8,50
302139,Domino's Pizza,1,Noida,"Pizza, Fast Food",700,Indian Rupees(Rs.),No,No,3.5,56
18377927,Night Food Service,1,Noida,"Fast Food, North Indian, Chinese",350,Indian Rupees(Rs.),No,No,3.8,80
313120,Uncle's Patty,1,Noida,Fast Food,500,Indian Rupees(Rs.),No,No,3.5,28
18361734,Baskin Robbins,1,Noida,Ice Cream,300,Indian Rupees(Rs.),No,Yes,0.0,3
304338,Evergreen Food Point,1,Noida,"Mithai, Street Food",100,Indian Rupees(Rs.),No,No,0.0,2
18440390,Food Plaza,1,Noida,"North Indian, Chinese",400,Indian Rupees(Rs.),No,No,0.0,1
18383456,Giani,1,Noida,"Ice Cream, Desserts",400,Indian Rupees(Rs.),No,Yes,0.0,0
18427237,Grill Inn,1,Noida,Fast Food,300,Indian Rupees(Rs.),No,Yes,0.0,3
18382359,Hunger's Hut,1,Noida,"North Indian, Mughlai",350,Indian Rupees(Rs.),No,Yes,0.0,3
18445740,Kanha Cake O' Pastry,1,Noida,Bakery,250,Indian Rupees(Rs.),No,No,0.0,0
18331809,Serendipity Cafe,1,Noida,Cafe,300,Indian Rupees(Rs.),No,No,0.0,3
18377925,Spice Affair,1,Noida,"North Indian, Chinese",500,Indian Rupees(Rs.),No,No,0.0,2
312287,Tandoori Junction,1,Noida,North Indian,300,Indian Rupees(Rs.),No,No,0.0,3
18441766,Tod-Bistro Cafe,1,Noida,Fast Food,300,Indian Rupees(Rs.),No,Yes,0.0,1
18281977,Upper Deck,1,Noida,"North Indian, Chinese",1000,Indian Rupees(Rs.),Yes,No,0.0,3
18336259,Vadilal Ice Cream Parlour,1,Noida,Ice Cream,100,Indian Rupees(Rs.),No,No,0.0,1
18441537,Wich 'N' Shake,1,Noida,"Beverages, Fast Food",200,Indian Rupees(Rs.),No,No,0.0,2
18128857,Desi Galli,1,Noida,"North Indian, Chinese",500,Indian Rupees(Rs.),No,Yes,2.9,55
18279435,Mr. Flavour,1,Noida,"North Indian, Chinese",500,Indian Rupees(Rs.),No,Yes,2.7,10
18281983,Wah Ji Wah,1,Noida,North Indian,300,Indian Rupees(Rs.),No,No,3.1,16
301402,Indian Diners,1,Noida,"North Indian, Chinese, Continental",1300,Indian Rupees(Rs.),Yes,No,3.0,7
301461,Airborne,1,Noida,"North Indian, Chinese, Continental, Mughlai",2000,Indian Rupees(Rs.),Yes,No,0.0,0
301468,Vivino - Hotel Golf View,1,Noida,Continental,1200,Indian Rupees(Rs.),Yes,No,0.0,0
2342,Gravity,1,Noida,"Chinese, Mughlai, North Indian",1000,Indian Rupees(Rs.),Yes,Yes,2.6,192
309088,Kolkata Biryani House,1,Noida,"North Indian, Mughlai, Biryani",500,Indian Rupees(Rs.),No,Yes,2.8,109
18334423,Rotees n More,1,Noida,"North Indian, Chinese",350,Indian Rupees(Rs.),No,Yes,3.2,49
439,Saleem's Takeaway,1,Noida,"North Indian, Mughlai, Chinese",600,Indian Rupees(Rs.),No,No,2.6,44
18431970,Sikandrabadi Biryani,1,Noida,"Biryani, North Indian",400,Indian Rupees(Rs.),No,Yes,3.4,29
307718,Wok N Spice,1,Noida,"Chinese, Fast Food",300,Indian Rupees(Rs.),No,No,3.1,21
5685,Zaika Hindustani,1,Noida,"Mughlai, North Indian, Chinese",600,Indian Rupees(Rs.),No,No,2.7,33
312243,Chanda Food,1,Noida,Chinese,350,Indian Rupees(Rs.),No,No,3.6,97
18428614,Chhote Nawab,1,Noida,Lucknowi,250,Indian Rupees(Rs.),No,Yes,3.5,24
18424869,Delish BBQ,1,Noida,"North Indian, Chinese, Thai",500,Indian Rupees(Rs.),No,Yes,3.9,40
307232,Goli Vada Pav No. 1,1,Noida,Street Food,150,Indian Rupees(Rs.),No,Yes,3.6,280
300907,Happy Hakka,1,Noida,"Chinese, Asian, Thai",650,Indian Rupees(Rs.),No,Yes,3.6,582
18382371,Sadda Adda,1,Noida,Cafe,300,Indian Rupees(Rs.),No,No,0.0,2
8422,Baker's Studio - Jaypee Greens,1,Noida,Bakery,1000,Indian Rupees(Rs.),No,No,3.4,29
8344,Matrix - Jaypee Greens,1,Noida,Finger Food,2000,Indian Rupees(Rs.),Yes,No,3.2,20
8441,Tea Lounge - Jaypee Greens,1,Noida,Cafe,900,Indian Rupees(Rs.),No,No,2.9,14
8351,Paatra - Jaypee Greens,1,Noida,North Indian,3500,Indian Rupees(Rs.),Yes,No,3.5,79
4505,Cooks Cafe - Jaypee Greens,1,Noida,"Continental, North Indian",1500,Indian Rupees(Rs.),Yes,No,3.3,29
18317498,The Butler & The Chef - Jaypee Greens,1,Noida,Finger Food,2200,Indian Rupees(Rs.),Yes,No,0.0,1
18371434,Burger King,1,Noida,"Burger, Fast Food",500,Indian Rupees(Rs.),No,Yes,3.3,14
18425747,Cafe Pitacos,1,Noida,"Continental, Mexican, Mediterranean",600,Indian Rupees(Rs.),No,Yes,3.0,18
18371402,Cinnabon & Auntie Anne's,1,Noida,"Desserts, Beverages",500,Indian Rupees(Rs.),No,No,3.1,6
18383509,Cocoberry,1,Noida,Desserts,300,Indian Rupees(Rs.),No,No,3.4,16
18446433,Hakka Haus,1,Noida,"Chinese, Thai",950,Indian Rupees(Rs.),No,No,3.2,6
18349905,Kebab Xpress,1,Noida,"North Indian, Mughlai",600,Indian Rupees(Rs.),No,No,2.9,7
18352249,KFC,1,Noida,"American, Fast Food, Burger",500,Indian Rupees(Rs.),No,Yes,2.5,15
18383479,Mad Over Donuts,1,Noida,Desserts,450,Indian Rupees(Rs.),No,Yes,3.2,13
18383470,Ni Hao,1,Noida,Chinese,700,Indian Rupees(Rs.),No,No,3.0,10
18383460,Pizza Hut,1,Noida,"Italian, Pizza, Fast Food",1000,Indian Rupees(Rs.),No,No,2.6,7
18440424,Subway,1,Noida,"American, Fast Food, Salad, Healthy Food",500,Indian Rupees(Rs.),No,Yes,2.6,5
18383477,Time To Tea,1,Noida,"Tea, Fast Food",350,Indian Rupees(Rs.),No,No,2.8,5
18383466,Vaango!,1,Noida,South Indian,450,Indian Rupees(Rs.),No,No,2.8,6
18396179,Biryani Blues,1,Noida,"Biryani, Hyderabadi",1000,Indian Rupees(Rs.),No,No,3.5,18
18466951,Jungle Jamboree,1,Noida,"North Indian, Continental, Chinese, Italian, Thai, Mughlai",1200,Indian Rupees(Rs.),No,No,3.8,46
18337905,Keventers,1,Noida,Beverages,400,Indian Rupees(Rs.),No,No,3.5,34
18361221,Pita Pit,1,Noida,"Healthy Food, Salad",600,Indian Rupees(Rs.),No,Yes,3.6,20
18383484,Baskin Robbins,1,Noida,Ice Cream,300,Indian Rupees(Rs.),No,No,0.0,1
18440164,Cha Cha Cha,1,Noida,"Beverages, Fast Food",300,Indian Rupees(Rs.),No,No,0.0,3
18382377,Chai Thela,1,Noida,"Tea, Fast Food",250,Indian Rupees(Rs.),No,No,0.0,1
18383444,Costa Coffee,1,Noida,Cafe,600,Indian Rupees(Rs.),No,No,0.0,0
18416753,Dolce Gelato,1,Noida,"Ice Cream, Beverages, Fast Food",300,Indian Rupees(Rs.),No,No,0.0,0
18441551,Joost Juice Bar,1,Noida,Beverages,300,Indian Rupees(Rs.),No,No,0.0,1
18383481,Juice Lounge,1,Noida,"Juices, Fast Food",300,Indian Rupees(Rs.),No,No,0.0,1
18440406,Kings Kulfi,1,Noida,"Desserts, Ice Cream",300,Indian Rupees(Rs.),No,No,0.0,1
18381647,Kwality Wall's Swirl's,1,Noida,"Ice Cream, Desserts",200,Indian Rupees(Rs.),No,No,0.0,0
18440416,Mx Corn,1,Noida,Fast Food,100,Indian Rupees(Rs.),No,No,0.0,0
18371430,The Gaming Vegas,1,Noida,Fast Food,400,Indian Rupees(Rs.),No,No,0.0,0
18383490,Chicago Pizza,1,Noida,Pizza,600,Indian Rupees(Rs.),No,Yes,2.3,8
18273632,Mr. Sub,1,Noida,Fast Food,400,Indian Rupees(Rs.),No,Yes,2.3,27
18382345,Kwality Wall's Swirl's,1,Noida,"Ice Cream, Desserts",200,Indian Rupees(Rs.),No,No,0.0,0
18382347,My Corn,1,Noida,Fast Food,100,Indian Rupees(Rs.),No,No,0.0,0
3226,Flluid - Mosaic Hotels,1,Noida,"Continental, North Indian, Mexican",2200,Indian Rupees(Rs.),Yes,No,3.2,135
4627,Latitude - Mosaic Hotels,1,Noida,"North Indian, Chinese",1700,Indian Rupees(Rs.),Yes,No,3.3,61
312278,Baker's Zone,1,Noida,Bakery,200,Indian Rupees(Rs.),No,Yes,2.9,9
18364351,Chakna,1,Noida,"North Indian, Chinese",450,Indian Rupees(Rs.),No,Yes,2.7,5
18373737,Get Set Go,1,Noida,"North Indian, Chinese, Continental",800,Indian Rupees(Rs.),No,No,3.1,5
18124366,Sip & Snacks,1,Noida,"Chinese, North Indian",550,Indian Rupees(Rs.),No,Yes,3.2,6
18254400,The Anna,1,Noida,"Chinese, South Indian, Fast Food",400,Indian Rupees(Rs.),No,Yes,2.8,19
309545,Kathi Junction,1,Noida,Fast Food,400,Indian Rupees(Rs.),No,Yes,3.5,83
310067,Golden Chaat,1,Noida,Fast Food,100,Indian Rupees(Rs.),No,No,0.0,2
18430587,Malt n Brew,1,Noida,"North Indian, Continental, Chinese",2000,Indian Rupees(Rs.),Yes,No,0.0,0
6033,Cakewalk - Park Plaza,1,Noida,Bakery,500,Indian Rupees(Rs.),No,No,3.4,25
6036,New Town Lounge - Park Plaza,1,Noida,Continental,2000,Indian Rupees(Rs.),Yes,No,3.2,32
1669,New Town Cafe - Park Plaza,1,Noida,"Continental, Chinese, North Indian",2800,Indian Rupees(Rs.),Yes,No,4.1,228
3924,S-18 - Radisson Blu,1,Noida,"Mediterranean, Continental, North Indian, Italian",3200,Indian Rupees(Rs.),Yes,No,3.5,218
18383511,Foodicious,1,Noida,"Fast Food, Street Food",300,Indian Rupees(Rs.),No,No,0.0,0
18245267,Rasoi Dil Se,1,Noida,"North Indian, Chinese, Continental",400,Indian Rupees(Rs.),No,No,0.0,2
304496,Chip Chap Shahi Corner,1,Noida,North Indian,200,Indian Rupees(Rs.),No,No,2.9,12
308670,Mother's Kitchen,1,Noida,North Indian,100,Indian Rupees(Rs.),No,No,2.9,6
18462632,Food Express,1,Noida,"North Indian, Mughlai, Chinese",500,Indian Rupees(Rs.),No,No,0.0,2
18322648,Lemonier,1,Noida,Bakery,200,Indian Rupees(Rs.),No,No,0.0,0
18356045,Punjabi Zaika,1,Noida,North Indian,200,Indian Rupees(Rs.),No,No,0.0,0
18126101,Robins Sweets & Restaurant,1,Noida,North Indian,350,Indian Rupees(Rs.),No,No,0.0,1
18273622,TBH ??To Be Healthy,1,Noida,"Juices, Healthy Food",500,Indian Rupees(Rs.),No,Yes,4.0,76
5742,Mehfill,1,Noida,"North Indian, Chinese, Mughlai",600,Indian Rupees(Rs.),No,Yes,2.7,90
311186,Punjabi Pakwaan,1,Noida,"North Indian, Chinese",800,Indian Rupees(Rs.),Yes,Yes,3.3,34
2331,Santushti,1,Noida,"South Indian, North Indian, Chinese",300,Indian Rupees(Rs.),No,Yes,2.6,70
2329,Uncle's,1,Noida,"North Indian, Mughlai, Chinese",600,Indian Rupees(Rs.),No,Yes,3.4,190
18382363,Cafe Limelight,1,Noida,"Cafe, North Indian, Italian",900,Indian Rupees(Rs.),No,Yes,3.7,38
18456760,Rendezvous Adda,1,Noida,"North Indian, Bengali",400,Indian Rupees(Rs.),No,No,0.0,0
18435292,Wow Noodle,1,Noida,Chinese,550,Indian Rupees(Rs.),No,Yes,0.0,0
18435286,Wraps Cafe,1,Noida,"Fast Food, North Indian",400,Indian Rupees(Rs.),No,Yes,0.0,2
18243997,Alley's Urbane Cafe,1,Noida,"Cafe, Italian, Chinese",400,Indian Rupees(Rs.),No,No,3.2,33
18268352,Backstreet Kitchen,1,Noida,"North Indian, Mughlai, Chinese",500,Indian Rupees(Rs.),No,Yes,3.4,33
18463699,Berco's,1,Noida,"Chinese, Thai",1100,Indian Rupees(Rs.),Yes,No,3.1,9
18376508,Breaktym,1,Noida,"North Indian, Mughlai",400,Indian Rupees(Rs.),No,Yes,2.6,11
18146402,Chawla's 2,1,Noida,"North Indian, Mughlai, Chinese",1400,Indian Rupees(Rs.),No,Yes,2.5,12
18216904,Chicken Kraft,1,Noida,"North Indian, Chinese",400,Indian Rupees(Rs.),No,No,2.9,4
5634,Chinese By Nature,1,Noida,Chinese,400,Indian Rupees(Rs.),No,No,2.9,19
4541,DV's Chinese Kitchen,1,Noida,Chinese,300,Indian Rupees(Rs.),No,No,2.8,10
8226,Evergreen Sweets,1,Noida,"Mithai, Street Food",200,Indian Rupees(Rs.),No,No,2.6,16
18254527,Green Chick Chop,1,Noida,"Raw Meats, Fast Food, North Indian",350,Indian Rupees(Rs.),No,No,2.9,7
18409725,Hyderabad Delights,1,Noida,"North Indian, Mughlai, Hyderabadi",400,Indian Rupees(Rs.),No,No,3.3,13
310208,Kabab And Tadka,1,Noida,North Indian,600,Indian Rupees(Rs.),No,Yes,2.5,36
8228,Kanha Bhog,1,Noida,"Mithai, Street Food",150,Indian Rupees(Rs.),No,No,2.6,26
8236,Mezbaan Jaika Restaurant,1,Noida,"Biryani, North Indian, Fast Food",500,Indian Rupees(Rs.),No,No,2.7,18
18415343,Pind Balluchi,1,Noida,"Biryani, North Indian, Mughlai",1000,Indian Rupees(Rs.),No,Yes,2.6,26
18133476,Red Capsicum,1,Noida,North Indian,500,Indian Rupees(Rs.),No,Yes,2.6,25
18381224,Singh Foods,1,Noida,"North Indian, Mughlai",700,Indian Rupees(Rs.),No,Yes,3.2,7
18440751,Sparrows At Home Bakery & Cafe,1,Noida,"Cafe, Bakery",500,Indian Rupees(Rs.),No,No,3.3,13
306560,The New Koyla Kitchen,1,Noida,"North Indian, Chinese",600,Indian Rupees(Rs.),No,Yes,2.7,36
18371428,They???,1,Noida,"North Indian, Mughlai, Chinese",800,Indian Rupees(Rs.),No,Yes,3.4,13
18372251,Your Spicy Kitchen,1,Noida,"Mughlai, Continental, Chinese",800,Indian Rupees(Rs.),Yes,No,3.1,8
312369,Yumm Biryani,1,Noida,"Biryani, Mughlai",550,Indian Rupees(Rs.),No,Yes,3.2,27
307014,Aureo Dine & Bake House,1,Noida,"North Indian, Chinese, Continental",1000,Indian Rupees(Rs.),Yes,Yes,3.5,367
18332064,Being Truckers,1,Noida,Fast Food,550,Indian Rupees(Rs.),No,Yes,3.8,99
18216939,China Leaf,1,Noida,"Chinese, Thai",650,Indian Rupees(Rs.),No,Yes,3.7,115
18378014,Mera Vala Dabba,1,Noida,North Indian,400,Indian Rupees(Rs.),No,Yes,3.6,18
18157400,Moti Mahal Delux- Legendary Culinary,1,Noida,"North Indian, Mughlai",900,Indian Rupees(Rs.),No,Yes,3.6,72
18057810,Noshh,1,Noida,North Indian,850,Indian Rupees(Rs.),No,Yes,3.6,56
18252385,Tadqa Tandoor Express,1,Noida,"North Indian, Mughlai",750,Indian Rupees(Rs.),No,Yes,3.6,108
18421504,The Kebab Company,1,Noida,"Fast Food, North Indian",400,Indian Rupees(Rs.),No,Yes,3.5,21
18310503,Affamato,1,Noida,"Italian, Pizza",400,Indian Rupees(Rs.),No,No,0.0,0
18424173,Ahmed's,1,Noida,Mughlai,200,Indian Rupees(Rs.),No,No,0.0,0
18233621,Caff? La Poya,1,Noida,"Cafe, Continental, Fast Food, Italian",600,Indian Rupees(Rs.),No,No,0.0,0
18432230,Chaskaa Restaurant,1,Noida,"North Indian, Mughlai, Chinese",400,Indian Rupees(Rs.),No,No,0.0,1
18409212,Chawla's 2,1,Noida,"North Indian, Mughlai, Chinese, Fast Food",700,Indian Rupees(Rs.),No,No,0.0,1
18219528,Chination,1,Noida,Chinese,700,Indian Rupees(Rs.),No,No,0.0,3
18380150,Essen Foods,1,Noida,"North Indian, Chinese, Mughlai",500,Indian Rupees(Rs.),No,No,0.0,0
18355013,Haochi,1,Noida,Chinese,600,Indian Rupees(Rs.),No,No,0.0,1
18348609,Lassilo,1,Noida,Fast Food,200,Indian Rupees(Rs.),No,No,0.0,0
18424175,Mittal Bikaneri Sweets,1,Noida,"Mithai, Street Food",100,Indian Rupees(Rs.),No,No,0.0,0
313415,Royale Bakers,1,Noida,"Bakery, Fast Food, Desserts",350,Indian Rupees(Rs.),No,Yes,0.0,0
18460286,RV's Family Restaurant,1,Noida,"North Indian, South Indian, Italian, Chinese",500,Indian Rupees(Rs.),No,No,0.0,0
310762,The Cake Shop,1,Noida,Bakery,250,Indian Rupees(Rs.),No,No,0.0,2
18208893,Top Food,1,Noida,"North Indian, Chinese",300,Indian Rupees(Rs.),No,No,0.0,3
18478981,Uncle's Corner,1,Noida,Fast Food,400,Indian Rupees(Rs.),No,No,0.0,1
18410832,Urban Express,1,Noida,North Indian,400,Indian Rupees(Rs.),No,No,0.0,0
18303715,Viddya Chinese Fast Food,1,Noida,"Chinese, Fast Food",300,Indian Rupees(Rs.),No,No,0.0,0
4480,Domino's Pizza,1,Noida,"Pizza, Fast Food",700,Indian Rupees(Rs.),No,No,2.1,84
3764,Kamboj's,1,Noida,"North Indian, Mughlai, Chinese",800,Indian Rupees(Rs.),Yes,Yes,2.4,76
304636,Pizza Hut Delivery,1,Noida,"Italian, Pizza",800,Indian Rupees(Rs.),No,Yes,2.3,94
307340,Subway,1,Noida,"American, Fast Food, Salad, Healthy Food",500,Indian Rupees(Rs.),No,No,2.4,51
8237,The Cake Expert's,1,Noida,"Bakery, Desserts, Fast Food",250,Indian Rupees(Rs.),No,Yes,2.4,63
18268724,The Saffron Boutique,1,Noida,"North Indian, Chinese",800,Indian Rupees(Rs.),Yes,No,4.0,175
312463,Aggarwal Kachori Wale,1,Noida,North Indian,100,Indian Rupees(Rs.),No,No,3.0,9
309318,Bakes & Cakes,1,Noida,Bakery,250,Indian Rupees(Rs.),No,Yes,3.0,5
302518,Burger's Kitchen,1,Noida,Fast Food,350,Indian Rupees(Rs.),No,No,2.8,31
8072,Jhatpat Khana,1,Noida,North Indian,400,Indian Rupees(Rs.),No,No,3.0,7
5755,Mahi Rasoi,1,Noida,North Indian,500,Indian Rupees(Rs.),No,Yes,2.6,34
18486840,Night Safari Cafe,1,Noida,Fast Food,300,Indian Rupees(Rs.),No,No,3.0,4
8074,Saheb's Restaurant,1,Noida,"North Indian, Chinese, Mughlai, Fast Food",550,Indian Rupees(Rs.),No,No,2.7,26
307888,Scrummy Bites,1,Noida,"North Indian, Chinese",350,Indian Rupees(Rs.),No,Yes,3.1,30
834,Berco's,1,Noida,"Chinese, Thai",1100,Indian Rupees(Rs.),No,Yes,3.7,1182
18382337,Cream Bell Scoopers,1,Noida,Ice Cream,200,Indian Rupees(Rs.),No,No,0.0,2
18433542,Mayur Kitchen,1,Noida,"North Indian, Mughlai",500,Indian Rupees(Rs.),No,No,0.0,0
18382335,Raghav Ki Rasoi,1,Noida,"North Indian, Chinese",350,Indian Rupees(Rs.),No,Yes,0.0,0
18264985,Red Chilli,1,Noida,"North Indian, Chinese, Mughlai",500,Indian Rupees(Rs.),No,No,0.0,1
18265692,Riyaz Biryani Corner,1,Noida,Biryani,200,Indian Rupees(Rs.),No,No,0.0,1
304937,Standard Sweets & Confectioners,1,Noida,"Mithai, Street Food",150,Indian Rupees(Rs.),No,No,0.0,3
18489849,Standard Sweets,1,Noida,"Mithai, Street Food",150,Indian Rupees(Rs.),No,No,0.0,1
18485826,Sushma Homemade Tiffin,1,Noida,"North Indian, South Indian",200,Indian Rupees(Rs.),No,No,0.0,0
18489806,The Tasty Corner,1,Noida,"North Indian, Chinese",300,Indian Rupees(Rs.),No,No,0.0,0
18381674,The Zaika King,1,Noida,"North Indian, Mughlai",600,Indian Rupees(Rs.),No,No,0.0,3
18441772,Tiffinhunt,1,Noida,North Indian,200,Indian Rupees(Rs.),No,Yes,0.0,1
18390891,Top Burger,1,Noida,Fast Food,200,Indian Rupees(Rs.),No,No,0.0,1
8061,Aggarwal Sweet Shop,1,Noida,"Mithai, Street Food",150,Indian Rupees(Rs.),No,Yes,2.3,15
308623,Hungry - I,1,Noida,"Cafe, Italian, Continental, Chinese",450,Indian Rupees(Rs.),No,Yes,2.6,26
311013,Oh Buoy,1,Noida,"Mexican, Italian, Fast Food",550,Indian Rupees(Rs.),No,No,3.4,55
18368015,Caffeinated,1,Noida,Beverages,200,Indian Rupees(Rs.),No,No,3.9,64
18273942,Sam and Scrooge,1,Noida,"Continental, Mexican, American, Fast Food, Italian, Chinese",550,Indian Rupees(Rs.),No,Yes,3.9,132
18034079,Tpot,1,Noida,Cafe,400,Indian Rupees(Rs.),No,Yes,3.6,20
18440413,Hunger's Hub,1,Noida,"Chinese, Fast Food",200,Indian Rupees(Rs.),No,No,0.0,0
18427230,Modi's Baker's Zone,1,Noida,"Bakery, Fast Food, Chinese",400,Indian Rupees(Rs.),No,No,0.0,0
18440415,The Flip On Wheel,1,Noida,"North Indian, Fast Food",400,Indian Rupees(Rs.),No,No,0.0,1
18446387,Big Biryani,1,Noida,"Biryani, Mughlai",300,Indian Rupees(Rs.),No,No,0.0,1
18340903,Aroma,1,Noida,"South Indian, North Indian, Street Food",300,Indian Rupees(Rs.),No,No,3.0,4
18275760,Bawarchi,1,Noida,"North Indian, Mughlai, Fast Food",450,Indian Rupees(Rs.),No,No,2.9,5
18357548,Book Food Kitchen,1,Noida,"North Indian, Chinese",400,Indian Rupees(Rs.),No,Yes,3.1,19
18381249,Breaktym,1,Noida,"North Indian, Mughlai",400,Indian Rupees(Rs.),No,Yes,2.5,6
18307266,Chaska By Taste,1,Noida,"North Indian, Chinese",600,Indian Rupees(Rs.),No,No,2.9,4
18112492,Domino's Pizza,1,Noida,"Pizza, Fast Food",700,Indian Rupees(Rs.),No,No,2.5,27
18445768,Grill King,1,Noida,"North Indian, Chinese",400,Indian Rupees(Rs.),No,No,3.0,4
18393840,Moti Mahal Deluxe Advant,1,Noida,"North Indian, Mughlai",1400,Indian Rupees(Rs.),No,No,2.8,7
18276998,Rolling Beans,1,Noida,North Indian,200,Indian Rupees(Rs.),No,Yes,2.8,9
300988,RollsKing,1,Noida,Fast Food,400,Indian Rupees(Rs.),No,No,3.2,19
18292443,SnacksWale.com,1,Noida,"North Indian, Fast Food",400,Indian Rupees(Rs.),No,No,2.8,8
18204456,Subway,1,Noida,"American, Fast Food, Salad, Healthy Food",500,Indian Rupees(Rs.),No,Yes,2.6,13
18138418,Super Cake Shop,1,Noida,"Bakery, Desserts",300,Indian Rupees(Rs.),No,No,2.9,6
18441561,Aureo Dine & Bake House,1,Noida,"Bakery, Fast Food",300,Indian Rupees(Rs.),No,No,0.0,3
18245275,B Bawarchi Restaurant,1,Noida,"North Indian, Mughlai, Chinese",600,Indian Rupees(Rs.),No,No,0.0,2
18469933,Brajwasi,1,Noida,North Indian,500,Indian Rupees(Rs.),No,No,0.0,0
18358190,Cafe Coffee Day,1,Noida,Cafe,450,Indian Rupees(Rs.),No,No,0.0,3
18441663,Cafe Coffee Day,1,Noida,Cafe,450,Indian Rupees(Rs.),No,No,0.0,0
18489823,Cafe Lounge,1,Noida,"Cafe, Bakery, Fast Food",350,Indian Rupees(Rs.),No,No,0.0,0
18489827,Cafe Treat,1,Noida,"North Indian, Italian, Continental",450,Indian Rupees(Rs.),No,No,0.0,0
18371413,Casa Bake,1,Noida,Bakery,700,Indian Rupees(Rs.),No,No,0.0,2
18441563,China Town,1,Noida,Chinese,300,Indian Rupees(Rs.),No,No,0.0,0
18358662,Costa Coffee,1,Noida,Cafe,600,Indian Rupees(Rs.),No,No,0.0,0
18277008,Delhi Foods,1,Noida,North Indian,200,Indian Rupees(Rs.),No,No,0.0,0
18399250,Deli Chic,1,Noida,"North Indian, Chinese",400,Indian Rupees(Rs.),No,No,0.0,2
18449300,Delicacies,1,Noida,Bakery,500,Indian Rupees(Rs.),No,No,0.0,1
18454471,Kanha Ji Sweets & Restaurant,1,Noida,"Mithai, North Indian, Street Food",200,Indian Rupees(Rs.),No,No,0.0,1
18273973,Little China,1,Noida,Chinese,250,Indian Rupees(Rs.),No,No,0.0,1
18375406,Lola's Cafe,1,Noida,"Cafe, Fast Food",350,Indian Rupees(Rs.),No,No,0.0,1
18384109,Madras Coffee House,1,Noida,Beverages,100,Indian Rupees(Rs.),No,No,0.0,1
18441569,Moju Juice Bar,1,Noida,Beverages,200,Indian Rupees(Rs.),No,No,0.0,0
18254543,Peniel Restaurant,1,Noida,South Indian,200,Indian Rupees(Rs.),No,No,0.0,3
18393815,Pizza Key,1,Noida,"Pizza, Fast Food",700,Indian Rupees(Rs.),No,No,0.0,3
18458636,Sandoz,1,Noida,"North Indian, Chinese",500,Indian Rupees(Rs.),No,No,0.0,1
18481281,Subway,1,Noida,"American, Fast Food, Salad, Healthy Food",500,Indian Rupees(Rs.),No,No,0.0,0
18474432,Tandoori Mystery,1,Noida,North Indian,400,Indian Rupees(Rs.),No,No,0.0,3
18441559,Taste of Punjab,1,Noida,North Indian,300,Indian Rupees(Rs.),No,No,0.0,0
18441665,Tea Nation,1,Noida,"Fast Food, Beverages",200,Indian Rupees(Rs.),No,No,0.0,1
18466397,The Corporate Kitchen,1,Noida,"North Indian, Chinese",300,Indian Rupees(Rs.),No,No,0.0,0
18441557,The Royal Kitchen,1,Noida,"North Indian, Chinese",400,Indian Rupees(Rs.),No,No,0.0,0
18441671,Tpot,1,Noida,"Fast Food, Beverages",500,Indian Rupees(Rs.),No,No,0.0,1
18416310,Wild Chef House,1,Noida,"Continental, Chinese, North Indian, Indian",500,Indian Rupees(Rs.),No,Yes,0.0,3
18372688,DIOS The Neighbourhood Bistro,1,Noida,"Continental, Fast Food, Italian",1300,Indian Rupees(Rs.),Yes,No,4.2,108
18146472,Cake n Flower,1,Noida,Bakery,150,Indian Rupees(Rs.),No,No,2.9,7
3145,Dilli 6,1,Noida,"North Indian, Chinese",500,Indian Rupees(Rs.),No,Yes,2.8,84
312175,Food Bell,1,Noida,"North Indian, South Indian",400,Indian Rupees(Rs.),No,No,2.8,6
3143,Kalpana Hotel,1,Noida,North Indian,200,Indian Rupees(Rs.),No,No,2.9,4
4518,Sagar Dhaba,1,Noida,North Indian,350,Indian Rupees(Rs.),No,No,3.1,27
304510,Shree Balaji Shudh Vaishno Hotel,1,Noida,North Indian,150,Indian Rupees(Rs.),No,No,2.9,5
310875,Shree Rathnam,1,Noida,"South Indian, North Indian, Chinese",800,Indian Rupees(Rs.),Yes,Yes,3.3,57
309317,Simran's Cake Studio,1,Noida,Bakery,250,Indian Rupees(Rs.),No,No,3.4,23
311085,Sweet Cake,1,Noida,Bakery,300,Indian Rupees(Rs.),No,No,3.0,10
300914,The Cake Xpress,1,Noida,"Bakery, Desserts",250,Indian Rupees(Rs.),No,Yes,3.0,43
8115,The Chef,1,Noida,"North Indian, Mughlai, Chinese, Fast Food",500,Indian Rupees(Rs.),No,No,2.7,8
18455665,The Flying Pan,1,Noida,"North Indian, Fast Food",400,Indian Rupees(Rs.),No,No,3.2,12
18146390,Wrapster,1,Noida,Fast Food,200,Indian Rupees(Rs.),No,No,3.2,48
18435298,Getafix Petit,1,Noida,"Healthy Food, Juices",700,Indian Rupees(Rs.),No,Yes,3.5,14
301415,Lawn Bistro,1,Noida,"North Indian, Chinese, Thai, Continental",1500,Indian Rupees(Rs.),Yes,Yes,3.6,328
18407293,Cake N Gifts,1,Noida,Bakery,300,Indian Rupees(Rs.),No,No,0.0,0
18432201,Cheese Pizza,1,Noida,Pizza,250,Indian Rupees(Rs.),No,No,0.0,0
304493,Divya Hotal,1,Noida,North Indian,150,Indian Rupees(Rs.),No,No,0.0,2
18438456,Green Valley Chinese Food,1,Noida,Chinese,200,Indian Rupees(Rs.),No,No,0.0,0
18367439,Hooting Owl Cafe,1,Noida,"Fast Food, Beverages",300,Indian Rupees(Rs.),No,No,0.0,2
18466616,Jaak Foods,1,Noida,"North Indian, Chinese",400,Indian Rupees(Rs.),No,No,0.0,1
18382368,Kaka Restaurant,1,Noida,"Mughlai, North Indian",450,Indian Rupees(Rs.),No,No,0.0,1
18465093,KC Bakers,1,Noida,Bakery,350,Indian Rupees(Rs.),No,No,0.0,1
18345109,KC Bakery,1,Noida,Bakery,250,Indian Rupees(Rs.),No,No,0.0,1
18432027,Rajan Foods Corner,1,Noida,North Indian,300,Indian Rupees(Rs.),No,No,0.0,1
18258742,Sagar Dhaba,1,Noida,North Indian,350,Indian Rupees(Rs.),No,No,0.0,2
18254314,Sarfira,1,Noida,Fast Food,200,Indian Rupees(Rs.),No,No,0.0,1
18258756,Shama Chicken Corner,1,Noida,Mughlai,300,Indian Rupees(Rs.),No,No,0.0,2
18382366,Yummy Kitchen,1,Noida,"North Indian, Mughlai",450,Indian Rupees(Rs.),No,No,0.0,1
4882,Barista,1,Noida,Cafe,650,Indian Rupees(Rs.),No,No,2.9,22
309535,Divine Curries,1,Noida,"North Indian, Chinese, South Indian",700,Indian Rupees(Rs.),No,Yes,3.0,31
18415359,Moon Bite,1,Noida,"North Indian, Chinese",300,Indian Rupees(Rs.),No,Yes,3.3,13
308451,Subway,1,Noida,"American, Fast Food, Salad, Healthy Food",500,Indian Rupees(Rs.),No,No,3.4,55
18156287,Hurry's Paratha,1,Noida,North Indian,200,Indian Rupees(Rs.),No,Yes,3.5,45
399,McDonald's,1,Noida,"Fast Food, Burger",500,Indian Rupees(Rs.),No,Yes,3.7,135
18161600,Cafe Coffee Day,1,Noida,Cafe,450,Indian Rupees(Rs.),No,No,0.0,2
18249084,Dunkin' Donuts,1,Noida,"Burger, Desserts, Fast Food",600,Indian Rupees(Rs.),No,No,0.0,2
18432020,Green Chilli Fast Food,1,Noida,Chinese,300,Indian Rupees(Rs.),No,No,0.0,0
18432013,Street Food Corner,1,Noida,Chinese,250,Indian Rupees(Rs.),No,No,0.0,0
303371,Barbeque Nation,1,Noida,"North Indian, Chinese, Mediterranean",1600,Indian Rupees(Rs.),No,No,4.3,1670
302558,Aggarwal,1,Noida,"South Indian, Chinese, Street Food, Mithai",400,Indian Rupees(Rs.),No,Yes,3.3,61
1698,Anchor Bar & Kitchen,1,Noida,"North Indian, Chinese",1300,Indian Rupees(Rs.),Yes,No,2.5,106
9252,Basil Tree,1,Noida,"Italian, North Indian, Chinese",1200,Indian Rupees(Rs.),Yes,Yes,3.4,431
1323,Bon Bon Pastry Shop,1,Noida,"Bakery, Desserts, Fast Food",150,Indian Rupees(Rs.),No,No,3.1,213
1735,BSGulati's Punjabi Swad,1,Noida,"North Indian, Mughlai",700,Indian Rupees(Rs.),No,Yes,2.5,357
5677,Cafe-18,1,Noida,Fast Food,250,Indian Rupees(Rs.),No,No,2.5,103
300953,Chandni Chowk Ke Mashhoor Paranthe,1,Noida,North Indian,100,Indian Rupees(Rs.),No,No,2.8,30
4721,Cheenos,1,Noida,"American, Italian",1500,Indian Rupees(Rs.),Yes,No,2.6,521
18261722,Gola Sizzlers,1,Noida,"Chinese, North Indian, Mughlai, Continental",1600,Indian Rupees(Rs.),Yes,No,3.3,198
18346730,Hira Sweets,1,Noida,"Mithai, North Indian, South Indian, Street Food, Chinese",600,Indian Rupees(Rs.),No,No,3.3,36
461,Karim's,1,Noida,"Mughlai, North Indian",1200,Indian Rupees(Rs.),Yes,No,3.3,446
937,KFC,1,Noida,"American, Fast Food, Burger",500,Indian Rupees(Rs.),No,Yes,2.7,608
307720,Khan's Kathi Rolls,1,Noida,"North Indian, Street Food",400,Indian Rupees(Rs.),No,No,3.2,76
591,Nathu's Sweets,1,Noida,"North Indian, South Indian, Chinese, Street Food, Fast Food, Mithai, Desserts",600,Indian Rupees(Rs.),No,Yes,2.5,211
18371433,Nawabi Mughlai Zaika,1,Noida,"North Indian, Mughlai",600,Indian Rupees(Rs.),No,Yes,3.3,19
18287364,Nite Bites,1,Noida,"North Indian, Chinese, Continental",650,Indian Rupees(Rs.),No,Yes,3.4,68
7913,Nizam's Kathi Kabab,1,Noida,"North Indian, Fast Food",900,Indian Rupees(Rs.),No,Yes,3.0,139
18180086,NSD Resto Bar & Kitchen,1,Noida,"North Indian, Chinese, Continental",1000,Indian Rupees(Rs.),Yes,No,2.6,19
5678,PS Wah Bhai Wah,1,Noida,"North Indian, Chinese",700,Indian Rupees(Rs.),No,Yes,2.6,89
427,Sagar Ratna,1,Noida,"South Indian, North Indian, Chinese",600,Indian Rupees(Rs.),No,Yes,3.2,277
18292482,Sbarro,1,Noida,"Pizza, Italian",600,Indian Rupees(Rs.),No,Yes,3.3,97
18446481,Swag & Swad,1,Noida,"North Indian, Chinese, Mughlai",600,Indian Rupees(Rs.),No,Yes,3.4,19
310694,The Fizz,1,Noida,"North Indian, Mughlai, Chinese",1400,Indian Rupees(Rs.),Yes,Yes,3.2,80
18252573,The Kitchen,1,Noida,"North Indian, Mughlai",350,Indian Rupees(Rs.),No,Yes,3.2,47
303269,Twenty Four Seven,1,Noida,"Fast Food, North Indian",300,Indian Rupees(Rs.),No,No,3.4,45
5854,Vinny's Restro Bar,1,Noida,"North Indian, Chinese",1300,Indian Rupees(Rs.),Yes,No,3.2,37
18349895,Walk In The Woods,1,Noida,"North Indian, Mughlai, Chinese",1400,Indian Rupees(Rs.),Yes,Yes,3.0,203
4160,Xiian,1,Noida,"Italian, Continental, North Indian, Chinese",1400,Indian Rupees(Rs.),Yes,Yes,3.4,286
301514,Zest Bar and Lounge,1,Noida,"Finger Food, North Indian, Chinese",1000,Indian Rupees(Rs.),Yes,No,3.4,223
310417,Angels in my Kitchen,1,Noida,"Bakery, Desserts, Fast Food",350,Indian Rupees(Rs.),No,Yes,3.9,205
1701,Baby Dragon Bar & Restaurant,1,Noida,"North Indian, Continental, Thai, Chinese",1350,Indian Rupees(Rs.),Yes,Yes,3.5,326
18208904,Baker Street,1,Noida,"Bakery, Beverages, Fast Food",300,Indian Rupees(Rs.),No,Yes,3.6,40
3306,Bamboo Shoots,1,Noida,"Chinese, Seafood, Asian",1600,Indian Rupees(Rs.),Yes,Yes,3.9,515
301005,Bikanervala Bliss,1,Noida,"North Indian, Fast Food, Chinese",1200,Indian Rupees(Rs.),No,No,3.6,235
307566,Bikanervala,1,Noida,"North Indian, South Indian, Fast Food, Street Food, Chinese, Beverages, Desserts, Mithai",550,Indian Rupees(Rs.),No,Yes,3.7,331
18216913,Bikkgane Biryani,1,Noida,"Biryani, North Indian, Hyderabadi",800,Indian Rupees(Rs.),Yes,Yes,3.8,612
310399,Burbee's Cafe,1,Noida,"American, Italian, Chinese, North Indian, Cafe",900,Indian Rupees(Rs.),Yes,Yes,3.7,833
594,Cafe Coffee Day,1,Noida,Cafe,450,Indian Rupees(Rs.),No,Yes,3.6,125
3796,Deez Biryani & Kebabs,1,Noida,"Biryani, North Indian, Mughlai",650,Indian Rupees(Rs.),No,Yes,3.5,430
490,Desi Vibes,1,Noida,"North Indian, Mughlai",1400,Indian Rupees(Rs.),No,Yes,3.8,2019
18336495,Dhaba at Atta,1,Noida,"North Indian, Mughlai",1000,Indian Rupees(Rs.),No,Yes,3.8,477
18228862,DND,1,Noida,"North Indian, Fast Food",350,Indian Rupees(Rs.),No,Yes,3.5,196
384,Domino's Pizza,1,Noida,"Pizza, Fast Food",700,Indian Rupees(Rs.),No,No,3.6,547
7945,Donald's Pastry Shop,1,Noida,Bakery,300,Indian Rupees(Rs.),No,Yes,3.8,402
2985,Doosri Mehfil,1,Noida,"North Indian, Chinese, Mughlai",950,Indian Rupees(Rs.),Yes,Yes,3.8,285
18228855,Fit Bites,1,Noida,Healthy Food,800,Indian Rupees(Rs.),No,Yes,3.8,154
18289257,Hungry Minister,1,Noida,"Continental, Mexican, Fast Food, Chinese",400,Indian Rupees(Rs.),No,Yes,3.5,147
18380141,Hurry's Paratha,1,Noida,"Pizza, North Indian",200,Indian Rupees(Rs.),No,Yes,3.5,47
18272377,Imly,1,Noida,"Street Food, Continental, South Indian, North Indian, Chinese",600,Indian Rupees(Rs.),No,No,3.9,204
18473005,Jambox,1,Noida,"Fast Food, Beverages",500,Indian Rupees(Rs.),No,Yes,3.6,30
300180,LIT Ultrabar,1,Noida,"Continental, American, North Indian, Chinese",1550,Indian Rupees(Rs.),Yes,No,3.6,425
7784,Mainland China,1,Noida,Chinese,1800,Indian Rupees(Rs.),Yes,Yes,3.7,743
396,McDonald's,1,Noida,Fast Food,500,Indian Rupees(Rs.),No,Yes,3.9,403
18014141,Metro Dhaba,1,Noida,"North Indian, Fast Food, Chinese, Biryani, Mughlai",500,Indian Rupees(Rs.),No,Yes,3.8,418
1702,Nazeer Foods,1,Noida,"Mughlai, North Indian",600,Indian Rupees(Rs.),No,Yes,3.6,703
18198836,Our Story Bistro & Tea Room,1,Noida,"Cafe, Italian, Continental, Desserts",1000,Indian Rupees(Rs.),Yes,No,3.9,320
309111,Paddy's Cafe,1,Noida,Cafe,800,Indian Rupees(Rs.),Yes,Yes,3.7,302
309098,Popular Cakery,1,Noida,"Bakery, Desserts, Fast Food",500,Indian Rupees(Rs.),No,Yes,3.9,250
166,Punjabi By Nature,1,Noida,"North Indian, Mughlai",2000,Indian Rupees(Rs.),Yes,Yes,3.7,770
18434638,Sadda Adda,1,Noida,"Fast Food, Chinese, North Indian",300,Indian Rupees(Rs.),No,No,3.5,22
1070,Subway,1,Noida,"American, Fast Food, Salad, Healthy Food",500,Indian Rupees(Rs.),No,Yes,3.8,268
450,Swagath,1,Noida,"North Indian, Chinese, South Indian, Seafood, Chettinad",1500,Indian Rupees(Rs.),Yes,No,3.6,415
18175334,TFK - The Flaming Kick,1,Noida,"North Indian, Asian, Continental",2350,Indian Rupees(Rs.),Yes,Yes,3.5,214
4248,The Great Kabab Factory,1,Noida,"North Indian, Mughlai",2200,Indian Rupees(Rs.),Yes,No,3.5,540
18237334,The Patiala Kkitchen,1,Noida,North Indian,1600,Indian Rupees(Rs.),Yes,Yes,3.6,332
300952,The Tandoori Village,1,Noida,"North Indian, Mughlai, Italian, Chinese",1500,Indian Rupees(Rs.),Yes,No,3.5,247
311649,The Yellow Chilli,1,Noida,"North Indian, Mughlai",1600,Indian Rupees(Rs.),Yes,Yes,3.7,222
2336,Top Breads,1,Noida,"Bakery, Fast Food",200,Indian Rupees(Rs.),No,Yes,3.5,420
18273566,Wat-a-Burger!,1,Noida,Fast Food,350,Indian Rupees(Rs.),No,Yes,3.6,324
311338,Chawla's 2,1,Noida,"North Indian, Mughlai, Chinese, Fast Food",700,Indian Rupees(Rs.),No,Yes,2.2,81
310609,Himalaya,1,Noida,North Indian,450,Indian Rupees(Rs.),No,Yes,2.3,31
307555,Public Cafe,1,Noida,"Fast Food, Beverages",450,Indian Rupees(Rs.),No,Yes,2.1,74
4717,RPM - Zanzi Bar,1,Noida,"Chinese, North Indian",2000,Indian Rupees(Rs.),Yes,No,2.4,103
7956,Mad Over Donuts,1,Noida,Desserts,450,Indian Rupees(Rs.),No,Yes,4.2,235
304612,RollsKing,1,Noida,Fast Food,300,Indian Rupees(Rs.),No,No,4.0,1055
304691,Lumbini Food Point,1,Noida,Chinese,350,Indian Rupees(Rs.),No,No,2.8,18
309519,Owlcity,1,Noida,Fast Food,400,Indian Rupees(Rs.),No,Yes,3.6,165
18450369,Night Munchers,1,Noida,North Indian,500,Indian Rupees(Rs.),No,No,0.0,1
18409730,Night Munchies,1,Noida,"North Indian, Chinese, South Indian",500,Indian Rupees(Rs.),No,No,0.0,0
18427226,Anand Food Factory,1,Noida,"North Indian, Chinese",300,Indian Rupees(Rs.),No,No,2.9,4
387,Nirula's,1,Noida,"Fast Food, North Indian, Chinese, Desserts, Ice Cream",1100,Indian Rupees(Rs.),Yes,Yes,2.5,221
301420,Snacks India,1,Noida,"North Indian, Chinese, South Indian",500,Indian Rupees(Rs.),No,Yes,3.6,103
18383442,Ahaar Udyan,1,Noida,"North Indian, Chinese",400,Indian Rupees(Rs.),No,No,0.0,0
18424675,Choco Bee,1,Noida,"Bakery, Desserts",500,Indian Rupees(Rs.),No,No,0.0,3
18425782,Crazy Noodles,1,Noida,"Chinese, Thai",1100,Indian Rupees(Rs.),No,Yes,0.0,2
18457257,Dakshin Platter,1,Noida,South Indian,300,Indian Rupees(Rs.),No,No,0.0,0
18382382,Kathi Junction,1,Noida,Fast Food,200,Indian Rupees(Rs.),No,No,0.0,2
18441711,Sonu Parantha Corner,1,Noida,North Indian,200,Indian Rupees(Rs.),No,No,0.0,0
308770,Olive Kitchen,1,Noida,"North Indian, Chinese",500,Indian Rupees(Rs.),No,Yes,2.6,17
18472688,R Cafe,1,Noida,South Indian,400,Indian Rupees(Rs.),No,No,3.0,5
18156065,Eating Point,1,Noida,North Indian,300,Indian Rupees(Rs.),No,No,0.0,3
308951,New Gee Pee,1,Noida,"Fast Food, Chinese",300,Indian Rupees(Rs.),No,No,3.3,27
308563,Uncle's JVCC Restaurant,1,Noida,"North Indian, Chinese",600,Indian Rupees(Rs.),No,Yes,3.0,26
18409182,Twenty Four Seven,1,Noida,Fast Food,250,Indian Rupees(Rs.),No,No,0.0,1
8065,Hari Om Restaurant,1,Noida,North Indian,250,Indian Rupees(Rs.),No,No,3.0,10
18216929,Jain Restaurant,1,Noida,"North Indian, Chinese, South Indian",500,Indian Rupees(Rs.),No,Yes,3.0,7
18224208,Lajawab Family Restaurant,1,Noida,"North Indian, Chinese",450,Indian Rupees(Rs.),No,Yes,2.5,17
18441760,Alam Muradabadi & Hyderabadi Biryani,1,Noida,"Mughlai, Biryani",500,Indian Rupees(Rs.),No,No,0.0,0
18492041,Bala Ji Raja Dhaba,1,Noida,North Indian,200,Indian Rupees(Rs.),No,No,0.0,0
18393406,Brijwasi Dhaba,1,Noida,North Indian,200,Indian Rupees(Rs.),No,No,0.0,0
18381676,Prerna Family Restaurant,1,Noida,"North Indian, Chinese",450,Indian Rupees(Rs.),No,No,0.0,0
18430895,Rana Dhaba,1,Noida,North Indian,500,Indian Rupees(Rs.),No,No,0.0,0
18433898,The Food Factory,1,Noida,North Indian,150,Indian Rupees(Rs.),No,No,0.0,1
5239,221 B Baker Street,1,Noida,Bakery,350,Indian Rupees(Rs.),No,Yes,3.4,102
18312466,Hunger's Hub,1,Noida,"North Indian, Chinese, Mughlai",550,Indian Rupees(Rs.),No,Yes,3.1,16
8022,Lajwaab Restaurant,1,Noida,"North Indian, Chinese",500,Indian Rupees(Rs.),No,No,2.6,59
8017,Republic of Chicken,1,Noida,"Raw Meats, Fast Food",400,Indian Rupees(Rs.),No,No,3.0,37
18020006,Gauranga Sweets,1,Noida,Mithai,500,Indian Rupees(Rs.),No,No,0.0,2
18252394,Green Valley Chinese Food,1,Noida,Chinese,350,Indian Rupees(Rs.),No,No,0.0,0
311375,Super Cake Shop,1,Noida,"Bakery, Desserts",300,Indian Rupees(Rs.),No,Yes,2.5,4
18463959,Dev Food,1,Noida,"North Indian, South Indian, Chinese",300,Indian Rupees(Rs.),No,No,0.0,0
18345461,Wakhra Swaad,1,Noida,"North Indian, Fast Food",500,Indian Rupees(Rs.),No,Yes,4.1,112
311688,27 Grills,1,Noida,"North Indian, Chinese, Mughlai",600,Indian Rupees(Rs.),No,Yes,3.3,159
18265723,China Hot Pot,1,Noida,Chinese,400,Indian Rupees(Rs.),No,No,3.0,6
7986,Himalaya Momos & Roll,1,Noida,"Chinese, Fast Food",200,Indian Rupees(Rs.),No,No,2.7,15
18244520,Hungry House Pizzas & More,1,Noida,"Pizza, Fast Food",600,Indian Rupees(Rs.),No,Yes,3.4,79
5760,Khana Khajana Da Dhaba,1,Noida,North Indian,450,Indian Rupees(Rs.),No,No,2.9,5
18265705,M.P. Chole Tikki Wala,1,Noida,Street Food,150,Indian Rupees(Rs.),No,No,3.0,10
5761,Maa Vaishno Shudh Bhojnalaya,1,Noida,North Indian,250,Indian Rupees(Rs.),No,No,3.1,8
18255160,More Than Caf?,1,Noida,Fast Food,400,Indian Rupees(Rs.),No,No,3.0,5
18265709,Public Cafe,1,Noida,"Fast Food, Beverages",450,Indian Rupees(Rs.),No,Yes,2.6,13
18236270,Sadda Taste,1,Noida,"North Indian, Fast Food, Chinese",450,Indian Rupees(Rs.),No,No,3.1,12
5757,Sati Restaurant,1,Noida,North Indian,200,Indian Rupees(Rs.),No,No,3.2,12
312237,Super Cake Shop,1,Noida,Bakery,300,Indian Rupees(Rs.),No,Yes,2.8,8
5700,Uncle's Punjabi Rasoi,1,Noida,North Indian,400,Indian Rupees(Rs.),No,No,2.9,7
302575,Yours Deliciously,1,Noida,"Street Food, Beverages",350,Indian Rupees(Rs.),No,No,2.9,4
18463961,Captain Curry,1,Noida,"North Indian, Chinese",400,Indian Rupees(Rs.),No,Yes,3.6,19
18336506,Oh My Scoop!,1,Noida,"Ice Cream, Beverages",200,Indian Rupees(Rs.),No,No,3.5,23
5744,Reena Restaurant,1,Noida,"Chinese, South Indian, North Indian",400,Indian Rupees(Rs.),No,No,3.5,57
18408051,Delight Food,1,Noida,"Italian, Chinese",300,Indian Rupees(Rs.),No,No,0.0,2
18377587,Hungro,1,Noida,"North Indian, South Indian",150,Indian Rupees(Rs.),No,No,0.0,1
307719,Shiparma Shri,1,Noida,North Indian,100,Indian Rupees(Rs.),No,No,0.0,1
7982,Shri Adarsh Kulfi,1,Noida,Desserts,150,Indian Rupees(Rs.),No,No,0.0,1
311419,Simla Bakery,1,Noida,Bakery,150,Indian Rupees(Rs.),No,Yes,0.0,1
18383448,Swad E Punjab,1,Noida,North Indian,300,Indian Rupees(Rs.),No,No,0.0,0
18432192,Vishnu Ki Rasoi,1,Noida,North Indian,250,Indian Rupees(Rs.),No,No,0.0,0
395,Pizza Hut Delivery,1,Noida,"Italian, Pizza, Fast Food",800,Indian Rupees(Rs.),No,Yes,2.3,62
307724,Wah Ji Wah,1,Noida,North Indian,500,Indian Rupees(Rs.),No,Yes,2.0,74
1460,Chawla's Chic Inn,1,Noida,"North Indian, Mughlai",600,Indian Rupees(Rs.),No,Yes,2.8,58
7991,Grill Point,1,Noida,Fast Food,200,Indian Rupees(Rs.),No,No,3.2,20
7979,Hari Sweets,1,Noida,Mithai,100,Indian Rupees(Rs.),No,No,3.1,14
18323760,Sultanate of Spice,1,Noida,"North Indian, Mughlai",500,Indian Rupees(Rs.),No,Yes,2.9,43
307491,Yamu's Panchayat,1,Noida,Street Food,100,Indian Rupees(Rs.),No,No,3.2,15
2334,Debon,1,Noida,"Raw Meats, North Indian, Fast Food",400,Indian Rupees(Rs.),No,No,3.5,85
3153,Hot & Sour,1,Noida,Chinese,300,Indian Rupees(Rs.),No,No,3.2,46
18361198,Open Kitchen,1,Noida,"North Indian, Mughlai",600,Indian Rupees(Rs.),No,Yes,3.0,12
309215,Truffle Muffle,1,Noida,"Bakery, Desserts",300,Indian Rupees(Rs.),No,No,3.4,37
18219552,Go! Biryani,1,Noida,Biryani,500,Indian Rupees(Rs.),No,Yes,3.5,144
18478962,Tastee Chauka,1,Noida,North Indian,350,Indian Rupees(Rs.),No,No,3.7,31
18472682,Maharba Chicken Point,1,Noida,"North Indian, Mughlai",300,Indian Rupees(Rs.),No,No,0.0,0
18396192,Sweet Spells,1,Noida,Bakery,200,Indian Rupees(Rs.),No,No,0.0,0
18138415,Foodie,1,Noida,"North Indian, Chinese, Fast Food",500,Indian Rupees(Rs.),No,Yes,2.8,8
18429379,Lapaalap,1,Noida,North Indian,200,Indian Rupees(Rs.),No,No,3.0,5
3443,Fresh Food Factory,1,Noida,"North Indian, Chinese",300,Indian Rupees(Rs.),No,No,3.9,140
18466412,Bollycric,1,Noida,"North Indian, South Indian, Chinese",300,Indian Rupees(Rs.),No,No,0.0,3
18180048,The Kitchen Factory,1,Noida,"North Indian, Chinese",300,Indian Rupees(Rs.),No,No,0.0,3
302535,Caff? La Poya,1,Noida,"Cafe, Continental, Fast Food, Italian",600,Indian Rupees(Rs.),No,Yes,3.7,164
18311928,Elixir Health Caf?,1,Noida,"Cafe, Healthy Food, Continental, Italian, Asian",800,Indian Rupees(Rs.),Yes,Yes,3.7,131
18446503,Radhey Foodz,1,Noida,North Indian,200,Indian Rupees(Rs.),No,No,3.0,4
18157374,The Kitchen,1,Noida,North Indian,600,Indian Rupees(Rs.),No,No,2.7,20
309059,Uncle's Treat,1,Noida,Chinese,400,Indian Rupees(Rs.),No,No,3.1,5
18291234,Wow! Momo,1,Noida,Chinese,350,Indian Rupees(Rs.),No,No,2.6,32
18458315,KD's Hunger Point,1,Noida,"North Indian, Chinese",200,Indian Rupees(Rs.),No,No,3.7,49
18457856,Food Town,1,Noida,"Chinese, North Indian, South Indian",250,Indian Rupees(Rs.),No,No,0.0,0
18323684,The Big Chefs,1,Noida,"North Indian, Chinese",500,Indian Rupees(Rs.),No,No,0.0,1
18244230,The Big Scoop,1,Noida,Ice Cream,250,Indian Rupees(Rs.),No,No,0.0,0
18204467,Govinda's Restaurant,1,Noida,"North Indian, South Indian",300,Indian Rupees(Rs.),No,No,3.0,8
18306542,Not Just Dilli,1,Noida,Street Food,450,Indian Rupees(Rs.),No,No,3.2,15
18337925,RollsKing,1,Noida,Fast Food,400,Indian Rupees(Rs.),No,No,3.4,22
18433854,Bunz & Dogz,1,Noida,American,300,Indian Rupees(Rs.),No,No,0.0,1
313151,Radha Rani Bakery,1,Noida,"Bakery, Desserts",300,Indian Rupees(Rs.),No,No,0.0,2
9735,Chauhan Vatika,1,Noida,"North Indian, Mughlai, Chinese",500,Indian Rupees(Rs.),No,No,2.8,28
18440192,Frozen Stone,1,Noida,"Fast Food, Beverages",300,Indian Rupees(Rs.),No,No,3.1,4
302501,Kavita's Restaurant,1,Noida,"North Indian, Mughlai, Chinese",550,Indian Rupees(Rs.),No,Yes,2.6,37
303025,Mudrika Food Factory,1,Noida,"North Indian, Mughlai, Chinese",550,Indian Rupees(Rs.),No,No,2.5,20
18424204,Pind Balluchi,1,Noida,"North Indian, Chinese, Mughlai",900,Indian Rupees(Rs.),Yes,No,2.9,7
18393700,Zaffran- Ikshita's Kitchen,1,Noida,Kashmiri,300,Indian Rupees(Rs.),No,No,3.0,5
18430590,Chaayos,1,Noida,"Cafe, Tea",400,Indian Rupees(Rs.),No,Yes,3.6,18
18439524,Punjabi Tadka,1,Noida,"North Indian, Mughlai",450,Indian Rupees(Rs.),No,Yes,3.7,70
18417576,Cafe Krisa,1,Noida,"Bakery, Desserts",300,Indian Rupees(Rs.),No,No,0.0,0
18440395,Chill Grill,1,Noida,Fast Food,500,Indian Rupees(Rs.),No,No,0.0,0
18423885,Dolce Gelato,1,Noida,"Ice Cream, Beverages, Fast Food",300,Indian Rupees(Rs.),No,No,0.0,0
18421515,Maa Ka Khaana,1,Noida,North Indian,200,Indian Rupees(Rs.),No,No,0.0,0
18440171,The Beer Cafe,1,Noida,North Indian,1250,Indian Rupees(Rs.),No,No,0.0,3
18359322,Heaven's Point,1,Noida,Fast Food,100,Indian Rupees(Rs.),No,No,3.0,6
457,Kamboj's,1,Noida,"North Indian, Mughlai, Chinese",800,Indian Rupees(Rs.),Yes,Yes,2.8,239
18398459,Mexican Pizza,1,Noida,"Pizza, Fast Food",500,Indian Rupees(Rs.),No,No,3.4,15
18255715,Shahenshah,1,Noida,"North Indian, Mughlai, Chinese",500,Indian Rupees(Rs.),No,Yes,2.9,7
18427249,Snack Chat,1,Noida,"Fast Food, Italian",500,Indian Rupees(Rs.),No,No,3.4,23
18391164,The Amazing Buger's,1,Noida,"Fast Food, Burger",400,Indian Rupees(Rs.),No,No,2.9,8
18472655,The Black Box,1,Noida,"North Indian, Continental",400,Indian Rupees(Rs.),No,Yes,3.1,6
18279437,Al Bake,1,Noida,"Fast Food, Chinese",450,Indian Rupees(Rs.),No,Yes,3.7,72
18204489,Asian Fun,1,Noida,Chinese,700,Indian Rupees(Rs.),No,Yes,3.8,113
18275704,Burnout,1,Noida,"Continental, Mexican, Italian",450,Indian Rupees(Rs.),No,Yes,3.6,111
18332077,Cafe Fusion,1,Noida,"Cafe, Fast Food",350,Indian Rupees(Rs.),No,Yes,3.7,68
18458632,Fit Bites,1,Noida,Healthy Food,800,Indian Rupees(Rs.),Yes,Yes,3.7,26
18391158,Go Krazy,1,Noida,"Italian, Fast Food",400,Indian Rupees(Rs.),No,No,3.5,27
18303845,Green Restaurant,1,Noida,"North Indian, Chinese, Mughlai",400,Indian Rupees(Rs.),No,Yes,3.6,47
18352262,Hunger Strike,1,Noida,"Fast Food, North Indian",400,Indian Rupees(Rs.),No,Yes,3.7,92
18427229,The Munchkart Cafe,1,Noida,"Fast Food, Chinese",350,Indian Rupees(Rs.),No,Yes,3.8,34
18345747,Thee Pot,1,Noida,"Cafe, Fast Food",400,Indian Rupees(Rs.),No,Yes,3.7,80
18368024,Waffles and Crepes,1,Noida,"Desserts, Beverages",250,Indian Rupees(Rs.),No,No,3.9,66
18472419,Biryani Vice,1,Noida,"North Indian, Biryani",500,Indian Rupees(Rs.),No,No,0.0,0
18284048,Chinese Chilly Sizzler,1,Noida,Chinese,350,Indian Rupees(Rs.),No,No,0.0,2
18438321,Moonlight Cafe,1,Noida,"Continental, Fast Food, Italian",400,Indian Rupees(Rs.),No,No,0.0,3
18319512,Sugar Ruffles,1,Noida,Bakery,500,Indian Rupees(Rs.),No,No,0.0,0
309278,Bistro 37,1,Noida,"Fast Food, Chinese",400,Indian Rupees(Rs.),No,No,4.3,1005
18419879,Desi Swag,1,Noida,"North Indian, Mughlai",500,Indian Rupees(Rs.),No,Yes,4.3,96
9836,Teasta,1,Noida,"Fast Food, Beverages",200,Indian Rupees(Rs.),No,No,4.1,632
307407,Appu Ghar Express,1,Noida,"Fast Food, Chinese",400,Indian Rupees(Rs.),No,No,2.8,63
305317,Barista,1,Noida,Cafe,650,Indian Rupees(Rs.),No,No,3.0,26
18430593,Burger King,1,Noida,"Burger, Fast Food",500,Indian Rupees(Rs.),No,Yes,3.2,13
18349929,Keventers,1,Noida,Beverages,400,Indian Rupees(Rs.),No,No,3.1,7
18408048,Kenny Rogers Roasters,1,Noida,American,1300,Indian Rupees(Rs.),Yes,No,3.7,53
305222,McDonald's,1,Noida,"Fast Food, Burger",500,Indian Rupees(Rs.),No,No,3.5,53
18356801,Baskin Robbins,1,Noida,Ice Cream,300,Indian Rupees(Rs.),No,Yes,0.0,2
18432198,Cafe Buddy's,1,Noida,Fast Food,100,Indian Rupees(Rs.),No,No,0.0,1
18432025,Fusionn Rolls,1,Noida,Chinese,250,Indian Rupees(Rs.),No,No,0.0,0
18265399,Kwality Walls - Happiness Station,1,Noida,Ice Cream,300,Indian Rupees(Rs.),No,No,0.0,0
18432194,Shakti Food & Restaurant,1,Noida,North Indian,300,Indian Rupees(Rs.),No,No,0.0,0
8385,Domino's Pizza,1,Noida,"Pizza, Fast Food",700,Indian Rupees(Rs.),No,No,2.4,70
309799,Mr. Brown,1,Noida,"Bakery, Desserts, Fast Food",500,Indian Rupees(Rs.),No,Yes,4.0,183
6800,Chef's Bar-Be-Que,1,Noida,"North Indian, Mughlai, Chinese",650,Indian Rupees(Rs.),No,Yes,3.4,69
18449659,Sen's Sational Xpress Kitchen,1,Noida,"North Indian, Mughlai",600,Indian Rupees(Rs.),No,Yes,3.0,7
18438249,Shanghai Dreams,1,Noida,Chinese,400,Indian Rupees(Rs.),No,No,3.0,4
18489509,InnerChef,1,Noida,"North Indian, South Indian, Italian, Continental, Mediterranean, Lebanese, Desserts",500,Indian Rupees(Rs.),No,Yes,3.3,10
18155147,Antaryami Paratha Corner,1,Noida,North Indian,150,Indian Rupees(Rs.),No,No,0.0,1
18388032,F-all (Food for All),1,Noida,"North Indian, Chinese, Fast Food",400,Indian Rupees(Rs.),No,No,3.4,24
18478565,Green Restaurant,1,Noida,"Chinese, North Indian",250,Indian Rupees(Rs.),No,No,0.0,0
313410,2 Bros Kitchen,1,Noida,"North Indian, Chinese, Fast Food",600,Indian Rupees(Rs.),No,Yes,3.2,364
311974,Baskin Robbins,1,Noida,Ice Cream,300,Indian Rupees(Rs.),No,Yes,3.3,12
5686,Big Bone - The Meat Shop,1,Noida,"Raw Meats, Fast Food",350,Indian Rupees(Rs.),No,No,3.1,16
18396157,Biryani House,1,Noida,"Biryani, North Indian",300,Indian Rupees(Rs.),No,Yes,3.1,9
5681,China Hot,1,Noida,Chinese,400,Indian Rupees(Rs.),No,No,2.9,22
307424,City Hut,1,Noida,"North Indian, Chinese",700,Indian Rupees(Rs.),No,No,2.5,27
8084,Defence Bakery,1,Noida,"Bakery, Fast Food",150,Indian Rupees(Rs.),No,No,3.4,117
18412870,Dhabha 27,1,Noida,"Mughlai, Chinese",500,Indian Rupees(Rs.),No,Yes,3.2,5
18412876,Faasos,1,Noida,"North Indian, Fast Food",600,Indian Rupees(Rs.),No,Yes,3.1,10
306551,Green Chick Chop,1,Noida,"Raw Meats, North Indian, Fast Food",350,Indian Rupees(Rs.),No,No,2.7,25
8095,JSB Evergreen Cool Point,1,Noida,"North Indian, Chinese, Fast Food, Mithai",450,Indian Rupees(Rs.),No,No,2.9,56
308648,JSB Evergreen Snack & Sweets,1,Noida,"North Indian, Chinese, Fast Food, Street Food",300,Indian Rupees(Rs.),No,No,3.2,41
18352184,Keventers,1,Noida,Beverages,400,Indian Rupees(Rs.),No,No,2.9,4
17977758,More Than Cafe,1,Noida,"Cafe, Continental, Fast Food",400,Indian Rupees(Rs.),No,No,3.3,39
18370702,Mutfi,1,Noida,"North Indian, Seafood, Bengali",600,Indian Rupees(Rs.),No,Yes,3.3,15
18322612,Nawabi Mughlai Zaika,1,Noida,"North Indian, Mughlai",550,Indian Rupees(Rs.),No,Yes,3.2,34
18412866,Ovenstory Pizza,1,Noida,"Pizza, Fast Food",500,Indian Rupees(Rs.),No,Yes,3.3,26
18396425,ProFit Kitchen,1,Noida,Healthy Food,600,Indian Rupees(Rs.),No,Yes,3.4,21
18287405,Public Cafe,1,Noida,"Fast Food, Beverages",450,Indian Rupees(Rs.),No,Yes,2.5,13
18466390,The Chickmunks Express,1,Noida,"Fast Food, Italian, North Indian, Chinese",1300,Indian Rupees(Rs.),No,Yes,3.0,6
18219556,Time to Tea,1,Noida,"Fast Food, Beverages",350,Indian Rupees(Rs.),No,No,3.4,66
311332,Twenty Four Seven,1,Noida,"Fast Food, North Indian",300,Indian Rupees(Rs.),No,No,3.0,6
18439546,Virundu,1,Noida,South Indian,300,Indian Rupees(Rs.),No,Yes,2.8,10
18441667,Be Bhukkad,1,Noida,"North Indian, Mughlai",700,Indian Rupees(Rs.),No,Yes,3.6,43
18363088,Behrouz Biryani,1,Noida,Biryani,600,Indian Rupees(Rs.),No,Yes,3.5,63
18454463,Bistro 365,1,Noida,"Cafe, North Indian, Chinese",500,Indian Rupees(Rs.),No,Yes,3.7,27
18450749,Engineers Da Dhaba,1,Noida,North Indian,400,Indian Rupees(Rs.),No,Yes,3.6,38
18381230,Hungry Minister,1,Noida,"Continental, Mexican, Fast Food, Chinese",400,Indian Rupees(Rs.),No,Yes,3.5,29
18332051,Kake Da Hotel,1,Noida,"North Indian, Mughlai",700,Indian Rupees(Rs.),No,Yes,3.5,63
18339370,Biryani,1,Noida,Biryani,500,Indian Rupees(Rs.),No,No,0.0,1
18439534,C Cube,1,Noida,"American, Italian, North Indian, Chinese",500,Indian Rupees(Rs.),No,No,0.0,3
18432190,Chicago Pizza,1,Noida,Pizza,600,Indian Rupees(Rs.),No,No,0.0,1
18412897,Kettle & Kegs,1,Noida,Tea,200,Indian Rupees(Rs.),No,Yes,0.0,2
18383529,Keventers,1,Noida,Beverages,400,Indian Rupees(Rs.),No,No,0.0,0
18383549,Keventers,1,Noida,Beverages,400,Indian Rupees(Rs.),No,No,0.0,2
18430878,Navab's,1,Noida,"North Indian, Chinese",900,Indian Rupees(Rs.),No,No,0.0,0
18481312,Nawabi Mughlai Zaika Food Van,1,Noida,"North Indian, Mughlai",350,Indian Rupees(Rs.),No,No,0.0,1
18478971,NS Punjabi Swad,1,Noida,"North Indian, Chinese",300,Indian Rupees(Rs.),No,No,0.0,0
18439535,Pitstop,1,Noida,"North Indian, Mughlai, Mughlai",600,Indian Rupees(Rs.),No,No,0.0,2
307974,Royal Spice Restaurant,1,Noida,"North Indian, Chinese",600,Indian Rupees(Rs.),No,Yes,0.0,3
18430884,Sethi's,1,Noida,North Indian,800,Indian Rupees(Rs.),No,No,0.0,0
18460087,Snacks Parties,1,Noida,"Fast Food, Street Food",200,Indian Rupees(Rs.),No,No,0.0,0
1337,Peshawari Delux Restaurant,1,Noida,"North Indian, Chinese",700,Indian Rupees(Rs.),No,No,2.4,52
311342,WTF - World's Tastiest Food,1,Noida,"North Indian, Chinese",800,Indian Rupees(Rs.),No,Yes,2.4,5
18438435,Salato Salad Studio,1,Noida,"Salad, Continental",500,Indian Rupees(Rs.),No,Yes,4.1,43
18425976,AB Fast N Food,1,Noida,Fast Food,200,Indian Rupees(Rs.),No,Yes,2.7,6
18463984,Cafe 44,1,Noida,"Continental, Chinese",500,Indian Rupees(Rs.),No,No,3.0,4
18370372,Cafe Onion Rings,1,Noida,"North Indian, Chinese, Fast Food",500,Indian Rupees(Rs.),No,No,2.9,52
18433903,Club 44,1,Noida,North Indian,800,Indian Rupees(Rs.),No,No,3.2,11
18391172,Indian Curry House,1,Noida,"North Indian, Chinese",600,Indian Rupees(Rs.),No,Yes,3.1,9
310539,Krunchies,1,Noida,Fast Food,200,Indian Rupees(Rs.),No,Yes,2.5,19
18383527,Platefull,1,Noida,"North Indian, Chinese",600,Indian Rupees(Rs.),No,Yes,3.4,18
310695,Sanghai Food,1,Noida,Chinese,450,Indian Rupees(Rs.),No,No,2.9,15
308763,Shadev Saini Dhaba,1,Noida,North Indian,200,Indian Rupees(Rs.),No,No,3.0,7
309135,Wasim Biryani Center,1,Noida,North Indian,400,Indian Rupees(Rs.),No,No,2.8,8
3740,Hungry - I,1,Noida,"Cafe, Italian, Chinese, Continental",550,Indian Rupees(Rs.),No,Yes,3.7,431
18400723,Smoking Tikka,1,Noida,"North Indian, Chinese, Fast Food",600,Indian Rupees(Rs.),No,Yes,3.7,47
18383486,The Fusion Food Stand,1,Noida,"Chinese, Thai, Fast Food",650,Indian Rupees(Rs.),No,Yes,3.8,40
18454484,44 Grills,1,Noida,"North Indian, Chinese",500,Indian Rupees(Rs.),No,Yes,0.0,0
18398614,Ammi's Kitchen,1,Noida,Mughlai,400,Indian Rupees(Rs.),No,No,0.0,3
18373560,Bangali Restaurant,1,Noida,"North Indian, Mughlai, Chinese",500,Indian Rupees(Rs.),No,No,0.0,1
18478972,Home Cafe,1,Noida,"Bakery, Fast Food",250,Indian Rupees(Rs.),No,No,0.0,0
18381258,Hot Chilli Food Plaza,1,Noida,"North Indian, South Indian",500,Indian Rupees(Rs.),No,No,0.0,0
18420881,Kanak Kitchen,1,Noida,North Indian,400,Indian Rupees(Rs.),No,No,0.0,0
18499456,Speziato Foods,1,Noida,"North Indian, Mughlai",400,Indian Rupees(Rs.),No,No,0.0,0
18433905,The Golden Spoon,1,Noida,Chinese,250,Indian Rupees(Rs.),No,No,0.0,0
18448608,The Saffron Plant Restaurant,1,Noida,"Chinese, North Indian, Mughlai",700,Indian Rupees(Rs.),Yes,No,0.0,0
18387305,Zaika Tiffin Center,1,Noida,"North Indian, South Indian",100,Indian Rupees(Rs.),No,No,0.0,1
18317511,#Urban Caf?,1,Noida,"North Indian, Chinese, Italian",650,Indian Rupees(Rs.),No,Yes,3.3,49
18472676,Baked! Cakes & Desserts,1,Noida,"Bakery, Desserts",350,Indian Rupees(Rs.),No,No,3.3,11
18244257,Quick Grabs,1,Noida,"North Indian, Chinese",550,Indian Rupees(Rs.),No,Yes,3.1,80
18228857,The Roll Van,1,Noida,"North Indian, Mughlai",500,Indian Rupees(Rs.),No,No,2.9,4
18456765,Balaji Restaurant & Sweets,1,Noida,South Indian,200,Indian Rupees(Rs.),No,No,0.0,1
18317512,Baskin Robbins,1,Noida,Ice Cream,300,Indian Rupees(Rs.),No,Yes,0.0,2
18432231,Baskin Robbins,1,Noida,Ice Cream,300,Indian Rupees(Rs.),No,No,0.0,0
18486776,Chandu Chat Bhandar,1,Noida,Street Food,150,Indian Rupees(Rs.),No,No,0.0,0
18432236,Foodies Park,1,Noida,"Chinese, North Indian",450,Indian Rupees(Rs.),No,No,0.0,0
311706,Noida Cakes Online,1,Noida,Bakery,300,Indian Rupees(Rs.),No,No,3.0,9
18410380,The Epicureans,1,Noida,"North Indian, Mughlai, Chinese",650,Indian Rupees(Rs.),No,No,3.4,20
18426112,Bhojanam4u,1,Noida,North Indian,200,Indian Rupees(Rs.),No,No,0.0,0
18418205,Chocadoodledoo,1,Noida,Bakery,500,Indian Rupees(Rs.),No,No,0.0,0
18352161,Chocolate Therapy by Nishi,1,Noida,Bakery,200,Indian Rupees(Rs.),No,No,0.0,3
18234101,Cookie House,1,Noida,Bakery,150,Indian Rupees(Rs.),No,No,0.0,1
312313,Adhikari Fast Food Corner,1,Noida,"Chinese, Fast Food",400,Indian Rupees(Rs.),No,No,2.8,5
18339329,Amrit's Agni Multi Cuisine Restaurant,1,Noida,"North Indian, Chinese",550,Indian Rupees(Rs.),No,No,2.9,4
304818,Punjabi Chaska,1,Noida,"North Indian, Mughlai, Chinese",550,Indian Rupees(Rs.),No,No,3.0,27
18303838,The Choco Shop,1,Noida,Bakery,700,Indian Rupees(Rs.),No,No,3.0,5
310724,The Taste,1,Noida,"Bakery, Fast Food",500,Indian Rupees(Rs.),No,No,3.1,7
310753,Tibb's Frankie,1,Noida,Fast Food,250,Indian Rupees(Rs.),No,Yes,3.4,22
18435295,Amazing Burgers,1,Noida,"Burger, Fast Food",300,Indian Rupees(Rs.),No,No,0.0,1
18281160,Kitchen Express,1,Noida,North Indian,200,Indian Rupees(Rs.),No,No,0.0,0
309155,Domino's Pizza,1,Noida,"Pizza, Fast Food",700,Indian Rupees(Rs.),No,No,2.3,38
18289230,Public Cafe,1,Noida,"Fast Food, Beverages",450,Indian Rupees(Rs.),No,Yes,2.4,7
18277218,Chocopur,1,Noida,"Bakery, Desserts",500,Indian Rupees(Rs.),No,No,3.0,11
18133492,Sweta Restaurant,1,Noida,North Indian,400,Indian Rupees(Rs.),No,Yes,3.2,61
18332086,Flames of Tandoor,1,Noida,"North Indian, Mughlai",450,Indian Rupees(Rs.),No,Yes,3.5,76
18419113,Shaivi's Kitchen,1,Noida,"North Indian, South Indian, Chinese",300,Indian Rupees(Rs.),No,No,0.0,0
18203626,Kuppies,1,Noida,"Bakery, Desserts",250,Indian Rupees(Rs.),No,No,3.8,89
312978,The Urban Chulha,1,Noida,North Indian,300,Indian Rupees(Rs.),No,Yes,3.5,87
18451091,Goyal Chhole Kulche Wala,1,Noida,Street Food,100,Indian Rupees(Rs.),No,No,0.0,0
304727,Cafe Coffee Day,1,Noida,Cafe,450,Indian Rupees(Rs.),No,No,2.7,42
3679,Choco House,1,Noida,Desserts,450,Indian Rupees(Rs.),No,No,3.4,18
306023,DCK- Dana Choga's Kitchen,1,Noida,"North Indian, Mughlai",800,Indian Rupees(Rs.),No,Yes,2.7,340
18378765,Fresh and Fit Ghar Ka Khana,1,Noida,"North Indian, Healthy Food, Rajasthani",400,Indian Rupees(Rs.),No,No,3.1,10
18014129,Hungry Ullu,1,Noida,Fast Food,500,Indian Rupees(Rs.),No,Yes,3.3,141
301081,Khidmat,1,Noida,"North Indian, Mughlai, Chinese",750,Indian Rupees(Rs.),No,Yes,3.4,369
2971,Lahori Restaurant,1,Noida,"North Indian, Chinese",800,Indian Rupees(Rs.),Yes,No,2.5,206
302406,New Chinese Chilli Sizzler,1,Noida,Chinese,400,Indian Rupees(Rs.),No,No,2.7,53
18254253,Nirmala's,1,Noida,"North Indian, Chinese",450,Indian Rupees(Rs.),No,Yes,3.4,51
18138435,Prime Bakery,1,Noida,"Bakery, Mithai",300,Indian Rupees(Rs.),No,No,3.0,11
5684,Royal Empire Meat Shop,1,Noida,"Raw Meats, Fast Food",400,Indian Rupees(Rs.),No,No,3.4,29
1745,Southern Treat,1,Noida,South Indian,500,Indian Rupees(Rs.),No,Yes,2.8,113
3707,Subway,1,Noida,"American, Fast Food, Salad, Healthy Food",500,Indian Rupees(Rs.),No,No,2.5,165
18371395,The Chickmunks Caf?,1,Noida,"Fast Food, Cafe, Italian, North Indian, Chinese",550,Indian Rupees(Rs.),No,Yes,3.2,48
310766,The FLIP Cafe,1,Noida,"Italian, Continental, North Indian, Chinese",650,Indian Rupees(Rs.),No,Yes,2.6,147
2939,Yo! China,1,Noida,Chinese,1300,Indian Rupees(Rs.),No,Yes,2.5,252
1919,Gopala,1,Noida,"Mithai, Street Food",250,Indian Rupees(Rs.),No,No,3.6,69
9313,R.I.P Cafe & Lounge,1,Noida,Cafe,700,Indian Rupees(Rs.),No,Yes,3.5,203
18470627,Big Biryani,1,Noida,"Biryani, Mughlai",300,Indian Rupees(Rs.),No,No,0.0,0
18273432,Cupcakes & More,1,Noida,"Bakery, Desserts",300,Indian Rupees(Rs.),No,No,0.0,0
18163927,Heavens Food Xprs,1,Noida,"North Indian, Mughlai, Chinese",600,Indian Rupees(Rs.),No,No,0.0,2
18373828,Parul's Cooking Hub,1,Noida,North Indian,450,Indian Rupees(Rs.),No,No,0.0,0
18252364,Republic of Chicken,1,Noida,"Raw Meats, Fast Food",400,Indian Rupees(Rs.),No,No,0.0,0
18376068,Somethings Sweet,1,Noida,Bakery,300,Indian Rupees(Rs.),No,No,0.0,0
308725,Chawla's?,1,Noida,"North Indian, Mughlai, Chinese",800,Indian Rupees(Rs.),Yes,Yes,2.3,91
385,Domino's Pizza,1,Noida,"Pizza, Fast Food",700,Indian Rupees(Rs.),No,No,2.4,161
18432227,Nazeer Foods,1,Noida,"Mughlai, North Indian",600,Indian Rupees(Rs.),No,Yes,2.3,12
308441,Night Food Xprs,1,Noida,"North Indian, Chinese",500,Indian Rupees(Rs.),No,Yes,2.3,115
2327,Pizza Hut Delivery,1,Noida,"Italian, Pizza, Fast Food",800,Indian Rupees(Rs.),No,Yes,2.3,173
313045,The Caspian,1,Noida,"North Indian, Chinese",1300,Indian Rupees(Rs.),Yes,Yes,2.4,56
309818,The Noodle Box Co.,1,Noida,"Chinese, Thai, Asian",750,Indian Rupees(Rs.),Yes,No,2.4,137
311341,WTF - World's Tastiest Food,1,Noida,"North Indian, Chinese",800,Indian Rupees(Rs.),No,Yes,2.4,21
18398605,Biryani By Kilo,1,Noida,"Biryani, Mughlai",700,Indian Rupees(Rs.),No,Yes,4.1,126
18383531,Kalpak Restaurant & Cafe,1,Noida,"North Indian, Chinese",1300,Indian Rupees(Rs.),Yes,Yes,4.3,150
306167,Theos,1,Noida,"Desserts, Bakery, Fast Food",500,Indian Rupees(Rs.),No,No,4.1,516
308059,Aamantran Bangla,1,Noida,"Bengali, North Indian",650,Indian Rupees(Rs.),No,No,2.7,27
18489511,Chung-Fu,1,Noida,Chinese,350,Indian Rupees(Rs.),No,No,3.0,5
18388008,Paco Meals,1,Noida,"North Indian, Chinese, Fast Food",150,Indian Rupees(Rs.),No,No,2.8,11
18255153,Reena Restaurant,1,Noida,"North Indian, Chinese, South Indian",350,Indian Rupees(Rs.),No,No,2.7,9
313164,Sanskriti Foods,1,Noida,"North Indian, Chinese",650,Indian Rupees(Rs.),No,Yes,3.1,29
18432195,Biryani Vice,1,Noida,"North Indian, Biryani",500,Indian Rupees(Rs.),No,Yes,3.6,19
18261811,Dietwholic,1,Noida,"Healthy Food, North Indian, Chinese, Continental",600,Indian Rupees(Rs.),No,Yes,3.7,142
18377891,Goldenplates,1,Noida,"North Indian, Mughlai, Chinese, Fast Food",600,Indian Rupees(Rs.),No,No,3.6,33
18273047,Mishti's Kitchen,1,Noida,"Chinese, Mughlai",550,Indian Rupees(Rs.),No,Yes,3.6,49
18261720,Shahenshah,1,Noida,"North Indian, Mughlai, Chinese",500,Indian Rupees(Rs.),No,Yes,3.5,61
18435293,Ayush Chicken Point,1,Noida,"North Indian, Mughlai, Chinese",450,Indian Rupees(Rs.),No,No,0.0,0
18480748,Baby Got Bacon,1,Noida,"American, Italian",500,Indian Rupees(Rs.),No,No,0.0,0
18480216,Better Butter Chicken,1,Noida,North Indian,500,Indian Rupees(Rs.),No,No,0.0,0
18478977,Black Pepper,1,Noida,"North Indian, Chinese, Mughlai",500,Indian Rupees(Rs.),No,No,0.0,2
18500639,Chandni Chowk 2 China,1,Noida,"North Indian, Chinese",400,Indian Rupees(Rs.),No,No,0.0,0
18357573,Choco N Lush,1,Noida,"Bakery, Desserts",500,Indian Rupees(Rs.),No,No,0.0,0
18435297,Friend's Restaurant,1,Noida,"North Indian, Chinese",500,Indian Rupees(Rs.),No,No,0.0,0
18322688,Ghar Ka Khana,1,Noida,North Indian,150,Indian Rupees(Rs.),No,No,0.0,1
18383521,Ghar Ka Swad,1,Noida,"North Indian, Chinese",400,Indian Rupees(Rs.),No,No,0.0,2
18337906,Kake Da Dhaba,1,Noida,"Awadhi, North Indian",300,Indian Rupees(Rs.),No,No,0.0,2
18351422,Knight Kitchens,1,Noida,"North Indian, Fast Food, Chinese",450,Indian Rupees(Rs.),No,No,0.0,1
18353796,Lucknow Heritage,1,Noida,Lucknowi,400,Indian Rupees(Rs.),No,No,0.0,0
18495875,Momos Box,1,Noida,"Tibetan, Street Food",100,Indian Rupees(Rs.),No,No,0.0,1
18480321,Raging Bull - The Spicy Punch,1,Noida,"Mexican, Italian",500,Indian Rupees(Rs.),No,No,0.0,0
18332475,Second Home,1,Noida,"Chinese, North Indian",800,Indian Rupees(Rs.),Yes,No,0.0,3
18439522,The Big Buddha Grill,1,Noida,"Cafe, Mexican",550,Indian Rupees(Rs.),No,Yes,0.0,2
18481291,Whatslife.in,1,Noida,"North Indian, Chinese",500,Indian Rupees(Rs.),No,Yes,0.0,0
1498,Slice of Italy,1,Noida,"Italian, Pizza, Bakery",700,Indian Rupees(Rs.),No,Yes,2.3,230
18258491,Bebbe Da Degh,1,Noida,North Indian,800,Indian Rupees(Rs.),No,No,3.2,65
304484,Chauhan Hotel,1,Noida,North Indian,150,Indian Rupees(Rs.),No,No,2.9,11
18477658,52 Food Express,1,Noida,"North Indian, Chinese",300,Indian Rupees(Rs.),No,No,0.0,2
18368602,Delicious Treasure,1,Noida,North Indian,300,Indian Rupees(Rs.),No,No,0.0,2
18435807,Shiv Murti Hotel,1,Noida,North Indian,200,Indian Rupees(Rs.),No,No,0.0,0
18287399,Kaka Ji Restaurant,1,Noida,"North Indian, Mughlai",800,Indian Rupees(Rs.),No,Yes,2.9,6
309873,Lazzez's,1,Noida,"North Indian, Mughlai, Chinese, Raw Meats",600,Indian Rupees(Rs.),No,No,2.9,25
310170,Mithaas Sweets,1,Noida,"North Indian, Chinese, South Indian, Mithai",650,Indian Rupees(Rs.),No,Yes,3.1,39
8497,Mithaas,1,Noida,"North Indian, Chinese, South Indian, Mithai",650,Indian Rupees(Rs.),No,Yes,3.2,193
312184,Tandoori Corner,1,Noida,"North Indian, Mughlai, Chinese",500,Indian Rupees(Rs.),No,Yes,2.6,9
18082207,Culinate,1,Noida,"Continental, Fast Food, Asian, Italian",500,Indian Rupees(Rs.),No,Yes,3.8,200
18144457,Haaochi,1,Noida,Chinese,600,Indian Rupees(Rs.),No,Yes,3.5,123
18346998,Bake Walkers,1,Noida,"Bakery, Desserts",300,Indian Rupees(Rs.),No,No,0.0,0
18435308,Chacha Food Street,1,Noida,"North Indian, Chinese",400,Indian Rupees(Rs.),No,No,0.0,1
18291227,DudeFood,1,Noida,North Indian,350,Indian Rupees(Rs.),No,No,0.0,2
18435795,Indian Special Hot Momos,1,Noida,Chinese,50,Indian Rupees(Rs.),No,No,0.0,0
18383031,Kesarwa Bakez,1,Noida,Bakery,500,Indian Rupees(Rs.),No,Yes,0.0,2
304750,Om Bikaner Sweets,1,Noida,Mithai,150,Indian Rupees(Rs.),No,No,0.0,0
18435790,Sadda Adda 2 Cafe & Lounge,1,Noida,Cafe,300,Indian Rupees(Rs.),No,No,0.0,0
18244407,The Backyard Chef,1,Noida,North Indian,300,Indian Rupees(Rs.),No,No,0.0,0
18428215,Veer Jee,1,Noida,North Indian,250,Indian Rupees(Rs.),No,No,0.0,3
18382356,VP ki Kitchen,1,Noida,"North Indian, Mughlai, Chinese",400,Indian Rupees(Rs.),No,No,0.0,0
307841,Flying Cakes,1,Noida,Bakery,350,Indian Rupees(Rs.),No,Yes,2.1,56
18157407,Taste In Box,1,Noida,"North Indian, Chinese",500,Indian Rupees(Rs.),No,Yes,2.3,23
8068,Snacks Point,1,Noida,Chinese,150,Indian Rupees(Rs.),No,No,2.9,4
18435313,Sector 55 China Town,1,Noida,Chinese,300,Indian Rupees(Rs.),No,No,0.0,0
18249124,B Tamang Chineese,1,Noida,Chinese,300,Indian Rupees(Rs.),No,No,2.9,4
302502,Foodelicious,1,Noida,"North Indian, Chinese, Mughlai",500,Indian Rupees(Rs.),No,Yes,3.1,144
313329,The Cake Masters,1,Noida,"Bakery, Desserts",500,Indian Rupees(Rs.),No,Yes,2.5,7
18126119,Food Hut,1,Noida,North Indian,150,Indian Rupees(Rs.),No,No,0.0,0
18435805,South Indian Snacks Stall,1,Noida,South Indian,200,Indian Rupees(Rs.),No,No,0.0,0
18409196,Twenty Four Seven,1,Noida,"Fast Food, North Indian",300,Indian Rupees(Rs.),No,No,0.0,0
501,Barista,1,Noida,Cafe,650,Indian Rupees(Rs.),No,No,3.0,7
510,Barista,1,Noida,Cafe,650,Indian Rupees(Rs.),No,No,2.9,5
18418274,The Gourmet Shack,1,Noida,"Continental, American",600,Indian Rupees(Rs.),No,Yes,3.3,15
5746,"Vanshika Indian, Chinese, & Parantha Corner",1,Noida,"Chinese, North Indian",300,Indian Rupees(Rs.),No,No,3.1,29
18215963,Yes Bosz Food Plaza,1,Noida,"North Indian, Chinese",400,Indian Rupees(Rs.),No,Yes,2.7,15
18432232,A1 Restaurant,1,Noida,North Indian,500,Indian Rupees(Rs.),No,No,0.0,0
304487,Aggarwal Sweets India,1,Noida,"Mithai, Street Food",150,Indian Rupees(Rs.),No,No,0.0,0
18433909,Chaska Food Hut,1,Noida,"North Indian, Chinese",300,Indian Rupees(Rs.),No,No,0.0,0
8096,Hasty Tasty Fast Food,1,Noida,"North Indian, Chinese",300,Indian Rupees(Rs.),No,No,0.0,2
18459896,Pihu's Cafe,1,Noida,Fast Food,200,Indian Rupees(Rs.),No,No,0.0,1
5702,Sanjay Pandit Bhojnalaya,1,Noida,North Indian,150,Indian Rupees(Rs.),No,No,0.0,2
304502,Sharma Hotel,1,Noida,North Indian,100,Indian Rupees(Rs.),No,No,0.0,0
18432196,Shri G,1,Noida,North Indian,100,Indian Rupees(Rs.),No,No,0.0,0
18414468,Nite Bites,1,Noida,"North Indian, Chinese, Fast Food",650,Indian Rupees(Rs.),No,Yes,2.7,8
8090,Shankar Fast Food,1,Noida,"North Indian, Chinese",300,Indian Rupees(Rs.),No,No,2.7,15
8092,Shivam Fast Food,1,Noida,"North Indian, South Indian, Chinese",350,Indian Rupees(Rs.),No,No,2.9,12
18391140,Yumbo Bites,1,Noida,Fast Food,350,Indian Rupees(Rs.),No,No,3.1,10
312935,Essen Foods,1,Noida,"North Indian, Mughlai, Chinese",700,Indian Rupees(Rs.),No,No,0.0,1
18313786,L'amore,1,Noida,"Bakery, Desserts, Fast Food",200,Indian Rupees(Rs.),No,No,0.0,2
18432223,SPL Food Corner,1,Noida,"Chinese, North Indian",300,Indian Rupees(Rs.),No,No,0.0,0
8077,Shree Ganesh M Cafe,1,Noida,South Indian,150,Indian Rupees(Rs.),No,No,3.1,7
8089,Chauhan Fast Food,1,Noida,"Chinese, North Indian, Fast Food",250,Indian Rupees(Rs.),No,No,0.0,2
18368771,Right for Night,1,Noida,North Indian,200,Indian Rupees(Rs.),No,No,0.0,0
18481296,Whatslife.in,1,Noida,"North Indian, Chinese",500,Indian Rupees(Rs.),No,Yes,0.0,0
18128894,BakeAffair,1,Noida,"Bakery, Desserts",300,Indian Rupees(Rs.),No,No,3.4,30
18451823,Mirchievous,1,Noida,North Indian,650,Indian Rupees(Rs.),No,Yes,3.1,6
18469955,Cafe Coffee Day,1,Noida,Cafe,450,Indian Rupees(Rs.),No,No,0.0,0
18466392,Dev Food,1,Noida,"North Indian, South Indian, Chinese",300,Indian Rupees(Rs.),No,No,0.0,0
310755,Green Vally Chiiness Food,1,Noida,Chinese,300,Indian Rupees(Rs.),No,No,0.0,3
312186,221 B Baker Street,1,Noida,Bakery,200,Indian Rupees(Rs.),No,Yes,3.2,19
4469,Binge Restaurant,1,Noida,"North Indian, Chinese, Continental",1100,Indian Rupees(Rs.),Yes,No,3.2,325
18423860,Boxmeal,1,Noida,"North Indian, Chinese",400,Indian Rupees(Rs.),No,No,3.0,4
307335,Brown Town,1,Noida,Bakery,150,Indian Rupees(Rs.),No,No,2.7,11
5698,Cafe Coffee Day,1,Noida,Cafe,450,Indian Rupees(Rs.),No,No,3.0,26
8130,Cafe Coffee Day,1,Noida,Cafe,450,Indian Rupees(Rs.),No,No,3.0,14
311533,Cafe Green Apple,1,Noida,"North Indian, South Indian, Fast Food",400,Indian Rupees(Rs.),No,No,3.2,16
18268502,Cake Mandi,1,Noida,"Bakery, Desserts",500,Indian Rupees(Rs.),No,No,3.2,17
18285723,Chai Thela,1,Noida,Cafe,250,Indian Rupees(Rs.),No,No,3.1,10
308751,Chinese Chilli Sizzler,1,Noida,Chinese,200,Indian Rupees(Rs.),No,No,2.9,5
18273567,Delhi Biryani Hut,1,Noida,"Biryani, Mughlai",300,Indian Rupees(Rs.),No,No,2.7,9
3753,Dev's Restaurant & Bar,1,Noida,"North Indian, Mughlai, Chinese",1500,Indian Rupees(Rs.),No,Yes,3.1,56
18258503,Doggy Style,1,Noida,"Continental, Italian",700,Indian Rupees(Rs.),No,Yes,3.2,33
1844,Domino's Pizza,1,Noida,"Pizza, Fast Food",700,Indian Rupees(Rs.),No,No,2.6,118
313305,Floating Cakes,1,Noida,Bakery,400,Indian Rupees(Rs.),No,No,2.8,12
18281981,Food Brigade,1,Noida,"North Indian, South Indian, Chinese, Fast Food",300,Indian Rupees(Rs.),No,No,3.2,15
308718,Frequent Bakes,1,Noida,"Bakery, Desserts, Fast Food",350,Indian Rupees(Rs.),No,Yes,2.5,38
18423098,GreeNox,1,Noida,"Fast Food, Beverages",200,Indian Rupees(Rs.),No,Yes,3.4,16
18435329,GVP Creations,1,Noida,Bakery,400,Indian Rupees(Rs.),No,No,3.1,7
18367978,Health Buzzz,1,Noida,Healthy Food,350,Indian Rupees(Rs.),No,Yes,3.2,11
5777,Hot & Spicy,1,Noida,Chinese,250,Indian Rupees(Rs.),No,No,2.9,4
18396437,Malabar Junction,1,Noida,"South Indian, North Indian, Chinese",500,Indian Rupees(Rs.),No,No,3.3,15
18224549,Masters Caterer,1,Noida,"North Indian, Chinese",400,Indian Rupees(Rs.),No,No,2.9,6
8138,Meeting Point Corner,1,Noida,Chinese,200,Indian Rupees(Rs.),No,No,2.8,14
18281973,Mithaas Sweets,1,Noida,"North Indian, Chinese, South Indian, Mithai",650,Indian Rupees(Rs.),No,Yes,2.7,17
18391059,Mom's Canteen,1,Noida,North Indian,200,Indian Rupees(Rs.),No,No,3.0,5
313049,MS Foods,1,Noida,North Indian,400,Indian Rupees(Rs.),No,No,3.1,9
313250,Oh Buoy,1,Noida,Chinese,650,Indian Rupees(Rs.),No,No,3.3,50
313358,Old Tehrii Cafe & Lounge,1,Noida,"North Indian, Chinese, Cafe",1500,Indian Rupees(Rs.),Yes,No,3.1,13
18358191,Pichli Gali,1,Noida,"North Indian, Chinese, Fast Food",300,Indian Rupees(Rs.),No,No,3.0,5
5696,Pizza Hut,1,Noida,"Italian, Pizza",1000,Indian Rupees(Rs.),No,Yes,3.1,147
18252359,Rasoi99,1,Noida,"North Indian, Chinese",800,Indian Rupees(Rs.),No,Yes,3.2,10
4483,Republic of Chicken,1,Noida,"Raw Meats, Fast Food",400,Indian Rupees(Rs.),No,No,3.1,17
5776,Republic's @ Dhaba,1,Noida,"North Indian, Street Food",750,Indian Rupees(Rs.),No,No,2.9,56
8767,Rolling Beans,1,Noida,South Indian,250,Indian Rupees(Rs.),No,Yes,2.8,5
311622,Rollmaal,1,Noida,"Fast Food, North Indian, Chinese",500,Indian Rupees(Rs.),No,Yes,3.4,155
308758,Subway,1,Noida,"American, Fast Food, Salad, Healthy Food",500,Indian Rupees(Rs.),No,Yes,2.5,28
303996,Swad,1,Noida,"North Indian, Chinese, Continental",900,Indian Rupees(Rs.),Yes,No,2.8,13
18128867,The Chaiwalas,1,Noida,Cafe,300,Indian Rupees(Rs.),No,No,2.9,9
18160567,The Hunger Cure,1,Noida,"Fast Food, North Indian",600,Indian Rupees(Rs.),No,No,3.0,9
18128892,World Bites,1,Noida,"Chinese, North Indian",500,Indian Rupees(Rs.),No,Yes,3.4,30
18380262,BunkYard Cafe,1,Noida,"Fast Food, Beverages",400,Indian Rupees(Rs.),No,No,3.5,33
307703,Chaayos,1,Noida,"Cafe, Tea",400,Indian Rupees(Rs.),No,Yes,3.5,182
302308,RollsKing,1,Noida,Fast Food,300,Indian Rupees(Rs.),No,No,3.8,401
3939,Sandwich King,1,Noida,Fast Food,500,Indian Rupees(Rs.),No,Yes,3.5,215
311656,Speedy Chow,1,Noida,"Chinese, Thai",850,Indian Rupees(Rs.),No,Yes,3.6,114
304441,Aggarwal Bikaneri Sweets & Restaurant,1,Noida,"Street Food, Mithai",100,Indian Rupees(Rs.),No,No,0.0,3
18344518,Al-Aayat Mughlai Biryani,1,Noida,Biryani,100,Indian Rupees(Rs.),No,No,0.0,0
304439,Baba Chinese Fast Food,1,Noida,Chinese,250,Indian Rupees(Rs.),No,No,0.0,2
18312485,Cafe Coffee Day,1,Noida,Cafe,450,Indian Rupees(Rs.),No,No,0.0,0
312188,Cafe Rap,1,Noida,Fast Food,250,Indian Rupees(Rs.),No,No,0.0,1
18424577,Chinese Fast Food Corner,1,Noida,Chinese,250,Indian Rupees(Rs.),No,No,0.0,0
312192,Chinese Food Corner,1,Noida,Chinese,200,Indian Rupees(Rs.),No,No,0.0,0
18424631,Chinese Hot,1,Noida,Chinese,200,Indian Rupees(Rs.),No,No,0.0,0
18474221,Dial a Cake,1,Noida,"Bakery, Fast Food",400,Indian Rupees(Rs.),No,No,0.0,0
18268694,Doon Dhaba,1,Noida,"North Indian, Chinese",200,Indian Rupees(Rs.),No,No,0.0,1
18381667,Food Weavers,1,Noida,"Chinese, North Indian",350,Indian Rupees(Rs.),No,No,0.0,0
18424598,Green Chick Chop,1,Noida,"Raw Meats, North Indian, Fast Food",350,Indian Rupees(Rs.),No,No,0.0,1
18423900,Hookie Dookie,1,Noida,Cafe,500,Indian Rupees(Rs.),No,No,0.0,0
18347548,Hotel Green View Palace,1,Noida,"North Indian, Chinese, South Indian",700,Indian Rupees(Rs.),No,No,0.0,0
18281813,Hurry Curry Express,1,Noida,"North Indian, Mughlai, Chinese",550,Indian Rupees(Rs.),No,No,0.0,2
18423896,Kesarwa Bakez,1,Noida,Bakery,600,Indian Rupees(Rs.),No,Yes,0.0,1
18423139,Let's Noodle,1,Noida,Chinese,350,Indian Rupees(Rs.),No,No,0.0,1
308717,New Dragon Chinese Fast Food  & Paranthey Wala,1,Noida,Chinese,350,Indian Rupees(Rs.),No,No,0.0,1
310775,New Shahi Chinese Fast Food,1,Noida,Chinese,400,Indian Rupees(Rs.),No,No,0.0,0
18274402,Night Food Delivery,1,Noida,"North Indian, Chinese",500,Indian Rupees(Rs.),No,Yes,0.0,2
18382349,Rajwana Foods,1,Noida,"North Indian, Chinese",300,Indian Rupees(Rs.),No,No,0.0,2
18423877,Shama Chicken Corner,1,Noida,Mughlai,500,Indian Rupees(Rs.),No,No,0.0,2
18424206,Shiva Shudh Shakahari Bhojnalaya,1,Noida,North Indian,200,Indian Rupees(Rs.),No,No,0.0,0
18424195,Shri Balaji Shudh Vaishno Dhaba,1,Noida,North Indian,200,Indian Rupees(Rs.),No,No,0.0,0
310770,Southern Santushti Cafe,1,Noida,South Indian,400,Indian Rupees(Rs.),No,No,0.0,2
18424588,Tiffin Man House,1,Noida,North Indian,200,Indian Rupees(Rs.),No,No,0.0,0
18356798,WOW Zaika,1,Noida,North Indian,250,Indian Rupees(Rs.),No,No,0.0,0
304480,Grand Eatery,1,Noida,"North Indian, Chinese, Mughlai, Fast Food",600,Indian Rupees(Rs.),No,Yes,2.4,49
4758,Nathu's Sweets,1,Noida,"North Indian, South Indian, Chinese, Street Food, Fast Food, Mithai",500,Indian Rupees(Rs.),No,No,2.4,77
7909,Subway,1,Noida,"American, Fast Food, Salad, Healthy Food",500,Indian Rupees(Rs.),No,Yes,2.4,88
18391137,Chick Chicken Barbeque,1,Noida,"North Indian, Mughlai, Chinese",750,Indian Rupees(Rs.),No,Yes,2.6,4
312428,Tiwari Hot Pot,1,Noida,"North Indian, Chinese, South Indian",450,Indian Rupees(Rs.),No,Yes,2.6,11
18448390,Chaiwaalas,1,Noida,"Fast Food, Beverages",100,Indian Rupees(Rs.),No,No,0.0,0
18462716,Delhi Mughlai Biryani,1,Noida,Biryani,300,Indian Rupees(Rs.),No,No,0.0,1
18492089,Dumpty's,1,Noida,Fast Food,200,Indian Rupees(Rs.),No,No,0.0,0
18424868,Food Passengers,1,Noida,North Indian,250,Indian Rupees(Rs.),No,No,0.0,0
18415381,Hungry Buddies,1,Noida,North Indian,300,Indian Rupees(Rs.),No,No,0.0,0
18492086,Maa Durga Food Corner,1,Noida,North Indian,200,Indian Rupees(Rs.),No,No,0.0,0
18378580,Subhoj,1,Noida,"North Indian, Biryani",350,Indian Rupees(Rs.),No,No,0.0,2
18460908,The Square Meal,1,Noida,"North Indian, South Indian, Chinese",800,Indian Rupees(Rs.),Yes,No,0.0,0
18409211,Twenty Four Seven,1,Noida,"Fast Food, North Indian",300,Indian Rupees(Rs.),No,No,0.0,0
18478895,Yeoh,1,Noida,"North Indian, Chinese, Italian, Thai",500,Indian Rupees(Rs.),No,No,0.0,0
18258764,South King Restaurant,1,Noida,"South Indian, Chinese",300,Indian Rupees(Rs.),No,No,2.8,8
18382564,Twomato Foods,1,Noida,North Indian,400,Indian Rupees(Rs.),No,Yes,3.2,11
18378040,Lazeez Foods,1,Noida,"North Indian, Mughlai, Chinese",400,Indian Rupees(Rs.),No,No,0.0,2
18382348,Spicy Punjabi Tadka,1,Noida,North Indian,550,Indian Rupees(Rs.),No,No,0.0,0
18216323,SPL Foods Plaza,1,Noida,"North Indian, Chinese",600,Indian Rupees(Rs.),No,No,0.0,0
312240,Super Cake Shop,1,Noida,Bakery,300,Indian Rupees(Rs.),No,Yes,0.0,2
18224558,Bats On Delivery,1,Noida,"North Indian, Fast Food",700,Indian Rupees(Rs.),No,Yes,2.7,9
6170,Legacy of Awadh,1,Noida,"North Indian, Mughlai",500,Indian Rupees(Rs.),No,Yes,3.3,114
18478533,Sweetcake.in,1,Noida,Bakery,300,Indian Rupees(Rs.),No,No,0.0,0
18439012,Hurry Curry,1,Noida,"North Indian, Chinese",500,Indian Rupees(Rs.),No,No,3.1,10
18421059,Thaaliwaalaa.com,1,Noida,North Indian,200,Indian Rupees(Rs.),No,No,2.9,6
18490967, Let's Burrrp,1,Noida,"Chinese, North Indian",400,Indian Rupees(Rs.),No,No,0.0,0
18491387,Annapurna Caterings,1,Noida,North Indian,200,Indian Rupees(Rs.),No,No,0.0,0
18388148,Beyond Food,1,Noida,North Indian,200,Indian Rupees(Rs.),No,No,0.0,0
313103,Brown Town,1,Noida,Bakery,150,Indian Rupees(Rs.),No,No,0.0,2
18439544,Royal Spice,1,Noida,North Indian,500,Indian Rupees(Rs.),No,No,0.0,0
18439541,Bikaner's,1,Noida,"Mithai, North Indian, Chinese",400,Indian Rupees(Rs.),No,No,2.9,4
18335834,Chilli Zone,1,Noida,"North Indian, Chinese",500,Indian Rupees(Rs.),No,No,3.4,20
18383468,Cold Rock Cafe,1,Noida,"Fast Food, Italian, Desserts, Beverages",350,Indian Rupees(Rs.),No,No,3.3,12
18351053,Cup and Cones,1,Noida,Desserts,150,Indian Rupees(Rs.),No,Yes,3.1,10
18411585,Desi Spice,1,Noida,"North Indian, Chinese",600,Indian Rupees(Rs.),No,Yes,3.0,10
18382362,Food Destination,1,Noida,North Indian,400,Indian Rupees(Rs.),No,No,3.0,5
18163938,Gangaur Sweets,1,Noida,"North Indian, South Indian, Chinese, Mithai",500,Indian Rupees(Rs.),No,Yes,2.7,34
312316,Handi,1,Noida,"North Indian, Chinese",850,Indian Rupees(Rs.),No,No,2.9,8
18424201,Hungry Inn,1,Noida,"North Indian, Chinese, South Indian",500,Indian Rupees(Rs.),No,No,3.0,5
18429391,Keventers,1,Noida,Beverages,400,Indian Rupees(Rs.),No,No,2.9,4
18126089,La-Cuisine,1,Noida,"North Indian, Chinese",550,Indian Rupees(Rs.),No,No,2.9,4
18337921,Melting Flavours,1,Noida,North Indian,800,Indian Rupees(Rs.),No,Yes,3.4,21
18462972,Mighty Mughlai,1,Noida,"North Indian, Mughlai, Chinese",450,Indian Rupees(Rs.),No,No,3.2,12
18014154,Mithaas,1,Noida,"North Indian, Chinese, South Indian, Mithai",650,Indian Rupees(Rs.),No,No,2.9,12
18383462,Mood 4 Food,1,Noida,"Street Food, North Indian",150,Indian Rupees(Rs.),No,No,3.1,8
18435296,Northern Bytes,1,Noida,"Kashmiri, Chinese",500,Indian Rupees(Rs.),No,No,3.1,6
18416867,Shahenshah,1,Noida,"North Indian, Mughlai, Chinese",500,Indian Rupees(Rs.),No,No,3.0,4
18383535,Sugar Daddy Bakers,1,Noida,Bakery,350,Indian Rupees(Rs.),No,Yes,2.7,4
18418649,Swag Sadda Desi,1,Noida,"Fast Food, North Indian",300,Indian Rupees(Rs.),No,No,3.1,8
18313143,The Chinese Hut,1,Noida,"Chinese, Fast Food",400,Indian Rupees(Rs.),No,No,2.9,10
18332053,Wild Chef House,1,Noida,"North Indian, Mughlai",500,Indian Rupees(Rs.),No,Yes,3.1,11
18365588,Grub Patio,1,Noida,"Cafe, Continental, Italian",600,Indian Rupees(Rs.),No,Yes,3.7,51
18423131,The Grill @ 76,1,Noida,"North Indian, Mughlai, Chinese",650,Indian Rupees(Rs.),No,Yes,3.5,42
18418250,Zooby's Kitchen,1,Noida,"North Indian, Mughlai, Chinese",800,Indian Rupees(Rs.),Yes,No,3.5,31
18439523,4U,1,Noida,"North Indian, South Indian, Chinese",250,Indian Rupees(Rs.),No,No,0.0,1
18471723,Aadhya Bakery & Foods,1,Noida,"Bakery, North Indian",250,Indian Rupees(Rs.),No,No,0.0,0
18430582,Bake Walkers,1,Noida,"Bakery, Desserts",300,Indian Rupees(Rs.),No,No,0.0,0
18451827,Bean Machine & Co.,1,Noida,"Italian, Continental, American",500,Indian Rupees(Rs.),No,No,0.0,0
18439527,Big B Pastry Shop,1,Noida,"Bakery, Fast Food",200,Indian Rupees(Rs.),No,No,0.0,1
18313605,Breadman Cake Shop,1,Noida,Bakery,300,Indian Rupees(Rs.),No,No,0.0,2
18372662,Breaky2Dinner,1,Noida,"Chinese, North Indian",500,Indian Rupees(Rs.),No,No,0.0,0
18435336,Brijwasi Sweets,1,Noida,"Mithai, Fast Food",100,Indian Rupees(Rs.),No,No,0.0,0
18418232,Cafe Hot Pot,1,Noida,Fast Food,100,Indian Rupees(Rs.),No,No,0.0,0
18433873,Chef's Curry,1,Noida,"North Indian, Mughlai, Chinese",600,Indian Rupees(Rs.),No,No,0.0,1
18383464,Dilli Bakery,1,Noida,"Bakery, Fast Food",250,Indian Rupees(Rs.),No,No,0.0,0
18354978,Domino's Pizza,1,Noida,"Pizza, Fast Food",700,Indian Rupees(Rs.),No,No,0.0,2
18469970,Dove And Mouse,1,Noida,"Cafe, Desserts",500,Indian Rupees(Rs.),No,No,0.0,3
18441651,Food Cabana,1,Noida,Chinese,450,Indian Rupees(Rs.),No,No,0.0,0
18415977,Frozen Grillz,1,Noida,"Raw Meats, North Indian, Fast Food",350,Indian Rupees(Rs.),No,No,0.0,0
18439532,Ganesh Chinese Food Corner,1,Noida,Chinese,300,Indian Rupees(Rs.),No,No,0.0,0
18435288,Green Chick Chop,1,Noida,"Raw Meats, North Indian, Fast Food",350,Indian Rupees(Rs.),No,No,0.0,2
18383483,Handi Mitran Di,1,Noida,"Mughlai, North Indian, Chinese",700,Indian Rupees(Rs.),No,Yes,0.0,2
18442657,Hunger Tales,1,Noida,"Lucknowi, Mughlai, North Indian",500,Indian Rupees(Rs.),No,No,0.0,0
18435824,Hydrabad Biryani Express,1,Noida,North Indian,350,Indian Rupees(Rs.),No,No,0.0,0
18456271,Ice Stone Cafe,1,Noida,Desserts,200,Indian Rupees(Rs.),No,No,0.0,1
18394367,Kake Da Dhaba,1,Noida,North Indian,450,Indian Rupees(Rs.),No,No,0.0,0
18439529,Lucknow Wale Kwality Kabab,1,Noida,"Mughlai, North Indian",600,Indian Rupees(Rs.),No,No,0.0,1
18435797,Mairu's,1,Noida,"North Indian, Chinese, Fast Food",300,Indian Rupees(Rs.),No,No,0.0,2
18435321,Meatwale.com,1,Noida,"Raw Meats, Fast Food",300,Indian Rupees(Rs.),No,No,0.0,3
18494319,Mr. Biryani Walia,1,Noida,Biryani,400,Indian Rupees(Rs.),No,No,0.0,0
18383458,N E Great Foods,1,Noida,Street Food,100,Indian Rupees(Rs.),No,No,0.0,0
18352676,New Punjabi Tadka,1,Noida,"North Indian, Chinese",300,Indian Rupees(Rs.),No,No,0.0,0
18468948,Royal King,1,Noida,"North Indian, South Indian, Street Food",800,Indian Rupees(Rs.),Yes,No,0.0,1
18499472,The Dhaba,1,Noida,North Indian,500,Indian Rupees(Rs.),No,No,0.0,0
18396341,Tikka Express meets Chennai Express,1,Noida,"Fast Food, North Indian, South Indian",400,Indian Rupees(Rs.),No,No,0.0,1
18431190,Vyanjan,1,Noida,North Indian,300,Indian Rupees(Rs.),No,No,0.0,3
18431976,Yolkers,1,Noida,Fast Food,250,Indian Rupees(Rs.),No,No,0.0,1
18466993,Zaika Kathi Rolls,1,Noida,Fast Food,100,Indian Rupees(Rs.),No,No,0.0,3
18472450,Zaika of Dilli 6,1,Noida,"North Indian, Chinese, Kashmiri",600,Indian Rupees(Rs.),No,No,0.0,3
18383503,Bikaner's,1,Noida,"Mithai, North Indian",400,Indian Rupees(Rs.),No,Yes,2.4,11
311334,Chawla's 2,1,Noida,"North Indian, Mughlai, Chinese",1400,Indian Rupees(Rs.),No,Yes,2.1,22
18308083,Ginnis Oven,1,Noida,Bakery,400,Indian Rupees(Rs.),No,No,3.2,9
310240,Cream Bell,1,Noida,Ice Cream,200,Indian Rupees(Rs.),No,No,0.0,1
18206836,Whomely,1,Noida,North Indian,200,Indian Rupees(Rs.),No,No,3.2,15
18376500,Breaktym,1,Noida,"North Indian, Mughlai",400,Indian Rupees(Rs.),No,Yes,3.2,20
308877,Chinese Chilli Seasonal,1,Noida,Chinese,300,Indian Rupees(Rs.),No,No,2.9,4
311768,Gopala,1,Noida,"Mithai, Beverages",200,Indian Rupees(Rs.),No,No,3.4,23
18423127,Hungry's Hut,1,Noida,"Chinese, Fast Food",500,Indian Rupees(Rs.),No,No,3.1,10
300550,Kebabplus,1,Noida,"North Indian, Mughlai",600,Indian Rupees(Rs.),No,Yes,3.1,140
18337891,Oh Buoy - Flying Fox,1,Noida,"Chinese, Fast Food",500,Indian Rupees(Rs.),No,No,3.0,7
9724,Punjabi Pakwaan,1,Noida,"North Indian, Mughlai, Chinese",800,Indian Rupees(Rs.),Yes,Yes,3.1,45
312558,The Dessert Table Company,1,Noida,"Bakery, Desserts",500,Indian Rupees(Rs.),No,No,3.1,9
312777,The Roll Van,1,Noida,"North Indian, Mughlai",500,Indian Rupees(Rs.),No,No,3.0,5
1495,Kitchen Mantra,1,Noida,"North Indian, Mughlai, Chinese",550,Indian Rupees(Rs.),No,Yes,3.6,210
18258469,Wabi Sabi,1,Noida,"Bakery, Fast Food",300,Indian Rupees(Rs.),No,Yes,3.6,34
18440423,Baskin Robbins,1,Noida,Ice Cream,300,Indian Rupees(Rs.),No,No,0.0,0
18385532,Choicest Cakes,1,Noida,Bakery,300,Indian Rupees(Rs.),No,No,0.0,2
18349808,Midnight Foodies,1,Noida,"Burger, Fast Food",250,Indian Rupees(Rs.),No,No,0.0,0
18440409,Om Sweets Caterers & Bakery,1,Noida,"Mithai, Bakery",150,Indian Rupees(Rs.),No,No,0.0,0
18271099,Spicy Affair,1,Noida,Street Food,150,Indian Rupees(Rs.),No,No,0.0,0
311701,The Bakery Mart,1,Noida,Bakery,800,Indian Rupees(Rs.),No,No,0.0,1
302925,Southern Flavours,1,Noida,South Indian,350,Indian Rupees(Rs.),No,No,2.4,54
18385889,Cakebak,1,Noida,"Bakery, Desserts",400,Indian Rupees(Rs.),No,No,3.1,8
18371420,Fire n Ice,1,Noida,"Fast Food, North Indian, Chinese",600,Indian Rupees(Rs.),No,Yes,0.0,1
308737,Adarsh Kulfi,1,Noida,Ice Cream,100,Indian Rupees(Rs.),No,No,3.0,7
309693,Andaaz E Paranthas,1,Noida,"North Indian, Mughlai",550,Indian Rupees(Rs.),No,No,3.2,36
312241,Hot Fries,1,Noida,Fast Food,350,Indian Rupees(Rs.),No,No,3.0,8
390,Pizza Hut,1,Noida,"Italian, Pizza, Fast Food",1000,Indian Rupees(Rs.),No,No,3.4,144
447,Rasoi E Punjab,1,Noida,North Indian,500,Indian Rupees(Rs.),No,No,2.6,32
4482,Subway,1,Noida,"American, Fast Food, Salad, Healthy Food",500,Indian Rupees(Rs.),No,Yes,3.4,93
550,Haldiram's,1,Noida,"North Indian, South Indian, Chinese, Street Food, Fast Food, Mithai, Desserts",600,Indian Rupees(Rs.),No,No,3.6,301
303152,Legends Barbeques,1,Noida,"North Indian, Chinese, Mediterranean, Asian, Continental",1300,Indian Rupees(Rs.),No,No,3.9,1088
18486858,6 Packs Momos,1,Noida,Chinese,300,Indian Rupees(Rs.),No,No,0.0,0
18499455,Balti,1,Noida,North Indian,400,Indian Rupees(Rs.),No,No,0.0,1
18466970,Baskin Robbins,1,Noida,Ice Cream,300,Indian Rupees(Rs.),No,No,0.0,1
18431193,KBC?,1,Noida,"North Indian, Mughlai",500,Indian Rupees(Rs.),No,No,0.0,3
18258397,Nukkad Bites,1,Noida,"North Indian, South Indian, Bakery, Beverages",500,Indian Rupees(Rs.),No,No,0.0,2
18431981,Pan Asian Noodles,1,Noida,Chinese,550,Indian Rupees(Rs.),No,No,0.0,3
3212,Chicane,1,Noida,"European, North Indian, Chinese",2500,Indian Rupees(Rs.),Yes,No,2.2,116
8012,US Pizza,1,Noida,"Pizza, Fast Food",650,Indian Rupees(Rs.),No,Yes,2.2,134
312187,Angeethi Se,1,Noida,"North Indian, Chinese",600,Indian Rupees(Rs.),No,Yes,3.2,35
523,Barista,1,Noida,Cafe,650,Indian Rupees(Rs.),No,No,2.5,23
2480,BK's The Juice Bar,1,Noida,"Juices, Beverages, Fast Food",200,Indian Rupees(Rs.),No,No,3.0,10
1733,Eden Kitchen & Bar,1,Noida,"North Indian, Chinese",2000,Indian Rupees(Rs.),Yes,Yes,3.1,129
307145,Moti Mahal Delux Tandoori Trail,1,Noida,"North Indian, Mughlai, Chinese",1000,Indian Rupees(Rs.),Yes,Yes,2.5,28
1727,New Woks,1,Noida,"Chinese, Asian",750,Indian Rupees(Rs.),Yes,Yes,2.5,79
828,Otik Hotshop,1,Noida,"North Indian, Mughlai",600,Indian Rupees(Rs.),No,Yes,3.1,147
393,Pizza Hut,1,Noida,"Italian, Pizza, Fast Food",1000,Indian Rupees(Rs.),No,Yes,3.3,113
1722,Punjabi Dhaba 61,1,Noida,"North Indian, Mughlai, Chinese",800,Indian Rupees(Rs.),Yes,Yes,2.6,75
2483,Punjabi Pakwaan,1,Noida,"North Indian, Mughlai",1200,Indian Rupees(Rs.),Yes,Yes,3.0,120
1726,Spice of India,1,Noida,"Mughlai, North Indian",700,Indian Rupees(Rs.),No,Yes,2.6,76
304934,Swaad,1,Noida,"North Indian, Chinese",600,Indian Rupees(Rs.),No,Yes,2.7,15
305961,Yumm Biryani,1,Noida,"Biryani, Mughlai",550,Indian Rupees(Rs.),No,Yes,3.2,160
308578,Otik Cake Shop,1,Noida,"Bakery, Desserts, Fast Food, North Indian",450,Indian Rupees(Rs.),No,Yes,3.5,105
308750,Adarsh Kulfi,1,Noida,Ice Cream,100,Indian Rupees(Rs.),No,No,0.0,3
309971,Pizza Junction,1,Noida,"Fast Food, Pizza",550,Indian Rupees(Rs.),No,No,0.0,1
386,Domino's Pizza,1,Noida,"Pizza, Fast Food",700,Indian Rupees(Rs.),No,No,2.4,98
428,Sagar Ratna,1,Noida,"South Indian, North Indian, Chinese",600,Indian Rupees(Rs.),No,Yes,2.3,155
18070483,Subway,1,Noida,"American, Fast Food, Salad, Healthy Food",500,Indian Rupees(Rs.),No,Yes,2.3,24
7869,Barista,1,Noida,Cafe,650,Indian Rupees(Rs.),No,No,3.3,57
5610,Bikano Chat Cafe,1,Noida,"North Indian, Street Food, South Indian, Fast Food, Chinese",500,Indian Rupees(Rs.),No,No,3.0,38
304103,Cafe Coffee Day,1,Noida,Cafe,450,Indian Rupees(Rs.),No,No,2.7,18
5598,Cafe Coffee Day,1,Noida,Cafe,450,Indian Rupees(Rs.),No,No,2.7,34
18233617,Chaayos,1,Noida,"Cafe, Tea",400,Indian Rupees(Rs.),No,Yes,3.4,67
300955,Chopaal Marwari,1,Noida,"North Indian, Rajasthani",600,Indian Rupees(Rs.),No,No,2.8,102
18017237,Dolce Gelato,1,Noida,"Ice Cream, Beverages, Fast Food",300,Indian Rupees(Rs.),No,No,3.0,8
5619,Domino's Pizza,1,Noida,"Pizza, Fast Food",700,Indian Rupees(Rs.),No,No,3.2,60
2191,Gelato Vinto,1,Noida,"Desserts, Ice Cream",250,Indian Rupees(Rs.),No,No,3.1,32
307447,Kebab Xpress,1,Noida,"North Indian, Mughlai",600,Indian Rupees(Rs.),No,Yes,3.2,106
7932,McDonald's,1,Noida,"Fast Food, Burger",500,Indian Rupees(Rs.),No,No,3.4,70
1226,Pind Balluchi,1,Noida,"North Indian, Mughlai",800,Indian Rupees(Rs.),Yes,Yes,3.3,793
8888,Ristorante Prego,1,Noida,Italian,1200,Indian Rupees(Rs.),Yes,No,3.1,372
4530,The Coffee Bean & Tea Leaf,1,Noida,Cafe,700,Indian Rupees(Rs.),No,No,2.6,55
18400768,Turquoise Turkish Ice-cream,1,Noida,Ice Cream,250,Indian Rupees(Rs.),No,No,3.4,11
409,Yo! China,1,Noida,Chinese,1300,Indian Rupees(Rs.),No,Yes,2.6,334
7939,Baskin Robbins,1,Noida,Ice Cream,300,Indian Rupees(Rs.),No,No,3.5,41
18133480,Burger King,1,Noida,"Burger, Fast Food",500,Indian Rupees(Rs.),No,No,3.5,211
791,Costa Coffee,1,Noida,Cafe,600,Indian Rupees(Rs.),No,No,3.5,110
486,Crazy Noodles,1,Noida,"Chinese, Thai",1100,Indian Rupees(Rs.),Yes,Yes,3.6,507
18208913,Jack Po!tato's,1,Noida,Fast Food,150,Indian Rupees(Rs.),No,No,3.5,37
3251,Mandarin Trail,1,Noida,Chinese,1500,Indian Rupees(Rs.),Yes,No,3.7,517
308774,Nazeer Foods,1,Noida,"Mughlai, North Indian",600,Indian Rupees(Rs.),No,Yes,3.6,179
394,Pizza Hut,1,Noida,"Italian, Pizza, Fast Food",1000,Indian Rupees(Rs.),No,No,3.7,189
302421,Shree Rathnam,1,Noida,"South Indian, North Indian, Chinese",800,Indian Rupees(Rs.),No,No,3.5,139
1244,TGI Friday's,1,Noida,"American, Tex-Mex",2500,Indian Rupees(Rs.),Yes,Yes,3.5,1147
5689,Thaal Vaadi,1,Noida,"North Indian, Rajasthani",1000,Indian Rupees(Rs.),No,No,3.5,249
18431152,Cafe' Wow,1,Noida,Fast Food,200,Indian Rupees(Rs.),No,No,0.0,0
18439721,Chef's Basket Pop Up Caf?,1,Noida,"Italian, Chinese",200,Indian Rupees(Rs.),No,No,0.0,0
18431158,Chocolate Fountain,1,Noida,Desserts,150,Indian Rupees(Rs.),No,No,0.0,1
18430892,McDonald's,1,Noida,"Desserts, Ice Cream",150,Indian Rupees(Rs.),No,No,0.0,1
18430870,Tea Trails,1,Noida,Cafe,850,Indian Rupees(Rs.),No,No,0.0,1
18428504,The Hangout-Deli,1,Noida,"Continental, Lebanese, Mexican",1000,Indian Rupees(Rs.),Yes,No,0.0,0
2979,Chopaal,1,Noida,"Chinese, North Indian, South Indian, Fast Food",450,Indian Rupees(Rs.),No,No,2.0,161
3237,Club Ice Cube,1,Noida,"North Indian, Continental, Chinese",2400,Indian Rupees(Rs.),Yes,No,2.0,230
2025,Moti Mahal Delux Tandoori Trail,1,Noida,"North Indian, Mughlai",1200,Indian Rupees(Rs.),Yes,Yes,2.0,108
3149,The Punjabiis Restro Bar,1,Noida,"North Indian, Chinese",1200,Indian Rupees(Rs.),Yes,No,4.0,395
18255134,Sky Grill,1,Noida,"North Indian, Chinese",700,Indian Rupees(Rs.),No,Yes,2.6,34
18277023,Bread & Pasta,1,Noida,Fast Food,400,Indian Rupees(Rs.),No,No,0.0,1
18313203,Chillies Cafe,1,Noida,Fast Food,600,Indian Rupees(Rs.),No,No,0.0,3
18254559,Platters,1,Noida,"North Indian, Chinese",500,Indian Rupees(Rs.),No,No,0.0,0
18255132,The Grand,1,Noida,"Raw Meats, Fast Food",250,Indian Rupees(Rs.),No,No,0.0,1
120519,Hops n Grains,1,Panchkula,"North Indian, Middle Eastern, Pizza",2000,Indian Rupees(Rs.),No,No,4.2,843
4000344,Genuine Broaster Chicken,1,Patna,"American, Chinese, North Indian, Italian",500,Indian Rupees(Rs.),No,No,3.5,42
4000016,Bansi Vihar,1,Patna,"South Indian, Fast Food",300,Indian Rupees(Rs.),No,No,3.4,111
4000277,Mainland China,1,Patna,Chinese,1400,Indian Rupees(Rs.),No,No,3.5,65
18369321,Pukhtaan-The Royal Taste of India,1,Patna,"North Indian, Chinese",1500,Indian Rupees(Rs.),No,No,3.5,32
4000033,The Yellow Chilli,1,Patna,"North Indian, Chinese, Continental",1000,Indian Rupees(Rs.),No,No,3.5,150
18279982,Indian Summer Cafe,1,Patna,"Continental, Cafe, Italian, Pizza, North Indian, Chinese, Bakery, Mughlai",600,Indian Rupees(Rs.),No,No,3.4,16
4000004,KFC,1,Patna,Fast Food,500,Indian Rupees(Rs.),No,No,3.3,49
4000269,McDonald's,1,Patna,Fast Food,500,Indian Rupees(Rs.),No,No,3.4,60
4000027,Biryani Mahal,1,Patna,"Biryani, Mughlai",500,Indian Rupees(Rs.),No,No,3.6,99
4000081,Spice Court - Hotel Maurya,1,Patna,"North Indian, Continental, Chinese, South Indian",1600,Indian Rupees(Rs.),No,No,3.7,43
4000069,Angeethi,1,Patna,"North Indian, Mughlai, Chinese",800,Indian Rupees(Rs.),No,No,3.4,45
4000294,Red Chilli,1,Patna,"Chinese, North Indian, Mughlai",450,Indian Rupees(Rs.),No,No,3.6,69
4000001,Pind Balluchi,1,Patna,"North Indian, Chinese",1000,Indian Rupees(Rs.),No,No,3.3,162
4000030,Raj Rasoi,1,Patna,"North Indian, South Indian, Fast Food",600,Indian Rupees(Rs.),No,No,3.3,74
4000018,Kapil Dev's Eleven,1,Patna,"North Indian, Chinese, Finger Food",1000,Indian Rupees(Rs.),No,No,3.6,107
4000222,Sri Basant Vihar,1,Patna,"North Indian, Fast Food",600,Indian Rupees(Rs.),No,No,3.6,75
4000031,17 Degrees,1,Patna,"North Indian, Chinese, Continental, Italian",1200,Indian Rupees(Rs.),No,No,3.5,151
4000015,Nirvana,1,Patna,"North Indian, Chinese",700,Indian Rupees(Rs.),No,No,3.4,61
4000007,Roti Restaurant,1,Patna,"North Indian, South Indian, Chinese",500,Indian Rupees(Rs.),No,No,3.1,64
18343124,Swaaddesh,1,Patna,"North Indian, Chinese",700,Indian Rupees(Rs.),No,No,3.5,45
3700010,Auroville Bakery,1,Puducherry,Bakery,150,Indian Rupees(Rs.),No,No,3.8,173
3700009,Tanto Pizzeria,1,Puducherry,"Pizza, Italian",1000,Indian Rupees(Rs.),No,No,3.8,513
18427467,The Smoothie Bar,1,Puducherry,"Desserts, Beverages, Juices",250,Indian Rupees(Rs.),No,No,3.7,36
3700024,Le Club,1,Puducherry,"French, Continental, North Indian",1400,Indian Rupees(Rs.),No,No,3.5,328
3700056,Cafe Ole,1,Puducherry,"Cafe, Continental",700,Indian Rupees(Rs.),No,No,3.8,199
3700408,Italize,1,Puducherry,"Pizza, Italian",600,Indian Rupees(Rs.),No,No,3.6,97
3700017,The Pasta Bar Veneto,1,Puducherry,Italian,900,Indian Rupees(Rs.),No,No,3.6,275
3700050,Baker Street,1,Puducherry,"Bakery, French",400,Indian Rupees(Rs.),No,No,4.1,791
3700041,Zuka Choco-la,1,Puducherry,Desserts,300,Indian Rupees(Rs.),No,No,4.2,656
3700387,Bay of Buddha -  The Promenade,1,Puducherry,"Chinese, Thai, Malaysian, Vietnamese, Korean, Indonesian, Asian",1500,Indian Rupees(Rs.),No,No,3.8,189
3700036,Blueline - The Promenade,1,Puducherry,"North Indian, Seafood, South Indian, Italian",1500,Indian Rupees(Rs.),No,No,3.8,192
3700049,Villa Shanti,1,Puducherry,Continental,1500,Indian Rupees(Rs.),No,No,3.9,535
3700069,Le Cafe,1,Puducherry,Cafe,450,Indian Rupees(Rs.),No,No,3.1,875
3700160,Spice Route,1,Puducherry,"Continental, North Indian, Finger Food",1200,Indian Rupees(Rs.),No,No,3.4,228
18378803,#Dilliwaala6,1,Puducherry,North Indian,800,Indian Rupees(Rs.),No,No,3.7,124
3700051,Cafe des Arts,1,Puducherry,Cafe,800,Indian Rupees(Rs.),No,No,3.5,298
3700037,Le Dupleix,1,Puducherry,"North Indian, French, Continental",1500,Indian Rupees(Rs.),No,No,3.8,456
3700019,Rendezvous Cafe Restaurant,1,Puducherry,"Goan, Mangalorean, Continental, French",1200,Indian Rupees(Rs.),No,No,3.5,225
3700021,The Indian Kaffe Express,1,Puducherry,Cafe,550,Indian Rupees(Rs.),No,No,3.8,495
3700561,Gelateria Montecatini Terme,1,Puducherry,Desserts,150,Indian Rupees(Rs.),No,No,4.2,163
6508323,The Urban Foundry,1,Pune,"North Indian, Asian",1500,Indian Rupees(Rs.),Yes,No,4.5,1099
18383095,Teddy Boy,1,Pune,"North Indian, Continental, Finger Food",1200,Indian Rupees(Rs.),Yes,No,3.6,507
18378852,Effingut Brewerkz,1,Pune,"Continental, North Indian, Mughlai, Burmese",2000,Indian Rupees(Rs.),No,Yes,4.3,375
13231,Le Plaisir,1,Pune,"European, Desserts",1000,Indian Rupees(Rs.),No,No,4.8,2510
18354483,Farzi Cafe,1,Pune,Modern Indian,1500,Indian Rupees(Rs.),No,No,4.3,868
18383076,Mineority By Saby,1,Pune,"North Indian, North Eastern, Continental",1400,Indian Rupees(Rs.),Yes,No,4.2,306
6505309,The Little Next Door,1,Pune,"Finger Food, Italian, Spanish, Greek",1000,Indian Rupees(Rs.),Yes,No,4.1,1143
6504409,Effingut Brewerkz,1,Pune,"Continental, North Indian, Mughlai, Burmese",1800,Indian Rupees(Rs.),No,Yes,4.3,1531
18350020,Kargo,1,Pune,"Charcoal Grill, Italian, North Indian, European, Indonesian, Thai",900,Indian Rupees(Rs.),Yes,No,4.4,635
6508117,Saut?ed Stories,1,Pune,"Cafe, Italian, Continental",850,Indian Rupees(Rs.),No,Yes,4.2,583
18417624,The Sassy Spoon,1,Pune,"European, Asian, Mediterranean, Modern Indian, Desserts, Finger Food",1500,Indian Rupees(Rs.),Yes,No,4.1,140
6505564,German Bakery Wunderbar,1,Pune,"Italian, German, Continental",1000,Indian Rupees(Rs.),No,No,4.0,1583
11371,Chili's,1,Pune,"Mexican, American, Tex-Mex",1800,Indian Rupees(Rs.),Yes,Yes,4.5,1439
11807,Barbeque Nation,1,Pune,"North Indian, Mughlai",1700,Indian Rupees(Rs.),No,No,4.5,2847
18292672,Blue Water,1,Pune,"North Indian, Chinese, Continental",1500,Indian Rupees(Rs.),Yes,Yes,4.2,487
6507461,Agent Jack's Bar,1,Pune,"Continental, North Indian, Italian",1200,Indian Rupees(Rs.),Yes,No,4.2,1531
6507967,Tales & Spirits,1,Pune,"Italian, Continental, Cafe",800,Indian Rupees(Rs.),Yes,Yes,4.1,997
6506206,18 Degrees Resto Lounge,1,Pune,"North Indian, Mediterranean, Chinese",2100,Indian Rupees(Rs.),Yes,Yes,3.6,1566
6507495,Apache,1,Pune,Finger Food,1000,Indian Rupees(Rs.),Yes,No,4.1,377
18441490,Barbeque Ville,1,Pune,North Indian,1000,Indian Rupees(Rs.),Yes,No,4.4,208
2700001,Hot Lips,1,Ranchi,"North Indian, Chinese",1000,Indian Rupees(Rs.),No,No,3.3,65
2700223,The Kav's,1,Ranchi,"North Indian, Continental, Chinese",400,Indian Rupees(Rs.),No,No,3.2,51
2700263,Prana,1,Ranchi,"European, North Indian, Continental, Italian",1000,Indian Rupees(Rs.),No,No,3.7,81
2700024,Kathi Kabab,1,Ranchi,"Fast Food, North Indian",400,Indian Rupees(Rs.),No,No,3.3,89
2700010,Yo China Restaurant,1,Ranchi,Chinese,650,Indian Rupees(Rs.),No,No,3.4,117
2700007,Kaveri Restaurant And Caterers,1,Ranchi,"North Indian, Chinese, South Indian, Chinese",450,Indian Rupees(Rs.),No,No,4.0,370
2700019,Yellow Sapphire,1,Ranchi,"Continental, North Indian, European",1000,Indian Rupees(Rs.),No,No,3.7,116
2700002,Moti Mahal Delux Tandoori Trail,1,Ranchi,"North Indian, Chinese",1000,Indian Rupees(Rs.),No,No,3.6,119
2700008,Jungli Moon Dance Restaurant,1,Ranchi,"North Indian, South Indian, Chinese",500,Indian Rupees(Rs.),No,No,3.1,26
2700044,KFC,1,Ranchi,Fast Food,500,Indian Rupees(Rs.),No,No,3.2,125
2700059,Punjab Sweet House,1,Ranchi,Street Food,200,Indian Rupees(Rs.),No,No,3.5,112
2700242,Food Belle,1,Ranchi,"North Indian, Chinese",650,Indian Rupees(Rs.),No,No,3.3,20
2700085,Kaveri Restaurant And Caterers,1,Ranchi,"North Indian, Chinese, South Indian, Chinese",450,Indian Rupees(Rs.),No,No,3.4,102
2700241,OMG Cafe,1,Ranchi,"Cafe, Italian, Mexican, Chinese, North Indian",500,Indian Rupees(Rs.),No,No,3.3,19
18388053,The Best,1,Ranchi,"North Indian, South Indian, Chinese",400,Indian Rupees(Rs.),No,No,3.4,13
2700011,7th Heaven,1,Ranchi,"South Indian, North Indian, Chinese",400,Indian Rupees(Rs.),No,No,3.7,92
2700082,The Urban Brava,1,Ranchi,"Cafe, Fast Food, North Indian",1000,Indian Rupees(Rs.),No,No,3.6,95
2700032,Waterfront - Radisson Blu,1,Ranchi,"North Indian, Continental",2000,Indian Rupees(Rs.),No,No,3.4,62
2700049,Pizza Hut,1,Ranchi,Pizza,700,Indian Rupees(Rs.),No,No,3.5,66
2700036,Aroma - The Royal Retreat,1,Ranchi,"North Indian, South Indian, Chinese",1500,Indian Rupees(Rs.),No,No,3.5,67
96814,Saffron Mantra,1,Secunderabad,"North Indian, Chinese",850,Indian Rupees(Rs.),Yes,Yes,4.4,494
90499,Coffee Cup,1,Secunderabad,"Cafe, Continental",800,Indian Rupees(Rs.),Yes,No,4.6,1408
3800319,Level 5 - Terrace Restro & Cafe,1,Surat,"Chinese, North Indian, Italian, Mexican",900,Indian Rupees(Rs.),No,No,3.8,201
3800021,Wok On Fire,1,Surat,"Chinese, Thai, Asian",800,Indian Rupees(Rs.),No,No,3.9,226
18396610,Thalaivaa,1,Surat,South Indian,500,Indian Rupees(Rs.),No,No,4.1,70
3800053,World Platter,1,Surat,"North Indian, Chinese, Thai, Mexican, Italian",800,Indian Rupees(Rs.),No,No,3.9,191
3800052,Golden Dragon,1,Surat,Chinese,800,Indian Rupees(Rs.),No,No,4.2,197
3800078,Mysore Cafe,1,Surat,South Indian,250,Indian Rupees(Rs.),No,No,4.0,279
3800022,Coffee Culture - The Ristorante Lounge,1,Surat,"Cafe, Continental",650,Indian Rupees(Rs.),No,No,4.0,223
3800238,Falafel Lovers,1,Surat,"Lebanese, Italian",650,Indian Rupees(Rs.),No,No,4.3,479
3800003,The Centre Court,1,Surat,"Italian, North Indian, Desserts, Continental",900,Indian Rupees(Rs.),No,No,4.1,164
3800020,Wok On Fire,1,Surat,"Chinese, Thai, Asian",800,Indian Rupees(Rs.),No,No,3.7,209
3800000,Leonardo Italian Mediterranean Dining,1,Surat,"Italian, Mexican, Mediterranean",1400,Indian Rupees(Rs.),No,No,4.2,319
3800002,Kansar Gujarati Thali,1,Surat,Gujarati,550,Indian Rupees(Rs.),No,No,3.9,153
18362165,The Haus,1,Surat,"Cafe, Desserts",500,Indian Rupees(Rs.),No,No,3.9,28
3800252,Black Pepper,1,Surat,"North Indian, Italian",1000,Indian Rupees(Rs.),No,No,4.1,221
3800018,Pizza Hut,1,Surat,Pizza,800,Indian Rupees(Rs.),No,No,4.1,216
3800016,The Sizzling Salsa,1,Surat,"Italian, Continental, Chinese, Mexican",1500,Indian Rupees(Rs.),No,No,4.1,204
18439181,Global Local,1,Surat,Modern Indian,1500,Indian Rupees(Rs.),No,No,3.4,47
3800477,The Creamery,1,Surat,"Ice Cream, Desserts",250,Indian Rupees(Rs.),No,No,3.6,87
18367402,The Food Lab,1,Surat,"Italian, Lebanese, Mexican",900,Indian Rupees(Rs.),No,No,3.6,66
3800437,The Hog Spot,1,Surat,"North Indian, Italian, Mexican, Asian",800,Indian Rupees(Rs.),No,No,3.8,87
3200090,22nd Parallel,1,Vadodara,South Indian,400,Indian Rupees(Rs.),No,No,4.5,344
3200440,Kabir Kitchen,1,Vadodara,"North Indian, Chinese",600,Indian Rupees(Rs.),No,No,3.8,130
18295781,Kaphi Pibama,1,Vadodara,"Cafe, Mexican, Italian, Fast Food",500,Indian Rupees(Rs.),No,No,3.8,71
3200265,VarieTea,1,Vadodara,"Cafe, Fast Food",400,Indian Rupees(Rs.),No,No,3.9,145
3200012,Barbeque Nation,1,Vadodara,"Mughlai, North Indian",1500,Indian Rupees(Rs.),No,No,4.3,332
3200005,Little Italy,1,Vadodara,Italian,1000,Indian Rupees(Rs.),No,No,4.1,202
18275708,Meraki,1,Vadodara,"North Indian, Continental, Italian, Asian",1200,Indian Rupees(Rs.),No,No,4.0,93
3200021,That Place,1,Vadodara,"Italian, Mexican, Continental",1500,Indian Rupees(Rs.),No,No,4.4,276
3200584,Wok On Fire,1,Vadodara,"Thai, Chinese, Asian",800,Indian Rupees(Rs.),No,No,3.8,107
3200015,Mandap - Hotel Express Towers,1,Vadodara,Gujarati,600,Indian Rupees(Rs.),No,No,4.0,191
3200032,Offside Lounge,1,Vadodara,"Continental, Chinese, Mexican, North Indian",800,Indian Rupees(Rs.),No,No,3.8,149
3200002,Gazebo Garden Restaurant,1,Vadodara,North Indian,1000,Indian Rupees(Rs.),No,No,3.5,82
3200311,La Quello - Mediterranean Kitchen,1,Vadodara,"Mediterranean, Italian",1300,Indian Rupees(Rs.),No,No,4.6,321
3200497,El Amigos Kitchen,1,Vadodara,"North Indian, Thai, Italian, Chinese, Mexican",800,Indian Rupees(Rs.),No,No,3.5,96
3200560,Mr Toasties,1,Vadodara,Fast Food,300,Indian Rupees(Rs.),No,No,3.9,50
3200269,The Yellow Chilli,1,Vadodara,"North Indian, Mughlai",800,Indian Rupees(Rs.),No,No,3.9,243
3200590,Coffee Culture,1,Vadodara,Cafe,600,Indian Rupees(Rs.),No,No,4.3,92
3200537,Freshco - The Health Caf?,1,Vadodara,Cafe,700,Indian Rupees(Rs.),No,No,4.2,132
3200024,Pizza Hut,1,Vadodara,"Pizza, Italian",600,Indian Rupees(Rs.),No,No,4.1,269
3200034,Tomato's,1,Vadodara,"North Indian, Mughlai, Mexican, Thai",1000,Indian Rupees(Rs.),No,No,4.1,395
3900021,Open Hand Shop & Cafe,1,Varanasi,Cafe,450,Indian Rupees(Rs.),No,No,3.4,59
3900059,Pizzeria Vaatika Cafe,1,Varanasi,"Pizza, Chinese",700,Indian Rupees(Rs.),No,No,3.7,149
3900158,Aman Restaurant,1,Varanasi,"Chinese, North Indian",650,Indian Rupees(Rs.),No,No,3.2,60
3900007,Blue Lassi,1,Varanasi,Beverages,300,Indian Rupees(Rs.),No,No,3.7,96
3900232,Kerala Cafe,1,Varanasi,South Indian,300,Indian Rupees(Rs.),No,No,3.6,125
3900250,Baati Chokha,1,Varanasi,North Indian,450,Indian Rupees(Rs.),No,No,3.7,68
3900245,Deena Chat Bhandar,1,Varanasi,Street Food,0,Indian Rupees(Rs.),No,No,3.8,78
3900004,Dosa Cafe,1,Varanasi,South Indian,450,Indian Rupees(Rs.),No,No,3.5,48
3900032,Kashi Chat Bhandar,1,Varanasi,Street Food,150,Indian Rupees(Rs.),No,No,4.1,158
3900058,Chrystal Bowl Restaurant,1,Varanasi,North Indian,800,Indian Rupees(Rs.),No,No,3.3,96
3900070,Flavours Cafe,1,Varanasi,"North Indian, Cafe",400,Indian Rupees(Rs.),No,No,3.4,85
3900057,Ming Garden,1,Varanasi,Chinese,600,Indian Rupees(Rs.),No,No,3.5,172
3900067,Burger King,1,Varanasi,"North Indian, Fast Food",350,Indian Rupees(Rs.),No,No,3.4,96
3900050,Tandoor Villa,1,Varanasi,"North Indian, Mughlai",600,Indian Rupees(Rs.),No,No,3.6,63
3900009,eastWEST - Radisson Hotel,1,Varanasi,"Cafe, North Indian, Continental",600,Indian Rupees(Rs.),No,No,3.3,34
3900010,The Great Kabab Factory - Radisson Hotel,1,Varanasi,"North Indian, Mughlai",1100,Indian Rupees(Rs.),No,No,3.3,67
3900055,I:ba Cafe & Restaurant,1,Varanasi,"Japanese, American, North Indian, Fast Food",1000,Indian Rupees(Rs.),No,No,3.5,83
18346996,3Cherryz Sky Lounge & Cafe,1,Varanasi,"Cafe, North Indian, Chinese",500,Indian Rupees(Rs.),No,No,3.2,26
18246202,VNS Live Studio,1,Varanasi,"Chinese, North Indian",0,Indian Rupees(Rs.),No,No,3.5,109
3900238,Singh's Delight Restaurant,1,Varanasi,"Chinese, North Indian",700,Indian Rupees(Rs.),No,No,3.5,57
2800013,Pizza Hut,1,Vizag,"Pizza, Fast Food",600,Indian Rupees(Rs.),No,No,4.6,289
2800012,Pizza Hut,1,Vizag,"Pizza, Fast Food",600,Indian Rupees(Rs.),No,No,4.3,230
2800294,Sri Sairam Parlour,1,Vizag,"South Indian, North Indian",300,Indian Rupees(Rs.),No,No,4.2,270
2800903,Mekong - Hotel GreenPark,1,Vizag,"Chinese, Thai, Burmese, Vietnamese, Tibetan, Japanese",1300,Indian Rupees(Rs.),No,No,4.4,73
2800052,The Square - Hotel Novotel,1,Vizag,"Continental, North Indian",1700,Indian Rupees(Rs.),No,No,4.1,125
2800095,Alpha Hotel,1,Vizag,"North Indian, Biryani",300,Indian Rupees(Rs.),No,No,3.7,240
2800856,Barbeque Nation,1,Vizag,"North Indian, Chinese, Mediterranean",1600,Indian Rupees(Rs.),No,No,4.9,345
2800911,Double Roti,1,Vizag,"Cafe, Fast Food, American",1000,Indian Rupees(Rs.),No,No,3.8,27
2800757,Bake My Wish,1,Vizag,Fast Food,450,Indian Rupees(Rs.),No,No,3.8,175
2800096,Kamat Restaurant,1,Vizag,"Andhra, North Indian, Chinese, Seafood, Biryani",600,Indian Rupees(Rs.),No,No,3.6,154
2800083,My Restaurant,1,Vizag,"Andhra, North Indian, Chinese",600,Indian Rupees(Rs.),No,No,3.5,124
18306045,Percolator Coffee House,1,Vizag,"Mughlai, Chinese, Cafe, BBQ, Cajun",500,Indian Rupees(Rs.),No,No,3.6,84
2800897,Tea Trails,1,Vizag,Fast Food,500,Indian Rupees(Rs.),No,No,3.7,57
18285610,Six Degrees,1,Vizag,"South Indian, Chinese, Continental, Italian, North Indian",600,Indian Rupees(Rs.),No,No,4.1,75
2800128,Sea Inn - Raju Gaari Dhaba,1,Vizag,"Biryani, Andhra",450,Indian Rupees(Rs.),No,No,4.0,169
2800100,D Cabana,1,Vizag,"Continental, Seafood, Chinese, North Indian, Biryani",600,Indian Rupees(Rs.),No,No,3.6,193
2800418,Kaloreez,1,Vizag,"Cafe, North Indian, Chinese",400,Indian Rupees(Rs.),No,No,3.7,85
2800881,Plot 17,1,Vizag,"Burger, Pizza, Biryani",600,Indian Rupees(Rs.),No,No,4.3,172
2800042,Vista - The Park,1,Vizag,"American, North Indian, Thai, Continental",1500,Indian Rupees(Rs.),No,No,3.8,74
2800019,Flying Spaghetti Monster,1,Vizag,Italian,1400,Indian Rupees(Rs.),No,No,4.4,316
18400530,Noah's Barn Coffeenery,94,Bandung,"Cafe, Coffee and Tea, Western",150000,Indonesian Rupiah(IDR),No,No,4.2,22
7423620,Momo Milk,94,Bogor,"Cafe, Desserts, Beverages",70000,Indonesian Rupiah(IDR),No,No,3.7,783
7423482,Lemongrass,94,Bogor,"Peranakan, Indonesian",250000,Indonesian Rupiah(IDR),No,No,4.0,1159
7422633,Talaga Sampireun,94,Jakarta,"Sunda, Indonesian",200000,Indonesian Rupiah(IDR),No,No,4.9,1662
7405789,Toodz House,94,Jakarta,"Cafe, Italian, Coffee and Tea, Western, Indonesian",165000,Indonesian Rupiah(IDR),No,No,4.6,1476
18425821,OJJU,94,Jakarta,Korean,200000,Indonesian Rupiah(IDR),No,No,3.9,137
7422751,Union Deli,94,Jakarta,"Desserts, Bakery, Western",200000,Indonesian Rupiah(IDR),No,No,4.6,903
7402935,Skye,94,Jakarta,"Italian, Continental",800000,Indonesian Rupiah(IDR),No,No,4.1,1498
7410290,Satoo - Hotel Shangri-La,94,Jakarta,"Asian, Indonesian, Western",800000,Indonesian Rupiah(IDR),No,No,4.6,873
18391256,MONKS,94,Jakarta,"Western, Asian, Cafe",250000,Indonesian Rupiah(IDR),No,No,4.2,259
7400818,Zenbu,94,Jakarta,"Japanese, Sushi, Ramen",200000,Indonesian Rupiah(IDR),No,No,4.4,841
7420899,Sushi Masa,94,Jakarta,"Sushi, Japanese",500000,Indonesian Rupiah(IDR),No,No,4.9,605
18352452,Lucky Cat Coffee & Kitchen,94,Jakarta,"Cafe, Western",300000,Indonesian Rupiah(IDR),No,No,4.3,458
7421967,3 Wise Monkeys,94,Jakarta,Japanese,450000,Indonesian Rupiah(IDR),No,No,4.2,395
18370659,Flip Burger,94,Jakarta,Burger,120000,Indonesian Rupiah(IDR),No,No,4.4,410
7417455,Talaga Sampireun,94,Jakarta,"Sunda, Indonesian",200000,Indonesian Rupiah(IDR),No,No,4.9,1640
18409146,Fish Streat,94,Jakarta,"Seafood, Western",100000,Indonesian Rupiah(IDR),No,No,3.4,152
18408381,Fish Streat,94,Jakarta,"Seafood, Western",100000,Indonesian Rupiah(IDR),No,No,4.0,331
7422489,Avec Moi Restaurant and Bar,94,Jakarta,"French, Western",350000,Indonesian Rupiah(IDR),No,No,4.3,243
18386856,Onokabe,94,Tangerang,Indonesian,300000,Indonesian Rupiah(IDR),No,No,3.7,155
7417450,Talaga Sampireun,94,Tangerang,"Sunda, Indonesian",200000,Indonesian Rupiah(IDR),No,No,4.9,2212
18251260,Kiss Kiss,148,Auckland,Thai,40,NewZealand($),No,No,4.3,133
7000162,Giapo,148,Auckland,"Ice Cream, Desserts",20,NewZealand($),No,No,4.7,617
7001086,Milse,148,Auckland,Desserts,50,NewZealand($),No,No,4.9,754
7003855,Orleans,148,Auckland,American,65,NewZealand($),No,No,4.1,431
7000095,Depot Eatery and Oyster Bar,148,Auckland,"Seafood, Kiwi",90,NewZealand($),No,No,4.8,598
7003663,Federal Delicatessen,148,Auckland,"Cafe, American",60,NewZealand($),No,No,4.6,696
18217279,Miann,148,Auckland,Desserts,25,NewZealand($),No,No,4.9,281
7005582,Little Sister Cafe,148,Auckland,Cafe,45,NewZealand($),No,No,4.5,213
18419011,The Kimchi Project,148,Auckland,"Asian Fusion, Cafe",90,NewZealand($),No,No,4.2,61
7001208,De Fontein Belgian Beer Cafe,148,Auckland,European,100,NewZealand($),No,No,2.3,402
7005979,Chinoiserie,148,Auckland,"Taiwanese, Street Food",50,NewZealand($),No,No,4.4,223
7000992,Eden Noodles Cafe ?_???_?_?,148,Auckland,Chinese,35,NewZealand($),No,No,4.3,212
7001660,Frasers,148,Auckland,"Cafe, European",60,NewZealand($),No,No,4.0,381
7006107,The Garden Shed,148,Auckland,"Kiwi, European",90,NewZealand($),No,No,4.2,271
18383350,Tucks and Bao,148,Auckland,"Asian Fusion, Pub Food, Fusion, Asian, Filipino, Malaysian, Thai",70,NewZealand($),No,No,3.5,86
18450836,Winona Forever,148,Auckland,Cafe,50,NewZealand($),No,No,4.0,31
7006871,Big Fish Eatery,148,Auckland,"Asian, Sushi, Seafood",55,NewZealand($),No,No,4.5,166
7006421,PappaRich,148,Auckland,Malaysian,60,NewZealand($),No,No,4.0,414
7001670,Eight - The Langham Hotel,148,Auckland,European,190,NewZealand($),No,No,4.7,412
7003682,Baduzzi,148,Auckland,Italian,120,NewZealand($),No,No,4.6,413
7100468,Maranui Cafe,148,Wellington City,"Cafe, Kiwi",50,NewZealand($),No,No,4.3,127
7101378,Five Boroughs,148,Wellington City,American,60,NewZealand($),No,No,4.1,114
7101011,Ekim Burgers,148,Wellington City,Fast Food,25,NewZealand($),No,No,4.5,195
7100171,Ombra,148,Wellington City,Italian,70,NewZealand($),No,No,4.5,152
7101042,The Hangar,148,Wellington City,Cafe,50,NewZealand($),No,No,4.6,171
7101483,Burger Liquor,148,Wellington City,American,55,NewZealand($),No,No,4.1,116
7100478,Caffe L'affare,148,Wellington City,Cafe,50,NewZealand($),No,No,4.1,103
7100660,Dragonfly,148,Wellington City,Asian,100,NewZealand($),No,No,4.3,143
7100151,Enigma Cafe,148,Wellington City,"Cafe, Kiwi, Ice Cream, Desserts",50,NewZealand($),No,No,4.0,94
7100502,Fidel's,148,Wellington City,"Cafe, European, Mexican",50,NewZealand($),No,No,4.4,242
7100072,Fisherman's Plate,148,Wellington City,"Vietnamese, Fish and Chips",40,NewZealand($),No,No,4.3,96
7100811,Floriditas,148,Wellington City,"Italian, Cafe",105,NewZealand($),No,No,4.2,170
7100119,Hippopotamus - Museum Hotel,148,Wellington City,"French, Kiwi",200,NewZealand($),No,No,4.4,125
7100087,Little Penang,148,Wellington City,Malaysian,50,NewZealand($),No,No,4.4,161
7101310,Loretta,148,Wellington City,"European, Cafe",80,NewZealand($),No,No,4.2,113
7100535,Midnight Espresso,148,Wellington City,Cafe,40,NewZealand($),No,No,4.3,157
7101000,Olive,148,Wellington City,"Mediterranean, Cafe, European",80,NewZealand($),No,No,4.2,146
7100938,wagamama,148,Wellington City,"Japanese, Asian",70,NewZealand($),No,No,3.7,131
7101081,Charley Noble Eatery & Bar,148,Wellington City,European,110,NewZealand($),No,No,4.3,141
7100788,The Crab Shack,148,Wellington City,"Seafood, Kiwi",90,NewZealand($),No,No,4.1,229
6900714,Pepe's Piri Piri,215,Birmingham,Fast Food,10,Pounds(?),No,No,2.8,26
6900883,Ju Ju's Cafe,215,Birmingham,"Cafe, British",15,Pounds(?),No,No,3.7,13
6900374,Bank,215,Birmingham,"British, Steak",60,Pounds(?),Yes,No,4.0,133
6900224,Chaophraya,215,Birmingham,Thai,30,Pounds(?),Yes,No,3.9,22
6900160,Handmade Burger Co.,215,Birmingham,"Burger, American",35,Pounds(?),No,No,3.7,21
6900050,Jamie's Italian,215,Birmingham,Italian,50,Pounds(?),No,No,3.9,53
6900724,Bodega,215,Birmingham,Latin American,40,Pounds(?),No,No,4.6,100
6901081,San Carlo,215,Birmingham,Italian,45,Pounds(?),No,No,4.2,148
6900674,Purnell's,215,Birmingham,Contemporary,120,Pounds(?),No,No,4.5,265
6901062,The Warehouse Cafe,215,Birmingham,"British, Cafe",20,Pounds(?),No,No,3.8,38
6900669,Fiesta del Asado,215,Birmingham,"Latin American, Italian",50,Pounds(?),No,No,4.0,40
6900811,Istanbul Restaurant,215,Birmingham,Turkish,30,Pounds(?),No,No,3.6,9
6901051,The Plough,215,Birmingham,British,30,Pounds(?),No,No,4.2,55
6900388,Lasan Restaurant,215,Birmingham,Indian,80,Pounds(?),No,No,4.1,213
18273002,Damascena Coffee House,215,Birmingham,"Greek, Mediterranean, Middle Eastern",20,Pounds(?),No,No,0.0,3
6901231,Tipu Sultan,215,Birmingham,"Indian, Pakistani",45,Pounds(?),No,No,4.0,63
6901394,Jamjar,215,Birmingham,"Ice Cream, Desserts, Cafe",15,Pounds(?),No,No,3.1,11
6900843,Chennai Dosa,215,Birmingham,"Indian, South Indian",20,Pounds(?),No,No,3.8,55
6900992,Mughal E Azam,215,Birmingham,"Pakistani, Indian",45,Pounds(?),No,No,3.7,32
6900069,Bar Estilo,215,Birmingham,Mexican,20,Pounds(?),No,No,4.0,93
7600803,Loudons Cafe & Bakery,215,Edinburgh,"Cafe, Bakery",30,Pounds(?),No,No,3.9,63
7600217,La Favorita,215,Edinburgh,Italian,30,Pounds(?),No,No,4.5,329
7600902,Mimi's Bakehouse,215,Edinburgh,"Cafe, Bakery, Desserts",35,Pounds(?),No,No,4.6,130
7601577,Roseleaf Bar Cafe,215,Edinburgh,"Scottish, Cafe",45,Pounds(?),No,No,4.7,163
7601241,The Kitchin,215,Edinburgh,"British, French",90,Pounds(?),No,No,4.4,275
7602204,El Cartel,215,Edinburgh,Mexican,30,Pounds(?),No,No,3.8,31
7601102,Chaophraya,215,Edinburgh,Thai,50,Pounds(?),Yes,No,4.3,61
7600062,Hard Rock Cafe,215,Edinburgh,American,40,Pounds(?),No,No,4.0,154
7602340,The Boozy Cow,215,Edinburgh,"Burger, Grill",40,Pounds(?),No,No,4.0,36
7601106,10 To 10 In Delhi,215,Edinburgh,"Indian, Cafe",20,Pounds(?),No,No,3.8,73
7602219,Bentoya,215,Edinburgh,"Sushi, Japanese, Cantonese",25,Pounds(?),No,No,3.8,32
7602224,Civerinos,215,Edinburgh,"Pizza, Italian",35,Pounds(?),No,No,3.7,27
7600471,The Elephant House,215,Edinburgh,Cafe,30,Pounds(?),No,No,3.9,81
7600118,The Hanging Bat,215,Edinburgh,American,35,Pounds(?),No,No,3.5,31
7600097,Love Crumbs,215,Edinburgh,"Bakery, Cafe",15,Pounds(?),No,No,4.1,57
7600188,Mother India's Cafe,215,Edinburgh,Indian,25,Pounds(?),No,No,4.4,279
7600914,The Witchery & The Secret Garden,215,Edinburgh,"British, Scottish, Seafood",100,Pounds(?),Yes,No,4.1,200
7601024,Ting Thai Caravan,215,Edinburgh,"Thai, Asian",20,Pounds(?),No,No,4.1,84
7601177,Tuk Tuk Indian Street Food,215,Edinburgh,"Indian, Street Food",20,Pounds(?),No,No,4.0,76
7600921,Steak,215,Edinburgh,"Steak, Scottish, British",55,Pounds(?),No,No,4.2,64
6118140,Gymkhana,215,London,"Indian, Pakistani, Curry",80,Pounds(?),Yes,No,4.7,214
6103683,Bocca Di Lupo,215,London,Italian,45,Pounds(?),No,No,4.5,571
6114338,Flat Iron,215,London,Steak,35,Pounds(?),No,No,4.9,309
6114829,Duck & Waffle,215,London,British,55,Pounds(?),No,No,4.9,706
6103922,Dishoom,215,London,"Indian, Cafe, Curry",55,Pounds(?),No,No,4.5,305
6103902,Yauatcha,215,London,"Chinese, Dim Sum",90,Pounds(?),Yes,No,4.7,1326
6103255,Roka,215,London,"Japanese, Sushi",60,Pounds(?),No,No,4.6,436
6113680,Restaurant Gordon Ramsay,215,London,French,230,Pounds(?),No,No,4.7,320
6113857,sketch Gallery,215,London,"British, Contemporary",100,Pounds(?),No,No,4.5,148
6100054,Masala Zone,215,London,"Indian, Curry",30,Pounds(?),Yes,No,4.1,316
6102615,The Breakfast Club,215,London,"American, Burger",40,Pounds(?),No,No,4.5,313
6127163,Bao,215,London,"Taiwanese, Street Food",20,Pounds(?),No,No,4.9,161
6117406,Five Guys,215,London,"American, Burger",30,Pounds(?),No,No,3.8,400
6102866,Hakkasan,215,London,"Chinese, Dim Sum",120,Pounds(?),Yes,No,4.8,395
6103868,Nobu,215,London,"Japanese, Sushi",100,Pounds(?),Yes,No,4.4,311
6104220,Roti Chai,215,London,"Indian, Street Food",45,Pounds(?),Yes,No,4.5,367
6117859,Shake Shack,215,London,"American, Burger",30,Pounds(?),No,No,4.1,473
6103211,Dishoom,215,London,"Indian, North Indian, Curry, Cafe",35,Pounds(?),No,No,4.7,964
6101881,Jamie's Italian,215,London,Italian,50,Pounds(?),No,No,4.3,271
6113973,Bone Daddies,215,London,"Ramen, Japanese",40,Pounds(?),No,No,4.6,418
6800280,Monolos Playhouse Restaurant,215,Manchester,"American, Fast Food, Desserts, Steak",30,Pounds(?),No,No,3.3,14
6800443,Santos,215,Manchester,"Pizza, Fast Food",20,Pounds(?),No,No,3.3,23
6801867,Manchester House,215,Manchester,British,85,Pounds(?),No,No,4.0,52
6800235,The Grill On The Alley,215,Manchester,"Steak, Seafood, Grill",55,Pounds(?),No,No,4.4,704
6801051,Nawaab,215,Manchester,"Pakistani, Indian, Afghani, Curry",35,Pounds(?),No,No,3.9,150
6800577,Jamie's Italian,215,Manchester,Italian,50,Pounds(?),No,No,3.9,88
6800569,Chaophraya,215,Manchester,Thai,70,Pounds(?),Yes,No,4.3,422
6801374,Solita,215,Manchester,"American, Burger, Grill",50,Pounds(?),No,No,4.9,162
6801963,Almost Famous Burgers,215,Manchester,"Burger, American",40,Pounds(?),No,No,4.0,86
6801329,Home Sweet Home,215,Manchester,"British, Burger, Cafe",30,Pounds(?),No,No,4.1,82
6801395,Teacup,215,Manchester,"British, Contemporary",45,Pounds(?),No,No,4.1,98
6800538,Archies,215,Manchester,"Fast Food, American",15,Pounds(?),No,No,3.4,25
6800593,Zouk Tea Bar & Grill,215,Manchester,"Indian, Seafood",50,Pounds(?),No,No,3.6,101
6800908,Mughli,215,Manchester,"Indian, Curry",35,Pounds(?),No,No,4.5,110
6800678,Lahore,215,Manchester,"Indian, Grill",25,Pounds(?),No,No,3.7,48
6800892,Gaucho,215,Manchester,"Argentine, American",80,Pounds(?),No,No,4.5,602
6800263,Akbars,215,Manchester,Indian,30,Pounds(?),No,No,4.2,383
6801039,San Carlo,215,Manchester,Italian,25,Pounds(?),No,No,4.3,745
6801873,Mr Cooper's House & Garden - The Midland,215,Manchester,"European, Mediterranean, Contemporary",55,Pounds(?),Yes,No,4.2,67
6800782,The French by Simon Rogan - The Midland,215,Manchester,French,160,Pounds(?),No,No,4.3,114
18426586,7st by Mumbai Spices,166,Doha,"Indian, Street Food",150,Qatari Rial(QR),No,No,3.4,74
6201976,Indian Coffee House,166,Doha,Indian,80,Qatari Rial(QR),No,No,3.4,350
18107765,Zaffran Dining Experience,166,Doha,Indian,300,Qatari Rial(QR),No,No,4.6,348
6201309,MRA Bakery Sweets & Restaurant,166,Doha,"Kerala, Indian, Chinese, Bakery",60,Qatari Rial(QR),No,No,4.0,322
6201312,Zaoq,166,Doha,Pakistani,170,Qatari Rial(QR),No,No,4.2,189
6200110,Aalishan,166,Doha,"North Indian, Chinese, Turkish",100,Qatari Rial(QR),No,No,3.8,263
6200383,Applebee's,166,Doha,"American, Tex-Mex",220,Qatari Rial(QR),No,No,3.8,155
6202039,Mainland China Restaurant,166,Doha,Chinese,250,Qatari Rial(QR),No,No,4.9,182
6201336,Ponderosa,166,Doha,Steak,110,Qatari Rial(QR),No,No,3.6,115
6202515,Gokul Gujarati Restaurant,166,Doha,Indian,50,Qatari Rial(QR),No,No,4.3,211
17957917,The Manhattan FISH MARKET,166,Doha,"Seafood, American",150,Qatari Rial(QR),No,No,4.0,180
6201431,Coral - InterContinental Doha,166,Doha,International,500,Qatari Rial(QR),No,No,3.7,58
18425995,Texas Roadhouse,166,Doha,"Steak, American",250,Qatari Rial(QR),No,No,4.0,41
17957911,Punjab Restaurant,166,Doha,Pakistani,80,Qatari Rial(QR),No,No,3.8,83
18295472,Gymkhana,166,Doha,Indian,250,Qatari Rial(QR),Yes,No,4.7,114
6201972,Eatopia,166,Doha,"European, Arabian, Japanese, Bakery, Desserts",200,Qatari Rial(QR),No,No,3.9,197
6201130,Vine - The St. Regis,166,Doha,International,550,Qatari Rial(QR),No,No,4.4,67
18261203,Sabai Thai - The Westin Doha Hotel & Spa,166,Doha,Thai,445,Qatari Rial(QR),No,No,4.3,73
6201360,Paper Moon,166,Doha,Italian,400,Qatari Rial(QR),No,No,4.5,145
18318801,Roti & Boti,166,Doha,Indian,160,Qatari Rial(QR),No,No,3.9,109
18395463,The Butcher's Wife,189,Cape Town,"Pizza, Grill",294,Rand(R),No,No,3.7,22
18337845,Coco Safar,189,Cape Town,"Cafe, Patisserie",300,Rand(R),No,No,4.1,88
6401732,La Parada,189,Cape Town,"Spanish, Tapas",360,Rand(R),No,No,3.7,255
6401060,Jason Bakery,189,Cape Town,"Cafe, Bakery",180,Rand(R),No,No,4.2,266
6400421,Truth Coffee,189,Cape Town,Cafe,150,Rand(R),No,No,4.4,514
6402177,Salushi,189,Cape Town,"Japanese, Sushi, Asian",250,Rand(R),No,No,3.9,239
6401198,Origin Coffee Roasting,189,Cape Town,"Cafe, Bakery, Tea, Vegetarian",200,Rand(R),No,No,4.0,185
6401054,Kloof Street House,189,Cape Town,Mediterranean,350,Rand(R),No,No,4.5,356
6403291,Jerry's Burger Bar,189,Cape Town,"Burger, American",250,Rand(R),No,No,4.4,281
6403499,Active Sushi,189,Cape Town,Sushi,250,Rand(R),No,No,3.8,127
6400191,Beluga,189,Cape Town,"Seafood, Asian, Grill, Sushi",500,Rand(R),No,No,3.8,619
6404082,Rocomamas,189,Cape Town,"Burger, Fast Food, Grill",250,Rand(R),No,No,3.6,131
6401485,The Creamery,189,Cape Town,"Desserts, Ice Cream",110,Rand(R),No,No,4.5,328
6400621,Nobu - One&Only,189,Cape Town,"Japanese, Asian, Seafood, Sushi",535,Rand(R),Yes,No,4.0,110
6403544,Jarryds,189,Cape Town,"Cafe, Burger",230,Rand(R),No,No,4.8,319
6403452,My Sugar,189,Cape Town,"Cafe, Patisserie, Bakery, Desserts",125,Rand(R),No,No,4.4,157
6402163,Grand Caf? & Beach,189,Cape Town,"Seafood, African, Sushi",450,Rand(R),No,No,3.8,280
6401789,tashas,189,Cape Town,"Cafe, Mediterranean",320,Rand(R),No,No,4.1,374
6400235,Gibson's Gourmet Burgers & Ribs,189,Cape Town,"Burger, American, Grill",270,Rand(R),No,No,4.1,298
6400217,Willoughby & Co.,189,Cape Town,"Seafood, Japanese, Sushi",570,Rand(R),No,No,4.4,466
6501534,Cube - Tasting Kitchen,189,Inner City,"European, Contemporary",1540,Rand(R),No,No,4.9,441
18339373,Urbanologi,189,Inner City,Tapas,700,Rand(R),No,No,4.9,194
6517396,Momo Baohaus,189,Johannesburg,"Asian, Sushi, Tapas",300,Rand(R),No,No,4.3,180
6502688,Craft,189,Johannesburg,"European, Pizza",350,Rand(R),No,No,4.1,1207
6515130,Hudsons,189,Johannesburg,"Burger, Finger Food, Pizza",350,Rand(R),No,No,4.0,861
6502341,The Wolfpack,189,Johannesburg,"American, Burger",350,Rand(R),No,No,4.1,1024
6516766,The National,189,Johannesburg,American,515,Rand(R),Yes,No,4.2,212
18370704,Marble,189,Johannesburg,"Continental, South African, Beverages, Desserts, Seafood, Grill, Ice Cream, International",955,Rand(R),No,No,4.5,222
75027,Kream,189,Pretoria,African,450,Rand(R),No,No,4.7,373
18199767,Carbon Bistro,189,Pretoria,"Burger, Steak, Seafood",360,Rand(R),No,No,4.1,84
75031,Geet Indian Restaurant,189,Pretoria,Indian,320,Rand(R),No,No,4.4,147
75728,Blos Cafe,189,Pretoria,"Cafe, Burger, Tapas, South African, European, Grill",390,Rand(R),No,No,3.9,150
18445944,The Belgian Triple,189,Pretoria,"Healthy Food, Seafood, Beverages, Belgian, Contemporary, Desserts, Finger Food, International",500,Rand(R),No,No,4.2,20
18199742,El Pistolero,189,Pretoria,Mexican,300,Rand(R),No,No,4.3,116
18238595,Brooklyn Brothers,189,Pretoria,"Burger, American, Beverages",300,Rand(R),No,No,3.8,57
75609,Capital Craft Beer Academy,189,Pretoria,"Street Food, Burger, American, Finger Food, German",200,Rand(R),No,No,4.4,301
18318846,Spice - The Indian Kitchen,189,Pretoria,"Indian, Asian, Durban, International, Desserts",320,Rand(R),No,No,4.3,43
75380,The Black Bamboo,189,Pretoria,Continental,600,Rand(R),No,No,4.4,84
18376948,Old Town Italy,189,Pretoria,"Cafe, Italian, Pizza, European, Bakery, Deli",400,Rand(R),No,No,3.9,153
75104,Parrot's,189,Pretoria,"Contemporary, Sushi, Grill, Italian, Steak",200,Rand(R),No,No,3.4,111
75026,Baobab Cafe & Grill,189,Pretoria,"Cafe, Grill",410,Rand(R),No,No,4.0,235
75576,Harissa Bistro,189,Pretoria,"European, South African, Steak",450,Rand(R),No,No,4.5,287
75764,Life Grand Cafe,189,Pretoria,"Italian, Mediterranean, Sushi, Desserts",400,Rand(R),No,No,4.1,232
75132,Crawdaddy's,189,Pretoria,"Continental, Seafood, Burger, South African, Finger Food, Grill",250,Rand(R),No,No,4.0,158
18289339,Culture Club - Bar De Tapas,189,Pretoria,"Cafe, Tapas, South African, Beverages, Healthy Food, Desserts, Spanish",285,Rand(R),No,No,4.5,97
75683,23 On Hazelwood,189,Pretoria,"Street Food, Continental, Burger, Grill",250,Rand(R),No,No,3.9,135
18136493,Hogshead,189,Pretoria,"Grill, Burger",250,Rand(R),No,No,4.1,258
75989,Restaurant Mosaic @ The Orient,189,Pretoria,French,3210,Rand(R),No,No,4.9,85
6502134,The Whippet,189,Randburg,Cafe,200,Rand(R),No,No,4.3,618
18204217,Gemelli Cucina Bar,189,Sandton,"Contemporary, Italian",450,Rand(R),No,No,4.8,542
6502852,Social on Main,189,Sandton,"Contemporary, Burger, European",250,Rand(R),No,No,4.0,504
6515339,Cafe Del Sol Botanico,189,Sandton,"Italian, Pizza, Beverages, Desserts, Grill, Seafood",400,Rand(R),No,No,4.4,499
6502883,Perron,189,Sandton,Mexican,250,Rand(R),No,No,4.2,581
6517568,Jamie's Italian,189,Sandton,Italian,400,Rand(R),No,No,4.1,251
6516831,The Big Mouth,189,Sandton,"Grill, Steak, Burger, Sushi, Tapas",400,Rand(R),No,No,4.3,430
6501141,Licorish Bistro,189,Sandton,"European, South African",545,Rand(R),No,No,4.6,892
6516432,Salsa Mexican Grill,189,Sandton,Mexican,330,Rand(R),No,No,4.3,488
6517404,The Smokehouse and Grill,189,Sandton,Steak,300,Rand(R),No,No,4.4,90
6515135,Escondido Tapas,189,Sandton,Mediterranean,450,Rand(R),No,No,4.4,743
6502857,Remo's Maximilliano,189,Sandton,"Italian, Pizza",360,Rand(R),No,No,3.8,390
5800557,Chinese Dragon Cafe,191,Colombo,Chinese,2000,Sri Lankan Rupee(LKR),No,No,3.4,118
5800634,Elite Indian Restaurant,191,Colombo,"North Indian, Chinese, Sri Lankan",1800,Sri Lankan Rupee(LKR),No,No,2.4,240
5800567,CIOCONAT Lounge,191,Colombo,"Italian, Cafe, Desserts",2500,Sri Lankan Rupee(LKR),No,No,3.7,157
5800891,The Paddington,191,Colombo,"Cafe, Italian",2000,Sri Lankan Rupee(LKR),No,No,3.6,83
5800590,The Commons,191,Colombo,"Cafe, Sri Lankan, Continental, American",2500,Sri Lankan Rupee(LKR),No,No,4.0,209
5800755,Upali's,191,Colombo,Sri Lankan,2500,Sri Lankan Rupee(LKR),No,No,4.0,114
5800515,Malay Restaurant,191,Colombo,"Malaysian, North Indian, Sri Lankan",1500,Sri Lankan Rupee(LKR),No,No,3.5,80
5800746,T.G.I. Friday's,191,Colombo,"American, Steak",4000,Sri Lankan Rupee(LKR),No,No,4.0,166
5800718,Simply Strawberries By Jagro,191,Colombo,"Juices, Desserts",1300,Sri Lankan Rupee(LKR),No,No,4.5,146
5800758,Cafe Shaze,191,Colombo,"Cafe, Fast Food, Beverages",3500,Sri Lankan Rupee(LKR),No,No,3.8,81
5800156,Queen's Cafe,191,Colombo,"American, Chinese, North Indian",2000,Sri Lankan Rupee(LKR),No,No,2.5,93
5801078,Arabian Knights,191,Colombo,"Middle Eastern, Arabian",2400,Sri Lankan Rupee(LKR),No,No,4.2,158
5801970,Butter Boutique,191,Colombo,"Desserts, Bakery",1000,Sri Lankan Rupee(LKR),No,No,4.2,49
5800144,Carnival Ice Cream,191,Colombo,"Desserts, Ice Cream",1000,Sri Lankan Rupee(LKR),No,No,4.1,122
5800316,Cricket Club Cafe,191,Colombo,"Continental, American, Seafood",3000,Sri Lankan Rupee(LKR),No,No,4.2,171
5800710,The Manhattan Fish Market,191,Colombo,"Seafood, Italian",4500,Sri Lankan Rupee(LKR),No,No,4.0,196
5800433,The Sizzle,191,Colombo,"American, Fast Food, Steak, Beverages",3000,Sri Lankan Rupee(LKR),No,No,4.2,286
5800176,Ministry of Crab,191,Colombo,Seafood,4000,Sri Lankan Rupee(LKR),No,No,4.9,203
5801321,Cafe Beverly,191,Colombo,"Continental, American",2000,Sri Lankan Rupee(LKR),No,No,4.1,58
5800612,Burger's King,191,Colombo,Fast Food,1000,Sri Lankan Rupee(LKR),No,No,4.1,199
6001980,Timboo Cafe,208,Ankara,Cafe,70,Turkish Lira(TL),No,No,4.2,134
6000168,Hattena Hatay  Sofras?,208,Ankara,Kebab,70,Turkish Lira(TL),No,No,4.6,124
6000447,Masaba?? Kebap??s?,208,Ankara,"Kebab, Turkish Pizza",100,Turkish Lira(TL),No,No,4.2,212
6004408,Turta Home Cafe,208,Ankara,"Cafe, Desserts",35,Turkish Lira(TL),No,No,4.3,126
6003426,Liva,208,Ankara,"Patisserie, Coffee and Tea",50,Turkish Lira(TL),No,No,3.4,115
6000549,Me?hur Tavac? Recep Usta,208,Ankara,Kebab,100,Turkish Lira(TL),No,No,4.5,231
6000871,?ukura?a Sofras?,208,Ankara,"Kebab, Izgara",60,Turkish Lira(TL),No,No,4.4,296
6004011,Gaga Manjero,208,Ankara,World Cuisine,80,Turkish Lira(TL),No,No,4.9,95
6000409,Cafemiz,208,Ankara,"World Cuisine, Mexican, Italian",150,Turkish Lira(TL),No,No,4.4,115
6000019,Nusr-Et,208,Ankara,Steak,400,Turkish Lira(TL),No,No,4.1,97
6001537,Kebap 49,208,Ankara,"Kebab, Turkish Pizza",60,Turkish Lira(TL),No,No,4.3,106
6003668,Timboo Cafe,208,Ankara,Cafe,70,Turkish Lira(TL),No,No,4.2,79
6001748,Me?hur ?z?elik Aspava,208,Ankara,"Kebab, Turkish Pizza",40,Turkish Lira(TL),No,No,4.6,109
6001757,Y?ld?z Aspava,208,Ankara,"Kebab, Turkish Pizza, D?ner",50,Turkish Lira(TL),No,No,4.4,72
6000747,The Bigos,208,Ankara,Cafe,80,Turkish Lira(TL),No,No,3.8,123
6002025,Masaba??,208,Ankara,"Kebab, Turkish Pizza",100,Turkish Lira(TL),No,No,4.2,103
6003879,Zigana Pide,208,Ankara,Turkish Pizza,50,Turkish Lira(TL),No,No,4.3,103
6004089,D?vero?lu,208,Ankara,"Kebab, Desserts, Turkish Pizza",70,Turkish Lira(TL),No,No,4.4,131
6000921,D?vero?lu,208,Ankara,"Kebab, Desserts, Turkish Pizza",70,Turkish Lira(TL),No,No,4.2,152
6004813,Pizza ?l Forno,208,Ankara,Pizza,40,Turkish Lira(TL),No,No,4.7,104
5904116,J'adore Chocolatier,208,?stanbul,Desserts,50,Turkish Lira(TL),No,No,4.7,1311
5901782,Starbucks,208,?stanbul,Cafe,30,Turkish Lira(TL),No,No,4.9,1042
5902117,Valonia,208,?stanbul,"Restaurant Cafe, Desserts",80,Turkish Lira(TL),No,No,4.2,874
5927248,Draft Gastro Pub,208,?stanbul,Bar Food,130,Turkish Lira(TL),No,No,4.9,522
5905215,Emirgan S?ti?,208,?stanbul,"Restaurant Cafe, Turkish, Desserts",75,Turkish Lira(TL),No,No,4.2,877
5926979,Leman K?lt?r,208,?stanbul,Restaurant Cafe,80,Turkish Lira(TL),No,No,3.7,506
5916085,Dem Karak?y,208,?stanbul,Cafe,35,Turkish Lira(TL),No,No,4.5,761
5915547,Karak?y G?ll?o?lu,208,?stanbul,"Desserts, B?rek",40,Turkish Lira(TL),No,No,4.7,1305
5915054,Baltazar,208,?stanbul,"Burger, Izgara",90,Turkish Lira(TL),No,No,4.3,870
5915730,Naml? Gurme,208,?stanbul,Turkish,80,Turkish Lira(TL),No,No,4.1,788
5908749,Ceviz A?ac?,208,?stanbul,"World Cuisine, Patisserie, Cafe",105,Turkish Lira(TL),No,No,4.2,1034
5915807,Huqqa,208,?stanbul,"Italian, World Cuisine",170,Turkish Lira(TL),No,No,3.7,661
5916112,A??k Kahve,208,?stanbul,Restaurant Cafe,120,Turkish Lira(TL),No,No,4.0,901
5927402,Walter's Coffee Roastery,208,?stanbul,Cafe,55,Turkish Lira(TL),No,No,4.0,591
